position_id,token_address,token_symbol,代币地址,代币符号,status,paper_entry_time,entry_time,paper_entry_price,entry_price,entry_quote_source,paper_size_sol,position_sol,paper_size_usd,estimated_token_amount,candidate_discovered_at,discovery_market_cap_usd,signal_time,signal_level,signal_type,signal_market_cap_usd,wallet_decision_time,wallet_structure_status,wallet_structure_score,wallet_risk_score,counterparty_pressure_score,data_quality_score,entry_market_cap_usd,entry_liquidity_usd,entry_holder_count,entry_delay_from_discovery_sec,entry_delay_from_signal_sec,entry_market_cap_change_from_discovery_pct,entry_market_cap_change_from_signal_pct,market_cap_context_status,wallet_exit_action,wallet_exit_trigger_time,wallet_exit_trigger_type,shadow_hold_tracking,shadow_hold_price_15m,shadow_hold_price_30m,shadow_hold_price_60m,missed_profit_pct,avoided_drawdown_pct,false_exit_flag,最终收益率_pct,exit_reason,remaining_pct,stop_price,take_profit_rules,triggered_tps,max_price,min_price,last_price,last_update_time,strategy_type,quote_security_state,scope_note,最大浮盈_pct,最大浮亏_pct,已触发止盈次数,当前收益率_pct,exit_time,exit_price,wallet_position_action,failure_type,failure_reason,wallet_structure_factor,wallet_structure_reason,wallet_evidence_level,entry_price_mode,signal_entry_price,live_entry_price,signal_pnl_pct,live_pnl_pct,entry_price_diff_pct,cost_model,cost_buffer_pct,wallet_exit_monitor_reason,entry_raw_quote_price,entry_simulated_price,entry_slippage_pct,entry_fee_sol,discovery_liquidity_usd,discovery_holder_count,discovery_source,signal_price,wallet_decision_market_cap_usd,paper_entry_market_cap_usd,paper_entry_snapshot
paper-F8R8VWgiKHvpEh13DFtKsk5PSN7vMzzvP5mmLLUspump-2026-05-02T03:19:42Z,,,F8R8VWgiKHvpEh13DFtKsk5PSN7vMzzvP5mmLLUspump,lolcat,CLOSED,,2026-05-01 14:52:00 UTC,,3.4589665e-05,,,0.150147,,,,,,S4_强确认信号,,,,,,,,,,,,,,,,,,,,,,,,,,,343.0812,钱包结构触发纸面强制退出,25.0,2.883035936e-05,"[{'触发收益率': 50, '卖出比例': 25, '说明': '+50% 卖出 25%，回收部分风险'}, {'触发收益率': 100, '卖出比例': 25, '说明': '+100% 再卖出 25%'}, {'触发收益率': 200, '卖出比例': 25, '说明': '+200% 再卖出 25%，剩余跟踪'}]","[{'触发收益率': 50, '卖出比例': 25, '说明': '+50% 卖出 25%，回收部分风险', '触发时间': '2026-05-02T03:19:42Z', '触发价格': 0.000137839553108327}, {'触发收益率': 100, '卖出比例': 25, '说明': '+100% 再卖出 25%', '触发时间': '2026-05-02T03:19:42Z', '触发价格': 0.000137839553108327}, {'触发收益率': 200, '卖出比例': 25, '说明': '+200% 再卖出 25%，剩余跟踪', '触发时间': '2026-05-02T03:19:42Z', '触发价格': 0.000137839553108327}]",0.000137839553108327,3.4589665e-05,0.000137839553108327,2026-05-02T03:19:42Z,SIKK-B 控盘箱体突破回踩,READY_FOR_CONFIRMATION,钱包结构触发纸面退出；不执行真实 swap。,298.4992,0.0,3,298.4992,2026-05-02T06:57:00Z,0.00015326031261579282,FORCE_PAPER_EXIT,STRUCTURE_WEAKENING,钱包结构状态变为 WALLET_BLOCK，纸面阶段直接模拟退出,,,,,,,,,,,,,,,,,,,,,,,
paper-ARea51UmRfn22Ds7KwFZirSMEEn1gtBdrhW4zLeveeV1-2026-05-02T03:19:42Z,,,ARea51UmRfn22Ds7KwFZirSMEEn1gtBdrhW4zLeveeV1,AALIEN,CLOSED,,2026-04-30 16:34:00 UTC,,4.8220098e-05,,,0.185696,,,,,,S4_强确认信号,,,,,,,,,,,,,,,,,,,,,,,,,,,497.2784,钱包结构触发纸面强制退出,25.0,4.1728307712e-05,"[{'触发收益率': 50, '卖出比例': 25, '说明': '+50% 卖出 25%，回收部分风险'}, {'触发收益率': 100, '卖出比例': 25, '说明': '+100% 再卖出 25%'}, {'触发收益率': 200, '卖出比例': 25, '说明': '+200% 再卖出 25%，剩余跟踪'}]","[{'触发收益率': 50, '卖出比例': 25, '说明': '+50% 卖出 25%，回收部分风险', '触发时间': '2026-05-02T03:19:42Z', '触发价格': 0.00020863885422318695}, {'触发收益率': 100, '卖出比例': 25, '说明': '+100% 再卖出 25%', '触发时间': '2026-05-02T03:19:42Z', '触发价格': 0.00020863885422318695}, {'触发收益率': 200, '卖出比例': 25, '说明': '+200% 再卖出 25%，剩余跟踪', '触发时间': '2026-05-02T03:19:42Z', '触发价格': 0.00020863885422318695}]",0.00020863885422318695,4.8220098e-05,0.00020863885422318695,2026-05-02T03:19:42Z,SIKK-B 控盘箱体突破回踩,READY_FOR_CONFIRMATION,钱包结构触发纸面退出；不执行真实 swap。,332.6803,0.0,3,332.6803,2026-05-02T06:57:00Z,0.0002880082143462862,FORCE_PAPER_EXIT,STRUCTURE_WEAKENING,钱包结构状态变为 WALLET_BLOCK，纸面阶段直接模拟退出,,,,,,,,,,,,,,,,,,,,,,,
paper-9KrdYnHHrsWYpWMxyzbmmrjcXRr7ERWpB3byNeb1pump-2026-05-02T03:19:42Z,,,9KrdYnHHrsWYpWMxyzbmmrjcXRr7ERWpB3byNeb1pump,UNIPUMP,CLOSED,,2026-05-01 19:01:00 UTC,,0.00021903091,,,0.125662,,,,,,S4_强确认信号,,,,,,,,,,,,,,,,,,,,,,,,,,,13.0025,钱包结构触发纸面强制退出,100.0,0.00017545544616,"[{'触发收益率': 50, '卖出比例': 25, '说明': '+50% 卖出 25%，回收部分风险'}, {'触发收益率': 100, '卖出比例': 25, '说明': '+100% 再卖出 25%'}, {'触发收益率': 200, '卖出比例': 25, '说明': '+200% 再卖出 25%，剩余跟踪'}]",[],0.0002233075552319303,0.00021903091,0.0002233075552319303,2026-05-02T03:19:42Z,SIKK-B 控盘箱体突破回踩,READY_FOR_CONFIRMATION,钱包结构触发纸面退出；不执行真实 swap。,1.9525,0.0,0,1.9525,2026-05-02T06:57:00Z,0.00024751036838727933,FORCE_PAPER_EXIT,STRUCTURE_WEAKENING,钱包结构状态变为 WALLET_BLOCK，纸面阶段直接模拟退出,,,,,,,,,,,,,,,,,,,,,,,
paper-C1FjBybKVyatJcJ8JDd7VunSjVkmsb3m1p6q3qvHpump-2026-05-02T03:19:42Z,,,C1FjBybKVyatJcJ8JDd7VunSjVkmsb3m1p6q3qvHpump,1000x,CLOSED,,2026-04-28 23:11:00 UTC,,0.00017055563,,,0.060928,,,,,,S4_强确认信号,,,,,,,,,,,,,,,,,,,,,,,,,,,-4.3929,钱包结构触发纸面强制退出,100.0,0.00010057334932,"[{'触发收益率': 50, '卖出比例': 25, '说明': '+50% 卖出 25%，回收部分风险'}, {'触发收益率': 100, '卖出比例': 25, '说明': '+100% 再卖出 25%'}, {'触发收益率': 200, '卖出比例': 25, '说明': '+200% 再卖出 25%，剩余跟踪'}]",[],0.00017055563,0.00011784940258432513,0.0001610443243208782,2026-05-02T11:52:25Z,SIKK-B 控盘箱体突破回踩,READY_FOR_CONFIRMATION,钱包结构触发纸面退出；不执行真实 swap。,0.0,-30.9027,0,-5.5767,2026-05-02T12:20:12Z,0.00016306336238448458,FORCE_PAPER_EXIT,STRUCTURE_WEAKENING,钱包结构状态变为 WALLET_BLOCK，纸面阶段直接模拟退出,,,,,,,,,,,,,,,,,,,,,,,
paper-F8R8VWgiKHvpEh13DFtKsk5PSN7vMzzvP5mmLLUspump-2026-05-02T13:54:47Z,,,F8R8VWgiKHvpEh13DFtKsk5PSN7vMzzvP5mmLLUspump,lolcat,CLOSED,,2026-05-01 14:52:00 UTC,,3.4589665e-05,,,0.150147,,,,,,S4_强确认信号,,,,WALLET_BLOCK,48.0,100.0,100.0,,,,,,,,,,,,,,,,,,,,160.8413,钱包结构触发纸面强制退出,25.0,2.883035936e-05,"[{'触发收益率': 50, '卖出比例': 25, '说明': '+50% 卖出 25%，回收部分风险'}, {'触发收益率': 100, '卖出比例': 25, '说明': '+100% 再卖出 25%'}, {'触发收益率': 200, '卖出比例': 25, '说明': '+200% 再卖出 25%，剩余跟踪'}]","[{'触发收益率': 50, '卖出比例': 25, '说明': '+50% 卖出 25%，回收部分风险', '触发时间': '2026-05-02T13:54:47Z', '触发价格': 0.00012134852304215285}, {'触发收益率': 100, '卖出比例': 25, '说明': '+100% 再卖出 25%', '触发时间': '2026-05-02T13:54:47Z', '触发价格': 0.00012134852304215285}, {'触发收益率': 200, '卖出比例': 25, '说明': '+200% 再卖出 25%，剩余跟踪', '触发时间': '2026-05-02T13:54:47Z', '触发价格': 0.00012134852304215285}]",0.00012134852304215285,3.4589665e-05,0.00012134852304215285,2026-05-02T13:54:47Z,SIKK-B 控盘箱体突破回踩,READY_FOR_CONFIRMATION,钱包结构触发纸面退出；不执行真实 swap。,250.8231,0.0,3,250.8231,2026-05-02T17:22:43Z,9.022412796068749e-05,FORCE_PAPER_EXIT,STRUCTURE_WEAKENING,钱包结构状态变为 WALLET_BLOCK，纸面阶段直接模拟退出,1.0,发现分发侧钱包 8 个；对手盘压力高，接盘/套牢筹码占比偏高,E3,,,,,,,,,,,,,,,,,,,,
paper-ARea51UmRfn22Ds7KwFZirSMEEn1gtBdrhW4zLeveeV1-2026-05-02T13:54:47Z,,,ARea51UmRfn22Ds7KwFZirSMEEn1gtBdrhW4zLeveeV1,AALIEN,CLOSED,,2026-04-30 16:34:00 UTC,,4.8220098e-05,,,0.185696,,,,,,S4_强确认信号,,,,WALLET_BLOCK,32.0,100.0,100.0,,,,,,,,,,,,,,,,,,,,679.3995,钱包结构触发纸面强制退出,25.0,4.1728307712e-05,"[{'触发收益率': 50, '卖出比例': 25, '说明': '+50% 卖出 25%，回收部分风险'}, {'触发收益率': 100, '卖出比例': 25, '说明': '+100% 再卖出 25%'}, {'触发收益率': 200, '卖出比例': 25, '说明': '+200% 再卖出 25%，剩余跟踪'}]","[{'触发收益率': 50, '卖出比例': 25, '说明': '+50% 卖出 25%，回收部分风险', '触发时间': '2026-05-02T13:54:47Z', '触发价格': 0.00033029514495816286}, {'触发收益率': 100, '卖出比例': 25, '说明': '+100% 再卖出 25%', '触发时间': '2026-05-02T13:54:47Z', '触发价格': 0.00033029514495816286}, {'触发收益率': 200, '卖出比例': 25, '说明': '+200% 再卖出 25%，剩余跟踪', '触发时间': '2026-05-02T13:54:47Z', '触发价格': 0.00033029514495816286}]",0.00033029514495816286,4.8220098e-05,0.00033029514495816286,2026-05-02T13:54:47Z,SIKK-B 控盘箱体突破回踩,READY_FOR_CONFIRMATION,钱包结构触发纸面退出；不执行真实 swap。,584.974,0.0,3,584.974,2026-05-02T17:22:43Z,0.00037582719343021165,FORCE_PAPER_EXIT,STRUCTURE_WEAKENING,钱包结构状态变为 WALLET_BLOCK，纸面阶段直接模拟退出,1.0,发现分发侧钱包 13 个；对手盘压力高，接盘/套牢筹码占比偏高,E4,,,,,,,,,,,,,,,,,,,,
paper-21EZ83KVV3YqhXiAuEwsWsUF8C2EkNVZC3ejV29Hpump-2026-05-02T13:54:47Z,,,21EZ83KVV3YqhXiAuEwsWsUF8C2EkNVZC3ejV29Hpump,GRUMP,CLOSED,,2026-05-01 22:36:00 UTC,,0.00024935266,,,0.2,,,,,,S4_强确认信号,,,,WALLET_BLOCK,0.0,100.0,0.0,,,,,,,,,,,,,,,,,,,,-98.3146,钱包结构触发纸面强制退出,75.0,0.00022478260892,"[{'触发收益率': 50, '卖出比例': 25, '说明': '+50% 卖出 25%，回收部分风险'}, {'触发收益率': 100, '卖出比例': 25, '说明': '+100% 再卖出 25%'}, {'触发收益率': 200, '卖出比例': 25, '说明': '+200% 再卖出 25%，剩余跟踪'}]","[{'触发收益率': 50, '卖出比例': 25, '说明': '+50% 卖出 25%，回收部分风险', '触发时间': '2026-05-02T13:54:47Z', '触发价格': 0.00042789665388798525}]",0.00042789665388798525,0.00024935266,0.00042789665388798525,2026-05-02T13:54:47Z,SIKK-B 控盘箱体突破回踩,READY_FOR_CONFIRMATION,钱包结构触发纸面退出；不执行真实 swap。,71.603,0.0,1,71.603,2026-05-02T17:22:43Z,4.2025141525633655e-06,FORCE_PAPER_EXIT,STRUCTURE_WEAKENING,钱包结构状态变为 WALLET_BLOCK，纸面阶段直接模拟退出,1.0,,E3,,,,,,,,,,,,,,,,,,,,
paper-9KrdYnHHrsWYpWMxyzbmmrjcXRr7ERWpB3byNeb1pump-2026-05-02T13:54:47Z,,,9KrdYnHHrsWYpWMxyzbmmrjcXRr7ERWpB3byNeb1pump,UNIPUMP,CLOSED,,2026-05-01 19:01:00 UTC,,0.00021903091,,,0.125662,,,,,,S4_强确认信号,,,,WALLET_BLOCK,28.0,100.0,100.0,,,,,,,,,,,,,,,,,,,,42.1293,钱包结构触发纸面强制退出,50.0,0.00017545544616,"[{'触发收益率': 50, '卖出比例': 25, '说明': '+50% 卖出 25%，回收部分风险'}, {'触发收益率': 100, '卖出比例': 25, '说明': '+100% 再卖出 25%'}, {'触发收益率': 200, '卖出比例': 25, '说明': '+200% 再卖出 25%，剩余跟踪'}]","[{'触发收益率': 50, '卖出比例': 25, '说明': '+50% 卖出 25%，回收部分风险', '触发时间': '2026-05-02T13:54:47Z', '触发价格': 0.00048251139187587135}, {'触发收益率': 100, '卖出比例': 25, '说明': '+100% 再卖出 25%', '触发时间': '2026-05-02T13:54:47Z', '触发价格': 0.00048251139187587135}]",0.00048251139187587135,0.00021903091,0.00048251139187587135,2026-05-02T13:54:47Z,SIKK-B 控盘箱体突破回踩,READY_FOR_CONFIRMATION,钱包结构触发纸面退出；不执行真实 swap。,120.2937,0.0,2,120.2937,2026-05-02T17:22:43Z,0.00031130712693739325,FORCE_PAPER_EXIT,STRUCTURE_WEAKENING,钱包结构状态变为 WALLET_BLOCK，纸面阶段直接模拟退出,1.0,发现分发侧钱包 4 个；对手盘压力高，接盘/套牢筹码占比偏高,E4,,,,,,,,,,,,,,,,,,,,
paper-4bNNLxMjDmoQz1QxfbhiMJJpe3m2LDQUUW5edfnMpump-2026-05-02T13:54:47Z,,,4bNNLxMjDmoQz1QxfbhiMJJpe3m2LDQUUW5edfnMpump,GOBLIEN,CLOSED,,2026-05-02 10:00:00 UTC,,7.7741311e-05,,,0.2,,,,,,S4_强确认信号,,,,WALLET_BLOCK,0.0,100.0,100.0,,,,,,,,,,,,,,,,,,,,-97.2723,钱包结构触发纸面强制退出,75.0,6.8691913156e-05,"[{'触发收益率': 50, '卖出比例': 25, '说明': '+50% 卖出 25%，回收部分风险'}, {'触发收益率': 100, '卖出比例': 25, '说明': '+100% 再卖出 25%'}, {'触发收益率': 200, '卖出比例': 25, '说明': '+200% 再卖出 25%，剩余跟踪'}]","[{'触发收益率': 50, '卖出比例': 25, '说明': '+50% 卖出 25%，回收部分风险', '触发时间': '2026-05-02T13:54:47Z', '触发价格': 0.00012523326527446425}]",0.00012523326527446425,7.7741311e-05,0.00012523326527446425,2026-05-02T13:54:47Z,SIKK-B 控盘箱体突破回踩,READY_FOR_CONFIRMATION,钱包结构触发纸面退出；不执行真实 swap。,61.0897,0.0,1,61.0897,2026-05-02T17:33:17Z,2.1205521730132126e-06,FORCE_PAPER_EXIT,STRUCTURE_WEAKENING,钱包结构状态变为 WALLET_BLOCK，纸面阶段直接模拟退出,1.0,发现分发侧钱包 2 个；对手盘压力高，接盘/套牢筹码占比偏高,E4,,,,,,,,,,,,,,,,,,,,
paper-7soYuSPe1LaJ9V37W7ZGDB5Xwxi41LUWjRT3AEQGpump-2026-05-02T17:22:43Z,,,7soYuSPe1LaJ9V37W7ZGDB5Xwxi41LUWjRT3AEQGpump,WOLVERINE,CLOSED,,2026-04-28 16:24:00 UTC,,0.00018589712768627816,,,0.177725,,,,,,S4_强确认信号,,,,WALLET_BLOCK,48.0,100.0,100.0,,,,,,,,,,,,,,,,,,,,-0.1329,钱包结构触发纸面强制退出,100.0,5.9818622084000004e-05,"[{'触发收益率': 50, '卖出比例': 25, '说明': '+50% 卖出 25%，回收部分风险'}, {'触发收益率': 100, '卖出比例': 25, '说明': '+100% 再卖出 25%'}, {'触发收益率': 200, '卖出比例': 25, '说明': '+200% 再卖出 25%，剩余跟踪'}]",[],0.00018589712768627816,0.00018589712768627816,0.00018589712768627816,2026-05-02T17:22:43Z,SIKK-B 控盘箱体突破回踩,READY_FOR_CONFIRMATION,钱包结构触发纸面退出；不执行真实 swap。,0.0,0.0,0,0.0,2026-05-02T17:33:17Z,0.00018564999572064726,FORCE_PAPER_EXIT,STRUCTURE_WEAKENING,钱包结构状态变为 WALLET_BLOCK，纸面阶段直接模拟退出,1.0,发现分发侧钱包 8 个；对手盘压力高，接盘/套牢筹码占比偏高,E4,live,6.9610509e-05,0.00018589712768627816,167.0533,0.0,167.0533,"{'buy_slippage_pct': 3.0, 'sell_slippage_pct': 3.0, 'dex_fee_pct': 0.25, 'quote_deviation_buffer_pct': 1.0, 'priority_fee_sol': 0.0005, 'failed_tx_cost_sol': 0.0002}",7.25,,,,,,,,,,,,
paper-F8R8VWgiKHvpEh13DFtKsk5PSN7vMzzvP5mmLLUspump-2026-05-02T17:22:43Z,,,F8R8VWgiKHvpEh13DFtKsk5PSN7vMzzvP5mmLLUspump,lolcat,CLOSED,,2026-05-01 14:52:00 UTC,,9.022412796068749e-05,,,0.150147,,,,,,S4_强确认信号,,,,WALLET_BLOCK,32.0,100.0,100.0,,,,,,,,,,,,,,,,,,,,-24.233,钱包结构触发纸面强制退出,100.0,2.883035936e-05,"[{'触发收益率': 50, '卖出比例': 25, '说明': '+50% 卖出 25%，回收部分风险'}, {'触发收益率': 100, '卖出比例': 25, '说明': '+100% 再卖出 25%'}, {'触发收益率': 200, '卖出比例': 25, '说明': '+200% 再卖出 25%，剩余跟踪'}]",[],9.022412796068749e-05,9.022412796068749e-05,9.022412796068749e-05,2026-05-02T17:22:43Z,SIKK-B 控盘箱体突破回踩,READY_FOR_CONFIRMATION,钱包结构触发纸面退出；不执行真实 swap。,0.0,0.0,0,0.0,2026-05-02T17:33:17Z,6.836015526187365e-05,FORCE_PAPER_EXIT,STRUCTURE_WEAKENING,钱包结构状态变为 WALLET_BLOCK，纸面阶段直接模拟退出,1.0,发现分发侧钱包 8 个；对手盘压力高，接盘/套牢筹码占比偏高,E3,live,3.4589665e-05,9.022412796068749e-05,160.8413,0.0,160.8413,"{'buy_slippage_pct': 3.0, 'sell_slippage_pct': 3.0, 'dex_fee_pct': 0.25, 'quote_deviation_buffer_pct': 1.0, 'priority_fee_sol': 0.0005, 'failed_tx_cost_sol': 0.0002}",7.25,,,,,,,,,,,,
paper-9KrdYnHHrsWYpWMxyzbmmrjcXRr7ERWpB3byNeb1pump-2026-05-02T17:22:43Z,,,9KrdYnHHrsWYpWMxyzbmmrjcXRr7ERWpB3byNeb1pump,UNIPUMP,CLOSED,,2026-05-01 19:01:00 UTC,,0.00031130712693739325,,,0.125662,,,,,,S4_强确认信号,,,,WALLET_BLOCK,28.0,100.0,100.0,,,,,,,,,,,,,,,,,,,,-6.4678,钱包结构触发纸面强制退出,100.0,0.00017545544616,"[{'触发收益率': 50, '卖出比例': 25, '说明': '+50% 卖出 25%，回收部分风险'}, {'触发收益率': 100, '卖出比例': 25, '说明': '+100% 再卖出 25%'}, {'触发收益率': 200, '卖出比例': 25, '说明': '+200% 再卖出 25%，剩余跟踪'}]",[],0.00031130712693739325,0.00031130712693739325,0.00031130712693739325,2026-05-02T17:22:43Z,SIKK-B 控盘箱体突破回踩,READY_FOR_CONFIRMATION,钱包结构触发纸面退出；不执行真实 swap。,0.0,0.0,0,0.0,2026-05-02T17:33:17Z,0.00029117248875428934,FORCE_PAPER_EXIT,STRUCTURE_WEAKENING,钱包结构状态变为 WALLET_BLOCK，纸面阶段直接模拟退出,1.0,发现分发侧钱包 4 个；对手盘压力高，接盘/套牢筹码占比偏高,E4,live,0.00021903091,0.00031130712693739325,42.1293,0.0,42.1293,"{'buy_slippage_pct': 3.0, 'sell_slippage_pct': 3.0, 'dex_fee_pct': 0.25, 'quote_deviation_buffer_pct': 1.0, 'priority_fee_sol': 0.0005, 'failed_tx_cost_sol': 0.0002}",7.25,,,,,,,,,,,,
paper-EVrfnKXnX1XCT5ESvp6VJUwLFDU1Ajq1dpUrG5qUpump-2026-05-02T17:33:17Z,,,EVrfnKXnX1XCT5ESvp6VJUwLFDU1Ajq1dpUrG5qUpump,SMW,CLOSED,,2026-05-02 16:13:00 UTC,,0.00019030106591539405,,,0.2,,,,,,S4_强确认信号,,,,WALLET_BLOCK,32.0,100.0,100.0,,,,,,,,,,,,,,,,,,,,0.0,命中纸面止损,100.0,0.00032328429812,"[{'触发收益率': 50, '卖出比例': 25, '说明': '+50% 卖出 25%，回收部分风险'}, {'触发收益率': 100, '卖出比例': 25, '说明': '+100% 再卖出 25%'}, {'触发收益率': 200, '卖出比例': 25, '说明': '+200% 再卖出 25%，剩余跟踪'}]",[],0.00019030106591539405,0.00019030106591539405,0.00019030106591539405,2026-05-02T17:33:17Z,SIKK-B 控盘箱体突破回踩,READY_FOR_CONFIRMATION,纸面持仓，不执行真实 swap。,0.0,0.0,,,2026-05-02T17:33:17Z,0.00019030106591539405,,,,1.0,发现分发侧钱包 1 个；对手盘压力高，接盘/套牢筹码占比偏高,E3,live,0.00033967533,0.00019030106591539405,-43.9756,0.0,-43.9756,"{'buy_slippage_pct': 3.0, 'sell_slippage_pct': 3.0, 'dex_fee_pct': 0.25, 'quote_deviation_buffer_pct': 1.0, 'priority_fee_sol': 0.0005, 'failed_tx_cost_sol': 0.0002}",7.25,,,,,,,,,,,,
paper-ARea51UmRfn22Ds7KwFZirSMEEn1gtBdrhW4zLeveeV1-2026-05-02T17:33:17Z,,,ARea51UmRfn22Ds7KwFZirSMEEn1gtBdrhW4zLeveeV1,AALIEN,CLOSED,,2026-04-30 16:34:00 UTC,,0.00036790532238250103,,,0.185696,,,,,,S4_强确认信号,,,,WALLET_BLOCK,32.0,100.0,100.0,,,,,,,,,,,,,,,,,,,,-3.8155,钱包结构触发纸面强制退出,100.0,4.1728307712e-05,"[{'触发收益率': 50, '卖出比例': 25, '说明': '+50% 卖出 25%，回收部分风险'}, {'触发收益率': 100, '卖出比例': 25, '说明': '+100% 再卖出 25%'}, {'触发收益率': 200, '卖出比例': 25, '说明': '+200% 再卖出 25%，剩余跟踪'}]",[],0.00036790532238250103,0.00036790532238250103,0.00036790532238250103,2026-05-02T17:33:17Z,SIKK-B 控盘箱体突破回踩,READY_FOR_CONFIRMATION,钱包结构触发纸面退出；不执行真实 swap。,0.0,0.0,0,0.0,2026-05-02T17:44:03Z,0.00035386784258939334,FORCE_PAPER_EXIT,STRUCTURE_WEAKENING,钱包结构状态变为 WALLET_BLOCK，纸面阶段直接模拟退出,1.0,发现分发侧钱包 13 个；对手盘压力高，接盘/套牢筹码占比偏高,E4,live,4.8220098e-05,0.00036790532238250103,662.9709,0.0,662.9709,"{'buy_slippage_pct': 3.0, 'sell_slippage_pct': 3.0, 'dex_fee_pct': 0.25, 'quote_deviation_buffer_pct': 1.0, 'priority_fee_sol': 0.0005, 'failed_tx_cost_sol': 0.0002}",7.25,,,,,,,,,,,,
paper-CEqaq1pe8TZUFyiTSy8MAz7wzoBu5xWExqW99BBVpump-2026-05-02T17:33:17Z,,,CEqaq1pe8TZUFyiTSy8MAz7wzoBu5xWExqW99BBVpump,NPC,CLOSED,,2026-05-02 05:08:00 UTC,,5.521957975771926e-05,,,0.2,,,,,,S4_强确认信号,,,,WALLET_BLOCK,64.0,100.0,100.0,,,,,,,,,,,,,,,,,,,,-5.9789,钱包结构触发纸面强制退出,100.0,4.7934788008000004e-05,"[{'触发收益率': 50, '卖出比例': 25, '说明': '+50% 卖出 25%，回收部分风险'}, {'触发收益率': 100, '卖出比例': 25, '说明': '+100% 再卖出 25%'}, {'触发收益率': 200, '卖出比例': 25, '说明': '+200% 再卖出 25%，剩余跟踪'}]",[],5.521957975771926e-05,5.521957975771926e-05,5.521957975771926e-05,2026-05-02T17:33:17Z,SIKK-B 控盘箱体突破回踩,READY_FOR_CONFIRMATION,钱包结构触发纸面退出；不执行真实 swap。,0.0,0.0,0,0.0,2026-05-02T17:44:03Z,5.191803068871493e-05,FORCE_PAPER_EXIT,STRUCTURE_WEAKENING,钱包结构状态变为 WALLET_BLOCK，纸面阶段直接模拟退出,1.0,发现分发侧钱包 9 个；对手盘压力高，接盘/套牢筹码占比偏高,E4,live,5.2857358e-05,5.521957975771926e-05,4.4691,0.0,4.4691,"{'buy_slippage_pct': 3.0, 'sell_slippage_pct': 3.0, 'dex_fee_pct': 0.25, 'quote_deviation_buffer_pct': 1.0, 'priority_fee_sol': 0.0005, 'failed_tx_cost_sol': 0.0002}",7.25,,,,,,,,,,,,
paper-9KrdYnHHrsWYpWMxyzbmmrjcXRr7ERWpB3byNeb1pump-2026-05-02T17:33:17Z,,,9KrdYnHHrsWYpWMxyzbmmrjcXRr7ERWpB3byNeb1pump,UNIPUMP,CLOSED,,2026-05-01 19:01:00 UTC,,0.00029117248875428934,,,0.125662,,,,,,S4_强确认信号,,,,WALLET_BLOCK,28.0,100.0,100.0,,,,,,,,,,,,,,,,,,,,-12.6138,钱包结构触发纸面强制退出,100.0,0.00017545544616,"[{'触发收益率': 50, '卖出比例': 25, '说明': '+50% 卖出 25%，回收部分风险'}, {'触发收益率': 100, '卖出比例': 25, '说明': '+100% 再卖出 25%'}, {'触发收益率': 200, '卖出比例': 25, '说明': '+200% 再卖出 25%，剩余跟踪'}]",[],0.00029117248875428934,0.00029117248875428934,0.00029117248875428934,2026-05-02T17:33:17Z,SIKK-B 控盘箱体突破回踩,READY_FOR_CONFIRMATION,钱包结构触发纸面退出；不执行真实 swap。,0.0,0.0,0,0.0,2026-05-02T17:44:03Z,0.0002544447005460674,FORCE_PAPER_EXIT,STRUCTURE_WEAKENING,钱包结构状态变为 WALLET_BLOCK，纸面阶段直接模拟退出,1.0,发现分发侧钱包 4 个；对手盘压力高，接盘/套牢筹码占比偏高,E4,live,0.00021903091,0.00029117248875428934,32.9367,0.0,32.9367,"{'buy_slippage_pct': 3.0, 'sell_slippage_pct': 3.0, 'dex_fee_pct': 0.25, 'quote_deviation_buffer_pct': 1.0, 'priority_fee_sol': 0.0005, 'failed_tx_cost_sol': 0.0002}",7.25,,,,,,,,,,,,
paper-EVrfnKXnX1XCT5ESvp6VJUwLFDU1Ajq1dpUrG5qUpump-2026-05-02T17:44:03Z,,,EVrfnKXnX1XCT5ESvp6VJUwLFDU1Ajq1dpUrG5qUpump,SMW,CLOSED,,2026-05-02 16:13:00 UTC,,0.00022944430524311484,,,0.2,,,,,,S4_强确认信号,,,,WALLET_BLOCK,16.0,100.0,100.0,,,,,,,,,,,,,,,,,,,,0.0,命中纸面止损,100.0,0.00031523267248,"[{'触发收益率': 50, '卖出比例': 25, '说明': '+50% 卖出 25%，回收部分风险'}, {'触发收益率': 100, '卖出比例': 25, '说明': '+100% 再卖出 25%'}, {'触发收益率': 200, '卖出比例': 25, '说明': '+200% 再卖出 25%，剩余跟踪'}]",[],0.00022944430524311484,0.00022944430524311484,0.00022944430524311484,2026-05-02T17:44:03Z,SIKK-B 控盘箱体突破回踩,READY_FOR_CONFIRMATION,纸面持仓，不执行真实 swap。,0.0,0.0,,,2026-05-02T17:44:03Z,0.00022944430524311484,,,,1.0,发现分发侧钱包 1 个；对手盘压力高，接盘/套牢筹码占比偏高,E3,live,0.00033967533,0.00022944430524311484,-32.4519,0.0,-32.4519,"{'buy_slippage_pct': 3.0, 'sell_slippage_pct': 3.0, 'dex_fee_pct': 0.25, 'quote_deviation_buffer_pct': 1.0, 'priority_fee_sol': 0.0005, 'failed_tx_cost_sol': 0.0002}",7.25,,,,,,,,,,,,
paper-7soYuSPe1LaJ9V37W7ZGDB5Xwxi41LUWjRT3AEQGpump-2026-05-02T17:44:03Z,,,7soYuSPe1LaJ9V37W7ZGDB5Xwxi41LUWjRT3AEQGpump,WOLVERINE,CLOSED,,2026-04-28 16:24:00 UTC,,0.00019119617054019197,,,0.177725,,,,,,S4_强确认信号,,,,WALLET_BLOCK,48.0,100.0,100.0,,,,,,,,,,,,,,,,,,,,-3.143,钱包结构触发纸面强制退出,100.0,5.9818622084000004e-05,"[{'触发收益率': 50, '卖出比例': 25, '说明': '+50% 卖出 25%，回收部分风险'}, {'触发收益率': 100, '卖出比例': 25, '说明': '+100% 再卖出 25%'}, {'触发收益率': 200, '卖出比例': 25, '说明': '+200% 再卖出 25%，剩余跟踪'}]",[],0.00019119617054019197,0.00019119617054019197,0.00019119617054019197,2026-05-02T17:44:03Z,SIKK-B 控盘箱体突破回踩,READY_FOR_CONFIRMATION,钱包结构触发纸面退出；不执行真实 swap。,0.0,0.0,0,0.0,2026-05-02T17:54:54Z,0.00018518682268787407,FORCE_PAPER_EXIT,STRUCTURE_WEAKENING,钱包结构状态变为 WALLET_BLOCK，纸面阶段直接模拟退出,1.0,发现分发侧钱包 8 个；对手盘压力高，接盘/套牢筹码占比偏高,E4,live,6.9610509e-05,0.00019119617054019197,174.6657,0.0,174.6657,"{'buy_slippage_pct': 3.0, 'sell_slippage_pct': 3.0, 'dex_fee_pct': 0.25, 'quote_deviation_buffer_pct': 1.0, 'priority_fee_sol': 0.0005, 'failed_tx_cost_sol': 0.0002}",7.25,,,,,,,,,,,,
paper-F8R8VWgiKHvpEh13DFtKsk5PSN7vMzzvP5mmLLUspump-2026-05-02T17:44:03Z,,,F8R8VWgiKHvpEh13DFtKsk5PSN7vMzzvP5mmLLUspump,lolcat,CLOSED,,2026-05-01 14:52:00 UTC,,6.905522778499038e-05,,,0.150147,,,,,,S4_强确认信号,,,,WALLET_BLOCK,32.0,100.0,100.0,,,,,,,,,,,,,,,,,,,,5.4981,钱包结构触发纸面强制退出,100.0,2.883035936e-05,"[{'触发收益率': 50, '卖出比例': 25, '说明': '+50% 卖出 25%，回收部分风险'}, {'触发收益率': 100, '卖出比例': 25, '说明': '+100% 再卖出 25%'}, {'触发收益率': 200, '卖出比例': 25, '说明': '+200% 再卖出 25%，剩余跟踪'}]",[],6.905522778499038e-05,6.905522778499038e-05,6.905522778499038e-05,2026-05-02T17:44:03Z,SIKK-B 控盘箱体突破回踩,READY_FOR_CONFIRMATION,钱包结构触发纸面退出；不执行真实 swap。,0.0,0.0,0,0.0,2026-05-02T17:54:54Z,7.285195811222505e-05,FORCE_PAPER_EXIT,STRUCTURE_WEAKENING,钱包结构状态变为 WALLET_BLOCK，纸面阶段直接模拟退出,1.0,发现分发侧钱包 8 个；对手盘压力高，接盘/套牢筹码占比偏高,E3,live,3.4589665e-05,6.905522778499038e-05,99.6412,0.0,99.6412,"{'buy_slippage_pct': 3.0, 'sell_slippage_pct': 3.0, 'dex_fee_pct': 0.25, 'quote_deviation_buffer_pct': 1.0, 'priority_fee_sol': 0.0005, 'failed_tx_cost_sol': 0.0002}",7.25,,,,,,,,,,,,
paper-5oNQP9NSRspWy2qrpJexuvkX8DqZUW6TLNTZbHKypump-2026-05-02T17:44:03Z,,,5oNQP9NSRspWy2qrpJexuvkX8DqZUW6TLNTZbHKypump,CHARITYDROP,CLOSED,,2026-05-01 01:34:00 UTC,,5.912092422459751e-05,,,0.2,,,,,,S4_强确认信号,,,,WALLET_BLOCK,0.0,100.0,100.0,,,,,,,,,,,,,,,,,,,,-2.8173,钱包结构触发纸面强制退出,100.0,4.0402219956e-05,"[{'触发收益率': 50, '卖出比例': 25, '说明': '+50% 卖出 25%，回收部分风险'}, {'触发收益率': 100, '卖出比例': 25, '说明': '+100% 再卖出 25%'}, {'触发收益率': 200, '卖出比例': 25, '说明': '+200% 再卖出 25%，剩余跟踪'}]",[],5.912092422459751e-05,5.912092422459751e-05,5.912092422459751e-05,2026-05-02T17:44:03Z,SIKK-B 控盘箱体突破回踩,READY_FOR_CONFIRMATION,钱包结构触发纸面退出；不执行真实 swap。,0.0,0.0,0,0.0,2026-05-02T17:54:54Z,5.745529663499124e-05,FORCE_PAPER_EXIT,STRUCTURE_WEAKENING,钱包结构状态变为 WALLET_BLOCK，纸面阶段直接模拟退出,1.0,早期钱包集中清仓，筹码控制权疑似向分发/对手盘转移；发现分发侧钱包 9 个；对手盘压力高，接盘/套牢筹码占比偏高,E4,live,4.2863783e-05,5.912092422459751e-05,37.9275,0.0,37.9275,"{'buy_slippage_pct': 3.0, 'sell_slippage_pct': 3.0, 'dex_fee_pct': 0.25, 'quote_deviation_buffer_pct': 1.0, 'priority_fee_sol': 0.0005, 'failed_tx_cost_sol': 0.0002}",7.25,,,,,,,,,,,,
paper-9KrdYnHHrsWYpWMxyzbmmrjcXRr7ERWpB3byNeb1pump-2026-05-02T17:44:03Z,,,9KrdYnHHrsWYpWMxyzbmmrjcXRr7ERWpB3byNeb1pump,UNIPUMP,CLOSED,,2026-05-01 19:01:00 UTC,,0.0002544447005460674,,,0.125662,,,,,,S4_强确认信号,,,,WALLET_BLOCK,0.0,100.0,100.0,,,,,,,,,,,,,,,,,,,,-0.8287,钱包结构触发纸面强制退出,100.0,0.00017545544616,"[{'触发收益率': 50, '卖出比例': 25, '说明': '+50% 卖出 25%，回收部分风险'}, {'触发收益率': 100, '卖出比例': 25, '说明': '+100% 再卖出 25%'}, {'触发收益率': 200, '卖出比例': 25, '说明': '+200% 再卖出 25%，剩余跟踪'}]",[],0.0002544447005460674,0.0002544447005460674,0.0002544447005460674,2026-05-02T17:44:03Z,SIKK-B 控盘箱体突破回踩,READY_FOR_CONFIRMATION,钱包结构触发纸面退出；不执行真实 swap。,0.0,0.0,0,0.0,2026-05-02T17:54:54Z,0.0002523360786614758,FORCE_PAPER_EXIT,STRUCTURE_WEAKENING,钱包结构状态变为 WALLET_BLOCK，纸面阶段直接模拟退出,1.0,发现分发侧钱包 4 个；对手盘压力高，接盘/套牢筹码占比偏高,E4,live,0.00021903091,0.0002544447005460674,16.1684,0.0,16.1684,"{'buy_slippage_pct': 3.0, 'sell_slippage_pct': 3.0, 'dex_fee_pct': 0.25, 'quote_deviation_buffer_pct': 1.0, 'priority_fee_sol': 0.0005, 'failed_tx_cost_sol': 0.0002}",7.25,,,,,,,,,,,,
paper-EVrfnKXnX1XCT5ESvp6VJUwLFDU1Ajq1dpUrG5qUpump-2026-05-02T17:54:54Z,,,EVrfnKXnX1XCT5ESvp6VJUwLFDU1Ajq1dpUrG5qUpump,SMW,CLOSED,,2026-05-02 16:13:00 UTC,,0.0002025679703258665,,,0.2,,,,,,S4_强确认信号,,,,WALLET_BLOCK,16.0,100.0,100.0,,,,,,,,,,,,,,,,,,,,0.0,命中纸面止损,100.0,0.00031523267248,"[{'触发收益率': 50, '卖出比例': 25, '说明': '+50% 卖出 25%，回收部分风险'}, {'触发收益率': 100, '卖出比例': 25, '说明': '+100% 再卖出 25%'}, {'触发收益率': 200, '卖出比例': 25, '说明': '+200% 再卖出 25%，剩余跟踪'}]",[],0.0002025679703258665,0.0002025679703258665,0.0002025679703258665,2026-05-02T17:54:54Z,SIKK-B 控盘箱体突破回踩,READY_FOR_CONFIRMATION,纸面持仓，不执行真实 swap。,0.0,0.0,,,2026-05-02T17:54:54Z,0.0002025679703258665,,,,1.0,发现分发侧钱包 1 个；对手盘压力高，接盘/套牢筹码占比偏高,E3,live,0.00033967533,0.0002025679703258665,-40.3642,0.0,-40.3642,"{'buy_slippage_pct': 3.0, 'sell_slippage_pct': 3.0, 'dex_fee_pct': 0.25, 'quote_deviation_buffer_pct': 1.0, 'priority_fee_sol': 0.0005, 'failed_tx_cost_sol': 0.0002}",7.25,,,,,,,,,,,,
paper-CEqaq1pe8TZUFyiTSy8MAz7wzoBu5xWExqW99BBVpump-2026-05-02T17:54:54Z,,,CEqaq1pe8TZUFyiTSy8MAz7wzoBu5xWExqW99BBVpump,NPC,CLOSED,,2026-05-02 05:08:00 UTC,,5.2472093732566076e-05,,,0.2,,,,,,S4_强确认信号,,,,WALLET_BLOCK,64.0,100.0,100.0,,,,,,,,,,,,,,,,,,,,-3.8564,钱包结构触发纸面强制退出,100.0,4.7934788008000004e-05,"[{'触发收益率': 50, '卖出比例': 25, '说明': '+50% 卖出 25%，回收部分风险'}, {'触发收益率': 100, '卖出比例': 25, '说明': '+100% 再卖出 25%'}, {'触发收益率': 200, '卖出比例': 25, '说明': '+200% 再卖出 25%，剩余跟踪'}]",[],5.2472093732566076e-05,5.2472093732566076e-05,5.2472093732566076e-05,2026-05-02T17:54:54Z,SIKK-B 控盘箱体突破回踩,READY_FOR_CONFIRMATION,钱包结构触发纸面退出；不执行真实 swap。,0.0,0.0,0,0.0,2026-05-02T18:05:49Z,5.044856304465605e-05,FORCE_PAPER_EXIT,STRUCTURE_WEAKENING,钱包结构状态变为 WALLET_BLOCK，纸面阶段直接模拟退出,1.0,发现分发侧钱包 9 个；对手盘压力高，接盘/套牢筹码占比偏高,E4,live,5.2857358e-05,5.2472093732566076e-05,-0.7289,0.0,-0.7289,"{'buy_slippage_pct': 3.0, 'sell_slippage_pct': 3.0, 'dex_fee_pct': 0.25, 'quote_deviation_buffer_pct': 1.0, 'priority_fee_sol': 0.0005, 'failed_tx_cost_sol': 0.0002}",7.25,,,,,,,,,,,,
paper-F8R8VWgiKHvpEh13DFtKsk5PSN7vMzzvP5mmLLUspump-2026-05-02T17:54:54Z,,,F8R8VWgiKHvpEh13DFtKsk5PSN7vMzzvP5mmLLUspump,lolcat,CLOSED,,2026-05-01 14:52:00 UTC,,7.285195811222505e-05,,,0.150147,,,,,,S4_强确认信号,,,,WALLET_BLOCK,32.0,100.0,100.0,,,,,,,,,,,,,,,,,,,,3.0784,钱包结构触发纸面强制退出,100.0,2.883035936e-05,"[{'触发收益率': 50, '卖出比例': 25, '说明': '+50% 卖出 25%，回收部分风险'}, {'触发收益率': 100, '卖出比例': 25, '说明': '+100% 再卖出 25%'}, {'触发收益率': 200, '卖出比例': 25, '说明': '+200% 再卖出 25%，剩余跟踪'}]",[],7.285195811222505e-05,7.285195811222505e-05,7.285195811222505e-05,2026-05-02T17:54:54Z,SIKK-B 控盘箱体突破回踩,READY_FOR_CONFIRMATION,钱包结构触发纸面退出；不执行真实 swap。,0.0,0.0,0,0.0,2026-05-02T18:05:49Z,7.509463249687695e-05,FORCE_PAPER_EXIT,STRUCTURE_WEAKENING,钱包结构状态变为 WALLET_BLOCK，纸面阶段直接模拟退出,1.0,发现分发侧钱包 8 个；对手盘压力高，接盘/套牢筹码占比偏高,E3,live,3.4589665e-05,7.285195811222505e-05,110.6177,0.0,110.6177,"{'buy_slippage_pct': 3.0, 'sell_slippage_pct': 3.0, 'dex_fee_pct': 0.25, 'quote_deviation_buffer_pct': 1.0, 'priority_fee_sol': 0.0005, 'failed_tx_cost_sol': 0.0002}",7.25,,,,,,,,,,,,
paper-5oNQP9NSRspWy2qrpJexuvkX8DqZUW6TLNTZbHKypump-2026-05-02T17:54:54Z,,,5oNQP9NSRspWy2qrpJexuvkX8DqZUW6TLNTZbHKypump,CHARITYDROP,CLOSED,,2026-05-01 01:34:00 UTC,,5.745529663499124e-05,,,0.2,,,,,,S4_强确认信号,,,,WALLET_BLOCK,0.0,100.0,100.0,,,,,,,,,,,,,,,,,,,,1.5556,钱包结构触发纸面强制退出,100.0,4.0402219956e-05,"[{'触发收益率': 50, '卖出比例': 25, '说明': '+50% 卖出 25%，回收部分风险'}, {'触发收益率': 100, '卖出比例': 25, '说明': '+100% 再卖出 25%'}, {'触发收益率': 200, '卖出比例': 25, '说明': '+200% 再卖出 25%，剩余跟踪'}]",[],5.745529663499124e-05,5.745529663499124e-05,5.745529663499124e-05,2026-05-02T17:54:54Z,SIKK-B 控盘箱体突破回踩,READY_FOR_CONFIRMATION,钱包结构触发纸面退出；不执行真实 swap。,0.0,0.0,0,0.0,2026-05-02T18:05:49Z,5.834906546697411e-05,FORCE_PAPER_EXIT,STRUCTURE_WEAKENING,钱包结构状态变为 WALLET_BLOCK，纸面阶段直接模拟退出,1.0,早期钱包集中清仓，筹码控制权疑似向分发/对手盘转移；发现分发侧钱包 9 个；对手盘压力高，接盘/套牢筹码占比偏高,E4,live,4.2863783e-05,5.745529663499124e-05,34.0416,0.0,34.0416,"{'buy_slippage_pct': 3.0, 'sell_slippage_pct': 3.0, 'dex_fee_pct': 0.25, 'quote_deviation_buffer_pct': 1.0, 'priority_fee_sol': 0.0005, 'failed_tx_cost_sol': 0.0002}",7.25,,,,,,,,,,,,
paper-9KrdYnHHrsWYpWMxyzbmmrjcXRr7ERWpB3byNeb1pump-2026-05-02T17:54:54Z,,,9KrdYnHHrsWYpWMxyzbmmrjcXRr7ERWpB3byNeb1pump,UNIPUMP,CLOSED,,2026-05-01 19:01:00 UTC,,0.0002523360786614758,,,0.125662,,,,,,S4_强确认信号,,,,WALLET_BLOCK,0.0,100.0,100.0,,,,,,,,,,,,,,,,,,,,9.9402,钱包结构触发纸面强制退出,100.0,0.00017545544616,"[{'触发收益率': 50, '卖出比例': 25, '说明': '+50% 卖出 25%，回收部分风险'}, {'触发收益率': 100, '卖出比例': 25, '说明': '+100% 再卖出 25%'}, {'触发收益率': 200, '卖出比例': 25, '说明': '+200% 再卖出 25%，剩余跟踪'}]",[],0.0002523360786614758,0.0002523360786614758,0.0002523360786614758,2026-05-02T17:54:54Z,SIKK-B 控盘箱体突破回踩,READY_FOR_CONFIRMATION,钱包结构触发纸面退出；不执行真实 swap。,0.0,0.0,0,0.0,2026-05-02T18:05:49Z,0.0002774188415883156,FORCE_PAPER_EXIT,STRUCTURE_WEAKENING,钱包结构状态变为 WALLET_BLOCK，纸面阶段直接模拟退出,1.0,发现分发侧钱包 4 个；对手盘压力高，接盘/套牢筹码占比偏高,E4,live,0.00021903091,0.0002523360786614758,15.2057,0.0,15.2057,"{'buy_slippage_pct': 3.0, 'sell_slippage_pct': 3.0, 'dex_fee_pct': 0.25, 'quote_deviation_buffer_pct': 1.0, 'priority_fee_sol': 0.0005, 'failed_tx_cost_sol': 0.0002}",7.25,,,,,,,,,,,,
paper-EVrfnKXnX1XCT5ESvp6VJUwLFDU1Ajq1dpUrG5qUpump-2026-05-02T18:05:49Z,,,EVrfnKXnX1XCT5ESvp6VJUwLFDU1Ajq1dpUrG5qUpump,SMW,CLOSED,,2026-05-02 16:13:00 UTC,,0.0001466739847093096,,,0.2,,,,,,S4_强确认信号,,,,WALLET_BLOCK,0.0,100.0,100.0,,,,,,,,,,,,,,,,,,,,0.0,命中纸面止损,100.0,0.00031523267248,"[{'触发收益率': 50, '卖出比例': 25, '说明': '+50% 卖出 25%，回收部分风险'}, {'触发收益率': 100, '卖出比例': 25, '说明': '+100% 再卖出 25%'}, {'触发收益率': 200, '卖出比例': 25, '说明': '+200% 再卖出 25%，剩余跟踪'}]",[],0.0001466739847093096,0.0001466739847093096,0.0001466739847093096,2026-05-02T18:05:49Z,SIKK-B 控盘箱体突破回踩,READY_FOR_CONFIRMATION,纸面持仓，不执行真实 swap。,0.0,0.0,,,2026-05-02T18:05:49Z,0.0001466739847093096,,,,1.0,发现分发侧钱包 1 个；对手盘压力高，接盘/套牢筹码占比偏高,E3,live,0.00033967533,0.0001466739847093096,-56.8194,0.0,-56.8194,"{'buy_slippage_pct': 3.0, 'sell_slippage_pct': 3.0, 'dex_fee_pct': 0.25, 'quote_deviation_buffer_pct': 1.0, 'priority_fee_sol': 0.0005, 'failed_tx_cost_sol': 0.0002}",7.25,,,,,,,,,,,,
paper-CEqaq1pe8TZUFyiTSy8MAz7wzoBu5xWExqW99BBVpump-2026-05-02T18:05:49Z,,,CEqaq1pe8TZUFyiTSy8MAz7wzoBu5xWExqW99BBVpump,NPC,CLOSED,,2026-05-02 05:08:00 UTC,,5.044856304465605e-05,,,0.2,,,,,,S4_强确认信号,,,,WALLET_BLOCK,64.0,100.0,100.0,,,,,,,,,,,,,,,,,,,,0.0169,钱包结构触发纸面强制退出,100.0,4.7934788008000004e-05,"[{'触发收益率': 50, '卖出比例': 25, '说明': '+50% 卖出 25%，回收部分风险'}, {'触发收益率': 100, '卖出比例': 25, '说明': '+100% 再卖出 25%'}, {'触发收益率': 200, '卖出比例': 25, '说明': '+200% 再卖出 25%，剩余跟踪'}]",[],5.044856304465605e-05,5.044856304465605e-05,5.044856304465605e-05,2026-05-02T18:05:49Z,SIKK-B 控盘箱体突破回踩,READY_FOR_CONFIRMATION,钱包结构触发纸面退出；不执行真实 swap。,0.0,0.0,0,0.0,2026-05-02T18:16:42Z,5.045710747031234e-05,FORCE_PAPER_EXIT,STRUCTURE_WEAKENING,钱包结构状态变为 WALLET_BLOCK，纸面阶段直接模拟退出,1.0,发现分发侧钱包 9 个；对手盘压力高，接盘/套牢筹码占比偏高,E4,live,5.2857358e-05,5.044856304465605e-05,-4.5572,0.0,-4.5572,"{'buy_slippage_pct': 3.0, 'sell_slippage_pct': 3.0, 'dex_fee_pct': 0.25, 'quote_deviation_buffer_pct': 1.0, 'priority_fee_sol': 0.0005, 'failed_tx_cost_sol': 0.0002}",7.25,,,,,,,,,,,,
paper-F8R8VWgiKHvpEh13DFtKsk5PSN7vMzzvP5mmLLUspump-2026-05-02T18:05:49Z,,,F8R8VWgiKHvpEh13DFtKsk5PSN7vMzzvP5mmLLUspump,lolcat,CLOSED,,2026-05-01 14:52:00 UTC,,7.509463249687695e-05,,,0.150147,,,,,,S4_强确认信号,,,,WALLET_BLOCK,32.0,100.0,100.0,,,,,,,,,,,,,,,,,,,,-0.9045,钱包结构触发纸面强制退出,100.0,2.883035936e-05,"[{'触发收益率': 50, '卖出比例': 25, '说明': '+50% 卖出 25%，回收部分风险'}, {'触发收益率': 100, '卖出比例': 25, '说明': '+100% 再卖出 25%'}, {'触发收益率': 200, '卖出比例': 25, '说明': '+200% 再卖出 25%，剩余跟踪'}]",[],7.509463249687695e-05,7.509463249687695e-05,7.509463249687695e-05,2026-05-02T18:05:49Z,SIKK-B 控盘箱体突破回踩,READY_FOR_CONFIRMATION,钱包结构触发纸面退出；不执行真实 swap。,0.0,0.0,0,0.0,2026-05-02T18:16:42Z,7.441540876447196e-05,FORCE_PAPER_EXIT,STRUCTURE_WEAKENING,钱包结构状态变为 WALLET_BLOCK，纸面阶段直接模拟退出,1.0,发现分发侧钱包 8 个；对手盘压力高，接盘/套牢筹码占比偏高,E3,live,3.4589665e-05,7.509463249687695e-05,117.1014,0.0,117.1014,"{'buy_slippage_pct': 3.0, 'sell_slippage_pct': 3.0, 'dex_fee_pct': 0.25, 'quote_deviation_buffer_pct': 1.0, 'priority_fee_sol': 0.0005, 'failed_tx_cost_sol': 0.0002}",7.25,,,,,,,,,,,,
paper-9KrdYnHHrsWYpWMxyzbmmrjcXRr7ERWpB3byNeb1pump-2026-05-02T18:05:49Z,,,9KrdYnHHrsWYpWMxyzbmmrjcXRr7ERWpB3byNeb1pump,UNIPUMP,CLOSED,,2026-05-01 19:01:00 UTC,,0.0002774188415883156,,,0.125662,,,,,,S4_强确认信号,,,,WALLET_BLOCK,0.0,100.0,100.0,,,,,,,,,,,,,,,,,,,,-2.0649,钱包结构触发纸面强制退出,100.0,0.00017545544616,"[{'触发收益率': 50, '卖出比例': 25, '说明': '+50% 卖出 25%，回收部分风险'}, {'触发收益率': 100, '卖出比例': 25, '说明': '+100% 再卖出 25%'}, {'触发收益率': 200, '卖出比例': 25, '说明': '+200% 再卖出 25%，剩余跟踪'}]",[],0.0002774188415883156,0.0002774188415883156,0.0002774188415883156,2026-05-02T18:05:49Z,SIKK-B 控盘箱体突破回踩,READY_FOR_CONFIRMATION,钱包结构触发纸面退出；不执行真实 swap。,0.0,0.0,0,0.0,2026-05-02T18:16:42Z,0.00027169047615858207,FORCE_PAPER_EXIT,STRUCTURE_WEAKENING,钱包结构状态变为 WALLET_BLOCK，纸面阶段直接模拟退出,1.0,发现分发侧钱包 4 个；对手盘压力高，接盘/套牢筹码占比偏高,E4,live,0.00021903091,0.0002774188415883156,26.6574,0.0,26.6574,"{'buy_slippage_pct': 3.0, 'sell_slippage_pct': 3.0, 'dex_fee_pct': 0.25, 'quote_deviation_buffer_pct': 1.0, 'priority_fee_sol': 0.0005, 'failed_tx_cost_sol': 0.0002}",7.25,,,,,,,,,,,,
paper-5oNQP9NSRspWy2qrpJexuvkX8DqZUW6TLNTZbHKypump-2026-05-02T18:05:49Z,,,5oNQP9NSRspWy2qrpJexuvkX8DqZUW6TLNTZbHKypump,CHARITYDROP,CLOSED,,2026-05-01 01:34:00 UTC,,5.834906546697411e-05,,,0.2,,,,,,S4_强确认信号,,,,WALLET_BLOCK,0.0,100.0,100.0,,,,,,,,,,,,,,,,,,,,2.0844,钱包结构触发纸面强制退出,100.0,4.0402219956e-05,"[{'触发收益率': 50, '卖出比例': 25, '说明': '+50% 卖出 25%，回收部分风险'}, {'触发收益率': 100, '卖出比例': 25, '说明': '+100% 再卖出 25%'}, {'触发收益率': 200, '卖出比例': 25, '说明': '+200% 再卖出 25%，剩余跟踪'}]",[],5.834906546697411e-05,5.834906546697411e-05,5.834906546697411e-05,2026-05-02T18:05:49Z,SIKK-B 控盘箱体突破回踩,READY_FOR_CONFIRMATION,钱包结构触发纸面退出；不执行真实 swap。,0.0,0.0,0,0.0,2026-05-02T18:16:42Z,5.9565305122370576e-05,FORCE_PAPER_EXIT,STRUCTURE_WEAKENING,钱包结构状态变为 WALLET_BLOCK，纸面阶段直接模拟退出,1.0,早期钱包集中清仓，筹码控制权疑似向分发/对手盘转移；发现分发侧钱包 9 个；对手盘压力高，接盘/套牢筹码占比偏高,E4,live,4.2863783e-05,5.834906546697411e-05,36.1267,0.0,36.1267,"{'buy_slippage_pct': 3.0, 'sell_slippage_pct': 3.0, 'dex_fee_pct': 0.25, 'quote_deviation_buffer_pct': 1.0, 'priority_fee_sol': 0.0005, 'failed_tx_cost_sol': 0.0002}",7.25,,,,,,,,,,,,
paper-ARea51UmRfn22Ds7KwFZirSMEEn1gtBdrhW4zLeveeV1-2026-05-02T18:16:42Z,,,ARea51UmRfn22Ds7KwFZirSMEEn1gtBdrhW4zLeveeV1,AALIEN,CLOSED,,2026-04-30 16:34:00 UTC,,0.0003629146831011664,,,0.185696,,,,,,S4_强确认信号,,,,WALLET_BLOCK,32.0,100.0,100.0,,,,,,,,,,,,,,,,,,,,3.6059,钱包结构触发纸面强制退出,100.0,4.1728307712e-05,"[{'触发收益率': 50, '卖出比例': 25, '说明': '+50% 卖出 25%，回收部分风险'}, {'触发收益率': 100, '卖出比例': 25, '说明': '+100% 再卖出 25%'}, {'触发收益率': 200, '卖出比例': 25, '说明': '+200% 再卖出 25%，剩余跟踪'}]",[],0.0003629146831011664,0.0003629146831011664,0.0003629146831011664,2026-05-02T18:16:42Z,SIKK-B 控盘箱体突破回踩,READY_FOR_CONFIRMATION,钱包结构触发纸面退出；不执行真实 swap。,0.0,0.0,0,0.0,2026-05-02T18:27:34Z,0.0003760009004910706,FORCE_PAPER_EXIT,STRUCTURE_WEAKENING,钱包结构状态变为 WALLET_BLOCK，纸面阶段直接模拟退出,1.0,发现分发侧钱包 13 个；对手盘压力高，接盘/套牢筹码占比偏高,E4,live,4.8220098e-05,0.0003629146831011664,652.6212,0.0,652.6212,"{'buy_slippage_pct': 3.0, 'sell_slippage_pct': 3.0, 'dex_fee_pct': 0.25, 'quote_deviation_buffer_pct': 1.0, 'priority_fee_sol': 0.0005, 'failed_tx_cost_sol': 0.0002}",7.25,,,,,,,,,,,,
paper-F8R8VWgiKHvpEh13DFtKsk5PSN7vMzzvP5mmLLUspump-2026-05-02T18:16:42Z,,,F8R8VWgiKHvpEh13DFtKsk5PSN7vMzzvP5mmLLUspump,lolcat,CLOSED,,2026-05-01 14:52:00 UTC,,7.441540876447196e-05,,,0.150147,,,,,,S4_强确认信号,,,,WALLET_BLOCK,32.0,100.0,100.0,,,,,,,,,,,,,,,,,,,,-17.6729,钱包结构触发纸面强制退出,100.0,2.883035936e-05,"[{'触发收益率': 50, '卖出比例': 25, '说明': '+50% 卖出 25%，回收部分风险'}, {'触发收益率': 100, '卖出比例': 25, '说明': '+100% 再卖出 25%'}, {'触发收益率': 200, '卖出比例': 25, '说明': '+200% 再卖出 25%，剩余跟踪'}]",[],7.441540876447196e-05,7.441540876447196e-05,7.441540876447196e-05,2026-05-02T18:16:42Z,SIKK-B 控盘箱体突破回踩,READY_FOR_CONFIRMATION,钱包结构触发纸面退出；不执行真实 swap。,0.0,0.0,0,0.0,2026-05-02T18:27:34Z,6.126403926936515e-05,FORCE_PAPER_EXIT,STRUCTURE_WEAKENING,钱包结构状态变为 WALLET_BLOCK，纸面阶段直接模拟退出,1.0,发现分发侧钱包 8 个；对手盘压力高，接盘/套牢筹码占比偏高,E3,live,3.4589665e-05,7.441540876447196e-05,115.1377,0.0,115.1377,"{'buy_slippage_pct': 3.0, 'sell_slippage_pct': 3.0, 'dex_fee_pct': 0.25, 'quote_deviation_buffer_pct': 1.0, 'priority_fee_sol': 0.0005, 'failed_tx_cost_sol': 0.0002}",7.25,,,,,,,,,,,,
paper-CEqaq1pe8TZUFyiTSy8MAz7wzoBu5xWExqW99BBVpump-2026-05-02T18:16:42Z,,,CEqaq1pe8TZUFyiTSy8MAz7wzoBu5xWExqW99BBVpump,NPC,CLOSED,,2026-05-02 05:08:00 UTC,,5.045710747031234e-05,,,0.2,,,,,,S4_强确认信号,,,,WALLET_BLOCK,64.0,100.0,100.0,,,,,,,,,,,,,,,,,,,,-0.7376,钱包结构触发纸面强制退出,100.0,4.7934788008000004e-05,"[{'触发收益率': 50, '卖出比例': 25, '说明': '+50% 卖出 25%，回收部分风险'}, {'触发收益率': 100, '卖出比例': 25, '说明': '+100% 再卖出 25%'}, {'触发收益率': 200, '卖出比例': 25, '说明': '+200% 再卖出 25%，剩余跟踪'}]",[],5.045710747031234e-05,5.045710747031234e-05,5.045710747031234e-05,2026-05-02T18:16:42Z,SIKK-B 控盘箱体突破回踩,READY_FOR_CONFIRMATION,钱包结构触发纸面退出；不执行真实 swap。,0.0,0.0,0,0.0,2026-05-02T18:27:34Z,5.008494960587773e-05,FORCE_PAPER_EXIT,STRUCTURE_WEAKENING,钱包结构状态变为 WALLET_BLOCK，纸面阶段直接模拟退出,1.0,发现分发侧钱包 9 个；对手盘压力高，接盘/套牢筹码占比偏高,E4,live,5.2857358e-05,5.045710747031234e-05,-4.541,0.0,-4.541,"{'buy_slippage_pct': 3.0, 'sell_slippage_pct': 3.0, 'dex_fee_pct': 0.25, 'quote_deviation_buffer_pct': 1.0, 'priority_fee_sol': 0.0005, 'failed_tx_cost_sol': 0.0002}",7.25,,,,,,,,,,,,
paper-5oNQP9NSRspWy2qrpJexuvkX8DqZUW6TLNTZbHKypump-2026-05-02T18:16:42Z,,,5oNQP9NSRspWy2qrpJexuvkX8DqZUW6TLNTZbHKypump,CHARITYDROP,CLOSED,,2026-05-01 01:34:00 UTC,,5.9565305122370576e-05,,,0.2,,,,,,S4_强确认信号,,,,WALLET_BLOCK,0.0,100.0,100.0,,,,,,,,,,,,,,,,,,,,3.5664,钱包结构触发纸面强制退出,100.0,4.0402219956e-05,"[{'触发收益率': 50, '卖出比例': 25, '说明': '+50% 卖出 25%，回收部分风险'}, {'触发收益率': 100, '卖出比例': 25, '说明': '+100% 再卖出 25%'}, {'触发收益率': 200, '卖出比例': 25, '说明': '+200% 再卖出 25%，剩余跟踪'}]",[],5.9565305122370576e-05,5.9565305122370576e-05,5.9565305122370576e-05,2026-05-02T18:16:42Z,SIKK-B 控盘箱体突破回踩,READY_FOR_CONFIRMATION,钱包结构触发纸面退出；不执行真实 swap。,0.0,0.0,0,0.0,2026-05-02T18:27:34Z,6.168966367615499e-05,FORCE_PAPER_EXIT,STRUCTURE_WEAKENING,钱包结构状态变为 WALLET_BLOCK，纸面阶段直接模拟退出,1.0,早期钱包集中清仓，筹码控制权疑似向分发/对手盘转移；发现分发侧钱包 9 个；对手盘压力高，接盘/套牢筹码占比偏高,E4,live,4.2863783e-05,5.9565305122370576e-05,38.9642,0.0,38.9642,"{'buy_slippage_pct': 3.0, 'sell_slippage_pct': 3.0, 'dex_fee_pct': 0.25, 'quote_deviation_buffer_pct': 1.0, 'priority_fee_sol': 0.0005, 'failed_tx_cost_sol': 0.0002}",7.25,,,,,,,,,,,,
paper-EVrfnKXnX1XCT5ESvp6VJUwLFDU1Ajq1dpUrG5qUpump-2026-05-02T18:27:34Z,,,EVrfnKXnX1XCT5ESvp6VJUwLFDU1Ajq1dpUrG5qUpump,SMW,CLOSED,,2026-05-02 16:13:00 UTC,,9.729994337790099e-05,,,0.2,,,,,,S4_强确认信号,,,,WALLET_BLOCK,0.0,100.0,100.0,,,,,,,,,,,,,,,,,,,,0.0,命中纸面止损,100.0,0.00031523267248,"[{'触发收益率': 50, '卖出比例': 25, '说明': '+50% 卖出 25%，回收部分风险'}, {'触发收益率': 100, '卖出比例': 25, '说明': '+100% 再卖出 25%'}, {'触发收益率': 200, '卖出比例': 25, '说明': '+200% 再卖出 25%，剩余跟踪'}]",[],9.729994337790099e-05,9.729994337790099e-05,9.729994337790099e-05,2026-05-02T18:27:34Z,SIKK-B 控盘箱体突破回踩,READY_FOR_CONFIRMATION,纸面持仓，不执行真实 swap。,0.0,0.0,,,2026-05-02T18:27:34Z,9.729994337790099e-05,,,,1.0,发现分发侧钱包 1 个；对手盘压力高，接盘/套牢筹码占比偏高,E3,live,0.00033967533,9.729994337790099e-05,-71.355,0.0,-71.355,"{'buy_slippage_pct': 3.0, 'sell_slippage_pct': 3.0, 'dex_fee_pct': 0.25, 'quote_deviation_buffer_pct': 1.0, 'priority_fee_sol': 0.0005, 'failed_tx_cost_sol': 0.0002}",7.25,,,,,,,,,,,,
paper-GnqRKyQfcna6XbkoJMKkvUZUBQdtMb8oy5rH2ocpump-2026-05-02T18:16:42Z,,,GnqRKyQfcna6XbkoJMKkvUZUBQdtMb8oy5rH2ocpump,MSTRUMP,CLOSED,,2026-05-02 18:11:00 UTC,,0.0002134183311950532,,,0.2,,,,,,S4_强确认信号,,,,WALLET_BLOCK,0.0,100.0,100.0,,,,,,,,,,,,,,,,,,,,-3.2254,钱包结构触发纸面强制退出,100.0,0.00019465981,"[{'触发收益率': 50, '卖出比例': 25, '说明': '+50% 卖出 25%，回收部分风险'}, {'触发收益率': 100, '卖出比例': 25, '说明': '+100% 再卖出 25%'}, {'触发收益率': 200, '卖出比例': 25, '说明': '+200% 再卖出 25%，剩余跟踪'}]",[],0.0002134183311950532,0.0002134183311950532,0.0002134183311950532,2026-05-02T18:16:42Z,SIKK-B 控盘箱体突破回踩,READY_FOR_CONFIRMATION,钱包结构触发纸面退出；不执行真实 swap。,0.0,0.0,0,0.0,2026-05-02T18:38:16Z,0.00020653471886030434,FORCE_PAPER_EXIT,STRUCTURE_WEAKENING,钱包结构状态变为 WALLET_BLOCK，纸面阶段直接模拟退出,1.0,对手盘压力高，接盘/套牢筹码占比偏高,E3,live,0.00021495887,0.0002134183311950532,-0.7167,0.0,-0.7167,"{'buy_slippage_pct': 3.0, 'sell_slippage_pct': 3.0, 'dex_fee_pct': 0.25, 'quote_deviation_buffer_pct': 1.0, 'priority_fee_sol': 0.0005, 'failed_tx_cost_sol': 0.0002}",7.25,,,,,,,,,,,,
paper-ARea51UmRfn22Ds7KwFZirSMEEn1gtBdrhW4zLeveeV1-2026-05-02T18:27:34Z,,,ARea51UmRfn22Ds7KwFZirSMEEn1gtBdrhW4zLeveeV1,AALIEN,CLOSED,,2026-04-30 16:34:00 UTC,,0.0003805575903122146,,,0.185696,,,,,,S4_强确认信号,,,,WALLET_BLOCK,32.0,100.0,100.0,,,,,,,,,,,,,,,,,,,,-3.9823,钱包结构触发纸面强制退出,100.0,4.1728307712e-05,"[{'触发收益率': 50, '卖出比例': 25, '说明': '+50% 卖出 25%，回收部分风险'}, {'触发收益率': 100, '卖出比例': 25, '说明': '+100% 再卖出 25%'}, {'触发收益率': 200, '卖出比例': 25, '说明': '+200% 再卖出 25%，剩余跟踪'}]",[],0.0003805575903122146,0.0003805575903122146,0.0003805575903122146,2026-05-02T18:27:34Z,SIKK-B 控盘箱体突破回踩,READY_FOR_CONFIRMATION,钱包结构触发纸面退出；不执行真实 swap。,0.0,0.0,0,0.0,2026-05-02T18:38:16Z,0.000365402522855644,FORCE_PAPER_EXIT,STRUCTURE_WEAKENING,钱包结构状态变为 WALLET_BLOCK，纸面阶段直接模拟退出,1.0,发现分发侧钱包 13 个；对手盘压力高，接盘/套牢筹码占比偏高,E4,live,4.8220098e-05,0.0003805575903122146,689.2095,0.0,689.2095,"{'buy_slippage_pct': 3.0, 'sell_slippage_pct': 3.0, 'dex_fee_pct': 0.25, 'quote_deviation_buffer_pct': 1.0, 'priority_fee_sol': 0.0005, 'failed_tx_cost_sol': 0.0002}",7.25,,,,,,,,,,,,
paper-9KrdYnHHrsWYpWMxyzbmmrjcXRr7ERWpB3byNeb1pump-2026-05-02T18:27:34Z,,,9KrdYnHHrsWYpWMxyzbmmrjcXRr7ERWpB3byNeb1pump,UNIPUMP,CLOSED,,2026-05-01 19:01:00 UTC,,0.0002896782761446964,,,0.125662,,,,,,S4_强确认信号,,,,WALLET_BLOCK,28.0,100.0,100.0,,,,,,,,,,,,,,,,,,,,-0.0987,钱包结构触发纸面强制退出,100.0,0.00017545544616,"[{'触发收益率': 50, '卖出比例': 25, '说明': '+50% 卖出 25%，回收部分风险'}, {'触发收益率': 100, '卖出比例': 25, '说明': '+100% 再卖出 25%'}, {'触发收益率': 200, '卖出比例': 25, '说明': '+200% 再卖出 25%，剩余跟踪'}]",[],0.0002896782761446964,0.0002896782761446964,0.0002896782761446964,2026-05-02T18:27:34Z,SIKK-B 控盘箱体突破回踩,READY_FOR_CONFIRMATION,钱包结构触发纸面退出；不执行真实 swap。,0.0,0.0,0,0.0,2026-05-02T18:38:16Z,0.00028939225681280005,FORCE_PAPER_EXIT,STRUCTURE_WEAKENING,钱包结构状态变为 WALLET_BLOCK，纸面阶段直接模拟退出,1.0,发现分发侧钱包 4 个；对手盘压力高，接盘/套牢筹码占比偏高,E4,live,0.00021903091,0.0002896782761446964,32.2545,0.0,32.2545,"{'buy_slippage_pct': 3.0, 'sell_slippage_pct': 3.0, 'dex_fee_pct': 0.25, 'quote_deviation_buffer_pct': 1.0, 'priority_fee_sol': 0.0005, 'failed_tx_cost_sol': 0.0002}",7.25,,,,,,,,,,,,
paper-CEqaq1pe8TZUFyiTSy8MAz7wzoBu5xWExqW99BBVpump-2026-05-02T18:27:34Z,,,CEqaq1pe8TZUFyiTSy8MAz7wzoBu5xWExqW99BBVpump,NPC,CLOSED,,2026-05-02 05:08:00 UTC,,5.008494960587773e-05,,,0.2,,,,,,S4_强确认信号,,,,WALLET_BLOCK,64.0,100.0,100.0,,,,,,,,,,,,,,,,,,,,0.0,钱包结构触发纸面强制退出,100.0,4.7934788008000004e-05,"[{'触发收益率': 50, '卖出比例': 25, '说明': '+50% 卖出 25%，回收部分风险'}, {'触发收益率': 100, '卖出比例': 25, '说明': '+100% 再卖出 25%'}, {'触发收益率': 200, '卖出比例': 25, '说明': '+200% 再卖出 25%，剩余跟踪'}]",[],5.008494960587773e-05,5.008494960587773e-05,5.008494960587773e-05,2026-05-02T18:27:34Z,SIKK-B 控盘箱体突破回踩,READY_FOR_CONFIRMATION,钱包结构触发纸面退出；不执行真实 swap。,0.0,0.0,0,0.0,2026-05-02T18:38:16Z,5.008494960587773e-05,FORCE_PAPER_EXIT,STRUCTURE_WEAKENING,钱包结构状态变为 WALLET_BLOCK，纸面阶段直接模拟退出,1.0,发现分发侧钱包 9 个；对手盘压力高，接盘/套牢筹码占比偏高,E4,live,5.2857358e-05,5.008494960587773e-05,-5.2451,0.0,-5.2451,"{'buy_slippage_pct': 3.0, 'sell_slippage_pct': 3.0, 'dex_fee_pct': 0.25, 'quote_deviation_buffer_pct': 1.0, 'priority_fee_sol': 0.0005, 'failed_tx_cost_sol': 0.0002}",7.25,,,,,,,,,,,,
paper-EVrfnKXnX1XCT5ESvp6VJUwLFDU1Ajq1dpUrG5qUpump-2026-05-02T18:38:16Z,,,EVrfnKXnX1XCT5ESvp6VJUwLFDU1Ajq1dpUrG5qUpump,SMW,CLOSED,,2026-05-02 16:13:00 UTC,,9.487190563272819e-05,,,0.2,,,,,,S4_强确认信号,,,,WALLET_BLOCK,0.0,100.0,100.0,,,,,,,,,,,,,,,,,,,,0.0,命中纸面止损,100.0,0.00031523267248,"[{'触发收益率': 50, '卖出比例': 25, '说明': '+50% 卖出 25%，回收部分风险'}, {'触发收益率': 100, '卖出比例': 25, '说明': '+100% 再卖出 25%'}, {'触发收益率': 200, '卖出比例': 25, '说明': '+200% 再卖出 25%，剩余跟踪'}]",[],9.487190563272819e-05,9.487190563272819e-05,9.487190563272819e-05,2026-05-02T18:38:16Z,SIKK-B 控盘箱体突破回踩,READY_FOR_CONFIRMATION,纸面持仓，不执行真实 swap。,0.0,0.0,,,2026-05-02T18:38:16Z,9.487190563272819e-05,,,,1.0,发现分发侧钱包 1 个；对手盘压力高，接盘/套牢筹码占比偏高,E3,live,0.00033967533,9.487190563272819e-05,-72.0698,0.0,-72.0698,"{'buy_slippage_pct': 3.0, 'sell_slippage_pct': 3.0, 'dex_fee_pct': 0.25, 'quote_deviation_buffer_pct': 1.0, 'priority_fee_sol': 0.0005, 'failed_tx_cost_sol': 0.0002}",7.25,,,,,,,,,,,,
paper-W1NqGUNfaxJpiKeeu9p8yxZNomPaC1ugLHeZ5ZvKC4m-2026-05-02T18:38:16Z,,,W1NqGUNfaxJpiKeeu9p8yxZNomPaC1ugLHeZ5ZvKC4m,WINNING,CLOSED,,2026-05-02 17:18:00 UTC,,0.00013063595325476786,,,0.1546,,,,,,S4_强确认信号,,,,WALLET_BLOCK,0.0,100.0,100.0,,,,,,,,,,,,,,,,,,,,0.0,命中纸面止损,100.0,0.00013600813608,"[{'触发收益率': 50, '卖出比例': 25, '说明': '+50% 卖出 25%，回收部分风险'}, {'触发收益率': 100, '卖出比例': 25, '说明': '+100% 再卖出 25%'}, {'触发收益率': 200, '卖出比例': 25, '说明': '+200% 再卖出 25%，剩余跟踪'}]",[],0.00013063595325476786,0.00013063595325476786,0.00013063595325476786,2026-05-02T18:38:16Z,SIKK-B 控盘箱体突破回踩,READY_FOR_CONFIRMATION,纸面持仓，不执行真实 swap。,0.0,0.0,,,2026-05-02T18:38:16Z,0.00013063595325476786,,,,1.0,发现分发侧钱包 30 个；对手盘压力高，接盘/套牢筹码占比偏高,E3,live,0.00016224431,0.00013063595325476786,-19.482,0.0,-19.482,"{'buy_slippage_pct': 3.0, 'sell_slippage_pct': 3.0, 'dex_fee_pct': 0.25, 'quote_deviation_buffer_pct': 1.0, 'priority_fee_sol': 0.0005, 'failed_tx_cost_sol': 0.0002}",7.25,,,,,,,,,,,,
paper-5oNQP9NSRspWy2qrpJexuvkX8DqZUW6TLNTZbHKypump-2026-05-02T18:27:34Z,,,5oNQP9NSRspWy2qrpJexuvkX8DqZUW6TLNTZbHKypump,CHARITYDROP,CLOSED,,2026-05-01 01:34:00 UTC,,6.168966367615499e-05,,,0.2,,,,,,S4_强确认信号,,,,WALLET_BLOCK,0.0,100.0,100.0,,,,,,,,,,,,,,,,,,,,-1.7643,钱包结构触发纸面强制退出,100.0,4.0402219956e-05,"[{'触发收益率': 50, '卖出比例': 25, '说明': '+50% 卖出 25%，回收部分风险'}, {'触发收益率': 100, '卖出比例': 25, '说明': '+100% 再卖出 25%'}, {'触发收益率': 200, '卖出比例': 25, '说明': '+200% 再卖出 25%，剩余跟踪'}]",[],6.168966367615499e-05,6.168966367615499e-05,6.168966367615499e-05,2026-05-02T18:27:34Z,SIKK-B 控盘箱体突破回踩,READY_FOR_CONFIRMATION,钱包结构触发纸面退出；不执行真实 swap。,0.0,0.0,0,0.0,2026-05-02T18:48:46Z,6.06012793497512e-05,FORCE_PAPER_EXIT,STRUCTURE_WEAKENING,钱包结构状态变为 WALLET_BLOCK，纸面阶段直接模拟退出,1.0,早期钱包集中清仓，筹码控制权疑似向分发/对手盘转移；发现分发侧钱包 9 个；对手盘压力高，接盘/套牢筹码占比偏高,E4,live,4.2863783e-05,6.168966367615499e-05,43.9203,0.0,43.9203,"{'buy_slippage_pct': 3.0, 'sell_slippage_pct': 3.0, 'dex_fee_pct': 0.25, 'quote_deviation_buffer_pct': 1.0, 'priority_fee_sol': 0.0005, 'failed_tx_cost_sol': 0.0002}",7.25,,,,,,,,,,,,
paper-ARea51UmRfn22Ds7KwFZirSMEEn1gtBdrhW4zLeveeV1-2026-05-02T18:38:16Z,,,ARea51UmRfn22Ds7KwFZirSMEEn1gtBdrhW4zLeveeV1,AALIEN,CLOSED,,2026-04-30 16:34:00 UTC,,0.0003654044057463372,,,0.185696,,,,,,S4_强确认信号,,,,WALLET_BLOCK,32.0,100.0,100.0,,,,,,,,,,,,,,,,,,,,-0.1915,钱包结构触发纸面强制退出,100.0,4.1728307712e-05,"[{'触发收益率': 50, '卖出比例': 25, '说明': '+50% 卖出 25%，回收部分风险'}, {'触发收益率': 100, '卖出比例': 25, '说明': '+100% 再卖出 25%'}, {'触发收益率': 200, '卖出比例': 25, '说明': '+200% 再卖出 25%，剩余跟踪'}]",[],0.0003654044057463372,0.0003654044057463372,0.0003654044057463372,2026-05-02T18:38:16Z,SIKK-B 控盘箱体突破回踩,READY_FOR_CONFIRMATION,钱包结构触发纸面退出；不执行真实 swap。,0.0,0.0,0,0.0,2026-05-02T18:48:46Z,0.0003647046886281549,FORCE_PAPER_EXIT,STRUCTURE_WEAKENING,钱包结构状态变为 WALLET_BLOCK，纸面阶段直接模拟退出,1.0,发现分发侧钱包 13 个；对手盘压力高，接盘/套牢筹码占比偏高,E4,live,4.8220098e-05,0.0003654044057463372,657.7845,0.0,657.7845,"{'buy_slippage_pct': 3.0, 'sell_slippage_pct': 3.0, 'dex_fee_pct': 0.25, 'quote_deviation_buffer_pct': 1.0, 'priority_fee_sol': 0.0005, 'failed_tx_cost_sol': 0.0002}",7.25,,,,,,,,,,,,
paper-F8R8VWgiKHvpEh13DFtKsk5PSN7vMzzvP5mmLLUspump-2026-05-02T18:38:16Z,,,F8R8VWgiKHvpEh13DFtKsk5PSN7vMzzvP5mmLLUspump,lolcat,CLOSED,,2026-05-01 14:52:00 UTC,,6.703304511141256e-05,,,0.150147,,,,,,S4_强确认信号,,,,WALLET_BLOCK,32.0,100.0,100.0,,,,,,,,,,,,,,,,,,,,-7.0617,钱包结构触发纸面强制退出,100.0,2.883035936e-05,"[{'触发收益率': 50, '卖出比例': 25, '说明': '+50% 卖出 25%，回收部分风险'}, {'触发收益率': 100, '卖出比例': 25, '说明': '+100% 再卖出 25%'}, {'触发收益率': 200, '卖出比例': 25, '说明': '+200% 再卖出 25%，剩余跟踪'}]",[],6.703304511141256e-05,6.703304511141256e-05,6.703304511141256e-05,2026-05-02T18:38:16Z,SIKK-B 控盘箱体突破回踩,READY_FOR_CONFIRMATION,钱包结构触发纸面退出；不执行真实 swap。,0.0,0.0,0,0.0,2026-05-02T18:48:46Z,6.229938364883508e-05,FORCE_PAPER_EXIT,STRUCTURE_WEAKENING,钱包结构状态变为 WALLET_BLOCK，纸面阶段直接模拟退出,1.0,发现分发侧钱包 8 个；对手盘压力高，接盘/套牢筹码占比偏高,E3,live,3.4589665e-05,6.703304511141256e-05,93.795,0.0,93.795,"{'buy_slippage_pct': 3.0, 'sell_slippage_pct': 3.0, 'dex_fee_pct': 0.25, 'quote_deviation_buffer_pct': 1.0, 'priority_fee_sol': 0.0005, 'failed_tx_cost_sol': 0.0002}",7.25,,,,,,,,,,,,
paper-GnqRKyQfcna6XbkoJMKkvUZUBQdtMb8oy5rH2ocpump-2026-05-02T18:38:16Z,,,GnqRKyQfcna6XbkoJMKkvUZUBQdtMb8oy5rH2ocpump,MSTRUMP,CLOSED,,2026-05-02 18:11:00 UTC,,0.0002085871699257825,,,0.2,,,,,,S4_强确认信号,,,,WALLET_BLOCK,0.0,100.0,100.0,,,,,,,,,,,,,,,,,,,,-7.7726,钱包结构触发纸面强制退出,100.0,0.00019465981,"[{'触发收益率': 50, '卖出比例': 25, '说明': '+50% 卖出 25%，回收部分风险'}, {'触发收益率': 100, '卖出比例': 25, '说明': '+100% 再卖出 25%'}, {'触发收益率': 200, '卖出比例': 25, '说明': '+200% 再卖出 25%，剩余跟踪'}]",[],0.0002085871699257825,0.0002085871699257825,0.0002085871699257825,2026-05-02T18:38:16Z,SIKK-B 控盘箱体突破回踩,READY_FOR_CONFIRMATION,钱包结构触发纸面退出；不执行真实 swap。,0.0,0.0,0,0.0,2026-05-02T18:48:46Z,0.00019237449461346296,FORCE_PAPER_EXIT,STRUCTURE_WEAKENING,钱包结构状态变为 WALLET_BLOCK，纸面阶段直接模拟退出,1.0,发现分发侧钱包 1 个；对手盘压力高，接盘/套牢筹码占比偏高,E3,live,0.00021495887,0.0002085871699257825,-2.9641,0.0,-2.9641,"{'buy_slippage_pct': 3.0, 'sell_slippage_pct': 3.0, 'dex_fee_pct': 0.25, 'quote_deviation_buffer_pct': 1.0, 'priority_fee_sol': 0.0005, 'failed_tx_cost_sol': 0.0002}",7.25,,,,,,,,,,,,
paper-GnqRKyQfcna6XbkoJMKkvUZUBQdtMb8oy5rH2ocpump-2026-05-02T18:48:46Z,,,GnqRKyQfcna6XbkoJMKkvUZUBQdtMb8oy5rH2ocpump,MSTRUMP,CLOSED,,2026-05-02 18:11:00 UTC,,0.00019237449461346296,,,0.2,,,,,,S4_强确认信号,,,,WALLET_BLOCK,0.0,100.0,100.0,,,,,,,,,,,,,,,,,,,,0.0,命中纸面止损,100.0,0.00019465981,"[{'触发收益率': 50, '卖出比例': 25, '说明': '+50% 卖出 25%，回收部分风险'}, {'触发收益率': 100, '卖出比例': 25, '说明': '+100% 再卖出 25%'}, {'触发收益率': 200, '卖出比例': 25, '说明': '+200% 再卖出 25%，剩余跟踪'}]",[],0.00019237449461346296,0.00019237449461346296,0.00019237449461346296,2026-05-02T18:48:46Z,SIKK-B 控盘箱体突破回踩,READY_FOR_CONFIRMATION,纸面持仓，不执行真实 swap。,0.0,0.0,,,2026-05-02T18:48:46Z,0.00019237449461346296,,,,1.0,发现分发侧钱包 1 个；对手盘压力高，接盘/套牢筹码占比偏高,E3,live,0.00021495887,0.00019237449461346296,-10.5064,0.0,-10.5064,"{'buy_slippage_pct': 3.0, 'sell_slippage_pct': 3.0, 'dex_fee_pct': 0.25, 'quote_deviation_buffer_pct': 1.0, 'priority_fee_sol': 0.0005, 'failed_tx_cost_sol': 0.0002}",7.25,,,,,,,,,,,,
paper-EVrfnKXnX1XCT5ESvp6VJUwLFDU1Ajq1dpUrG5qUpump-2026-05-02T18:48:46Z,,,EVrfnKXnX1XCT5ESvp6VJUwLFDU1Ajq1dpUrG5qUpump,SMW,CLOSED,,2026-05-02 16:13:00 UTC,,9.826065788287178e-05,,,0.2,,,,,,S4_强确认信号,,,,WALLET_BLOCK,0.0,100.0,100.0,,,,,,,,,,,,,,,,,,,,0.0,命中纸面止损,100.0,0.00031523267248,"[{'触发收益率': 50, '卖出比例': 25, '说明': '+50% 卖出 25%，回收部分风险'}, {'触发收益率': 100, '卖出比例': 25, '说明': '+100% 再卖出 25%'}, {'触发收益率': 200, '卖出比例': 25, '说明': '+200% 再卖出 25%，剩余跟踪'}]",[],9.826065788287178e-05,9.826065788287178e-05,9.826065788287178e-05,2026-05-02T18:48:46Z,SIKK-B 控盘箱体突破回踩,READY_FOR_CONFIRMATION,纸面持仓，不执行真实 swap。,0.0,0.0,,,2026-05-02T18:48:46Z,9.826065788287178e-05,,,,1.0,发现分发侧钱包 1 个；对手盘压力高，接盘/套牢筹码占比偏高,E3,live,0.00033967533,9.826065788287178e-05,-71.0722,0.0,-71.0722,"{'buy_slippage_pct': 3.0, 'sell_slippage_pct': 3.0, 'dex_fee_pct': 0.25, 'quote_deviation_buffer_pct': 1.0, 'priority_fee_sol': 0.0005, 'failed_tx_cost_sol': 0.0002}",7.25,,,,,,,,,,,,
paper-EVrfnKXnX1XCT5ESvp6VJUwLFDU1Ajq1dpUrG5qUpump-2026-05-02T18:59:16Z,,,EVrfnKXnX1XCT5ESvp6VJUwLFDU1Ajq1dpUrG5qUpump,SMW,CLOSED,,2026-05-02 16:13:00 UTC,,9.648964750466152e-05,,,0.2,,,,,,S4_强确认信号,,,,WALLET_BLOCK,0.0,100.0,100.0,,,,,,,,,,,,,,,,,,,,0.0,命中纸面止损,100.0,0.00031523267248,"[{'触发收益率': 50, '卖出比例': 25, '说明': '+50% 卖出 25%，回收部分风险'}, {'触发收益率': 100, '卖出比例': 25, '说明': '+100% 再卖出 25%'}, {'触发收益率': 200, '卖出比例': 25, '说明': '+200% 再卖出 25%，剩余跟踪'}]",[],9.648964750466152e-05,9.648964750466152e-05,9.648964750466152e-05,2026-05-02T18:59:16Z,SIKK-B 控盘箱体突破回踩,READY_FOR_CONFIRMATION,纸面持仓，不执行真实 swap。,0.0,0.0,,,2026-05-02T18:59:16Z,9.648964750466152e-05,,,,1.0,发现分发侧钱包 1 个；对手盘压力高，接盘/套牢筹码占比偏高,E3,live,0.00033967533,9.648964750466152e-05,-71.5936,0.0,-71.5936,"{'buy_slippage_pct': 3.0, 'sell_slippage_pct': 3.0, 'dex_fee_pct': 0.25, 'quote_deviation_buffer_pct': 1.0, 'priority_fee_sol': 0.0005, 'failed_tx_cost_sol': 0.0002}",7.25,,,,,,,,,,,,
paper-ARea51UmRfn22Ds7KwFZirSMEEn1gtBdrhW4zLeveeV1-2026-05-02T18:59:16Z,,,ARea51UmRfn22Ds7KwFZirSMEEn1gtBdrhW4zLeveeV1,AALIEN,CLOSED,,2026-04-30 16:34:00 UTC,,0.00037316183984072556,,,0.185696,,,,,,S4_强确认信号,,,,WALLET_BLOCK,32.0,100.0,100.0,,,,,,,,,,,,,,,,,,,,14.6364,钱包结构触发纸面强制退出,100.0,4.1728307712e-05,"[{'触发收益率': 50, '卖出比例': 25, '说明': '+50% 卖出 25%，回收部分风险'}, {'触发收益率': 100, '卖出比例': 25, '说明': '+100% 再卖出 25%'}, {'触发收益率': 200, '卖出比例': 25, '说明': '+200% 再卖出 25%，剩余跟踪'}]",[],0.00037316183984072556,0.00037316183984072556,0.00037316183984072556,2026-05-02T18:59:16Z,SIKK-B 控盘箱体突破回踩,READY_FOR_CONFIRMATION,钱包结构触发纸面退出；不执行真实 swap。,0.0,0.0,0,0.0,2026-05-02T19:09:45Z,0.00042777931671064847,FORCE_PAPER_EXIT,STRUCTURE_WEAKENING,钱包结构状态变为 WALLET_BLOCK，纸面阶段直接模拟退出,1.0,发现分发侧钱包 14 个；对手盘压力高，接盘/套牢筹码占比偏高,E4,live,4.8220098e-05,0.00037316183984072556,673.872,0.0,673.872,"{'buy_slippage_pct': 3.0, 'sell_slippage_pct': 3.0, 'dex_fee_pct': 0.25, 'quote_deviation_buffer_pct': 1.0, 'priority_fee_sol': 0.0005, 'failed_tx_cost_sol': 0.0002}",7.25,,,,,,,,,,,,
paper-7soYuSPe1LaJ9V37W7ZGDB5Xwxi41LUWjRT3AEQGpump-2026-05-02T18:59:16Z,,,7soYuSPe1LaJ9V37W7ZGDB5Xwxi41LUWjRT3AEQGpump,WOLVERINE,CLOSED,,2026-04-28 16:24:00 UTC,,0.0001700100844519168,,,0.177725,,,,,,S4_强确认信号,,,,WALLET_BLOCK,48.0,100.0,100.0,,,,,,,,,,,,,,,,,,,,12.0613,钱包结构触发纸面强制退出,100.0,5.9818622084000004e-05,"[{'触发收益率': 50, '卖出比例': 25, '说明': '+50% 卖出 25%，回收部分风险'}, {'触发收益率': 100, '卖出比例': 25, '说明': '+100% 再卖出 25%'}, {'触发收益率': 200, '卖出比例': 25, '说明': '+200% 再卖出 25%，剩余跟踪'}]",[],0.0001700100844519168,0.0001700100844519168,0.0001700100844519168,2026-05-02T18:59:16Z,SIKK-B 控盘箱体突破回踩,READY_FOR_CONFIRMATION,钱包结构触发纸面退出；不执行真实 swap。,0.0,0.0,0,0.0,2026-05-02T19:09:45Z,0.00019051542707124638,FORCE_PAPER_EXIT,STRUCTURE_WEAKENING,钱包结构状态变为 WALLET_BLOCK，纸面阶段直接模拟退出,1.0,发现分发侧钱包 8 个；对手盘压力高，接盘/套牢筹码占比偏高,E4,live,6.9610509e-05,0.0001700100844519168,144.2305,0.0,144.2305,"{'buy_slippage_pct': 3.0, 'sell_slippage_pct': 3.0, 'dex_fee_pct': 0.25, 'quote_deviation_buffer_pct': 1.0, 'priority_fee_sol': 0.0005, 'failed_tx_cost_sol': 0.0002}",7.25,,,,,,,,,,,,
paper-GnqRKyQfcna6XbkoJMKkvUZUBQdtMb8oy5rH2ocpump-2026-05-02T18:59:16Z,,,GnqRKyQfcna6XbkoJMKkvUZUBQdtMb8oy5rH2ocpump,MSTRUMP,CLOSED,,2026-05-02 18:11:00 UTC,,0.00023081012675817627,,,0.2,,,,,,S4_强确认信号,,,,WALLET_BLOCK,0.0,100.0,100.0,,,,,,,,,,,,,,,,,,,,2.6465,钱包结构触发纸面强制退出,100.0,0.00019465981,"[{'触发收益率': 50, '卖出比例': 25, '说明': '+50% 卖出 25%，回收部分风险'}, {'触发收益率': 100, '卖出比例': 25, '说明': '+100% 再卖出 25%'}, {'触发收益率': 200, '卖出比例': 25, '说明': '+200% 再卖出 25%，剩余跟踪'}]",[],0.00023081012675817627,0.00023081012675817627,0.00023081012675817627,2026-05-02T18:59:16Z,SIKK-B 控盘箱体突破回踩,READY_FOR_CONFIRMATION,钱包结构触发纸面退出；不执行真实 swap。,0.0,0.0,0,0.0,2026-05-02T19:09:45Z,0.0002369185795872648,FORCE_PAPER_EXIT,STRUCTURE_WEAKENING,钱包结构状态变为 WALLET_BLOCK，纸面阶段直接模拟退出,1.0,发现分发侧钱包 1 个；对手盘压力高，接盘/套牢筹码占比偏高,E3,live,0.00021495887,0.00023081012675817627,7.3741,0.0,7.3741,"{'buy_slippage_pct': 3.0, 'sell_slippage_pct': 3.0, 'dex_fee_pct': 0.25, 'quote_deviation_buffer_pct': 1.0, 'priority_fee_sol': 0.0005, 'failed_tx_cost_sol': 0.0002}",7.25,,,,,,,,,,,,
paper-EVrfnKXnX1XCT5ESvp6VJUwLFDU1Ajq1dpUrG5qUpump-2026-05-02T19:09:45Z,,,EVrfnKXnX1XCT5ESvp6VJUwLFDU1Ajq1dpUrG5qUpump,SMW,CLOSED,,2026-05-02 16:13:00 UTC,,0.00011246442766824508,,,0.2,,,,,,S4_强确认信号,,,,WALLET_BLOCK,0.0,100.0,100.0,,,,,,,,,,,,,,,,,,,,0.0,命中纸面止损,100.0,0.00031523267248,"[{'触发收益率': 50, '卖出比例': 25, '说明': '+50% 卖出 25%，回收部分风险'}, {'触发收益率': 100, '卖出比例': 25, '说明': '+100% 再卖出 25%'}, {'触发收益率': 200, '卖出比例': 25, '说明': '+200% 再卖出 25%，剩余跟踪'}]",[],0.00011246442766824508,0.00011246442766824508,0.00011246442766824508,2026-05-02T19:09:45Z,SIKK-B 控盘箱体突破回踩,READY_FOR_CONFIRMATION,纸面持仓，不执行真实 swap。,0.0,0.0,,,2026-05-02T19:09:45Z,0.00011246442766824508,,,,1.0,对手盘压力高，接盘/套牢筹码占比偏高,E3,live,0.00033967533,0.00011246442766824508,-66.8906,0.0,-66.8906,"{'buy_slippage_pct': 3.0, 'sell_slippage_pct': 3.0, 'dex_fee_pct': 0.25, 'quote_deviation_buffer_pct': 1.0, 'priority_fee_sol': 0.0005, 'failed_tx_cost_sol': 0.0002}",7.25,,,,,,,,,,,,
paper-7soYuSPe1LaJ9V37W7ZGDB5Xwxi41LUWjRT3AEQGpump-2026-05-02T19:09:45Z,,,7soYuSPe1LaJ9V37W7ZGDB5Xwxi41LUWjRT3AEQGpump,WOLVERINE,CLOSED,,2026-04-28 16:24:00 UTC,,0.00019051542707124638,,,0.177725,,,,,,S4_强确认信号,,,,WALLET_BLOCK,48.0,100.0,100.0,,,,,,,,,,,,,,,,,,,,0.834,钱包结构触发纸面强制退出,100.0,5.9818622084000004e-05,"[{'触发收益率': 50, '卖出比例': 25, '说明': '+50% 卖出 25%，回收部分风险'}, {'触发收益率': 100, '卖出比例': 25, '说明': '+100% 再卖出 25%'}, {'触发收益率': 200, '卖出比例': 25, '说明': '+200% 再卖出 25%，剩余跟踪'}]",[],0.00019051542707124638,0.00019051542707124638,0.00019051542707124638,2026-05-02T19:09:45Z,SIKK-B 控盘箱体突破回踩,READY_FOR_CONFIRMATION,钱包结构触发纸面退出；不执行真实 swap。,0.0,0.0,0,0.0,2026-05-02T19:20:16Z,0.0001921044202341302,FORCE_PAPER_EXIT,STRUCTURE_WEAKENING,钱包结构状态变为 WALLET_BLOCK，纸面阶段直接模拟退出,1.0,发现分发侧钱包 8 个；对手盘压力高，接盘/套牢筹码占比偏高,E4,live,6.9610509e-05,0.00019051542707124638,173.6877,0.0,173.6877,"{'buy_slippage_pct': 3.0, 'sell_slippage_pct': 3.0, 'dex_fee_pct': 0.25, 'quote_deviation_buffer_pct': 1.0, 'priority_fee_sol': 0.0005, 'failed_tx_cost_sol': 0.0002}",7.25,,,,,,,,,,,,
paper-GnqRKyQfcna6XbkoJMKkvUZUBQdtMb8oy5rH2ocpump-2026-05-02T19:09:45Z,,,GnqRKyQfcna6XbkoJMKkvUZUBQdtMb8oy5rH2ocpump,MSTRUMP,CLOSED,,2026-05-02 18:10:00 UTC,,0.00023855734979980707,,,0.2,,,,,,S4_强确认信号,,,,WALLET_BLOCK,0.0,100.0,100.0,,,,,,,,,,,,,,,,,,,,-18.4467,钱包结构触发纸面强制退出,100.0,0.00018705224943999998,"[{'触发收益率': 50, '卖出比例': 25, '说明': '+50% 卖出 25%，回收部分风险'}, {'触发收益率': 100, '卖出比例': 25, '说明': '+100% 再卖出 25%'}, {'触发收益率': 200, '卖出比例': 25, '说明': '+200% 再卖出 25%，剩余跟踪'}]",[],0.00023855734979980707,0.00023855734979980707,0.00023855734979980707,2026-05-02T19:09:45Z,SIKK-B 控盘箱体突破回踩,READY_FOR_CONFIRMATION,钱包结构触发纸面退出；不执行真实 swap。,0.0,0.0,0,0.0,2026-05-02T19:20:16Z,0.00019455133389511986,FORCE_PAPER_EXIT,STRUCTURE_WEAKENING,钱包结构状态变为 WALLET_BLOCK，纸面阶段直接模拟退出,1.0,发现分发侧钱包 1 个；对手盘压力高，接盘/套牢筹码占比偏高,E3,live,0.00020833754,0.00023855734979980707,14.5052,0.0,14.5052,"{'buy_slippage_pct': 3.0, 'sell_slippage_pct': 3.0, 'dex_fee_pct': 0.25, 'quote_deviation_buffer_pct': 1.0, 'priority_fee_sol': 0.0005, 'failed_tx_cost_sol': 0.0002}",7.25,,,,,,,,,,,,
paper-7soYuSPe1LaJ9V37W7ZGDB5Xwxi41LUWjRT3AEQGpump-2026-05-02T19:20:16Z,,,7soYuSPe1LaJ9V37W7ZGDB5Xwxi41LUWjRT3AEQGpump,WOLVERINE,CLOSED,,2026-04-28 16:24:00 UTC,,0.0001921044202341302,,,0.177725,,,,,,S4_强确认信号,,,,WALLET_BLOCK,48.0,100.0,100.0,,,,,,,,,,,,,,,,,,,,-16.502,钱包结构触发纸面强制退出,100.0,5.9818622084000004e-05,"[{'触发收益率': 50, '卖出比例': 25, '说明': '+50% 卖出 25%，回收部分风险'}, {'触发收益率': 100, '卖出比例': 25, '说明': '+100% 再卖出 25%'}, {'触发收益率': 200, '卖出比例': 25, '说明': '+200% 再卖出 25%，剩余跟踪'}]",[],0.0001921044202341302,0.0001921044202341302,0.0001921044202341302,2026-05-02T19:20:16Z,SIKK-B 控盘箱体突破回踩,READY_FOR_CONFIRMATION,钱包结构触发纸面退出；不执行真实 swap。,0.0,0.0,0,0.0,2026-05-02T19:30:40Z,0.0001604034212751105,FORCE_PAPER_EXIT,STRUCTURE_WEAKENING,钱包结构状态变为 WALLET_BLOCK，纸面阶段直接模拟退出,1.0,发现分发侧钱包 9 个；对手盘压力高，接盘/套牢筹码占比偏高,E4,live,6.9610509e-05,0.0001921044202341302,175.9704,0.0,175.9704,"{'buy_slippage_pct': 3.0, 'sell_slippage_pct': 3.0, 'dex_fee_pct': 0.25, 'quote_deviation_buffer_pct': 1.0, 'priority_fee_sol': 0.0005, 'failed_tx_cost_sol': 0.0002}",7.25,,,,,,,,,,,,
paper-ARea51UmRfn22Ds7KwFZirSMEEn1gtBdrhW4zLeveeV1-2026-05-02T19:20:16Z,,,ARea51UmRfn22Ds7KwFZirSMEEn1gtBdrhW4zLeveeV1,AALIEN,CLOSED,,2026-04-30 16:34:00 UTC,,0.00040472225090740715,,,0.185696,,,,,,S4_强确认信号,,,,WALLET_BLOCK,32.0,100.0,100.0,,,,,,,,,,,,,,,,,,,,2.4753,钱包结构触发纸面强制退出,100.0,4.1728307712e-05,"[{'触发收益率': 50, '卖出比例': 25, '说明': '+50% 卖出 25%，回收部分风险'}, {'触发收益率': 100, '卖出比例': 25, '说明': '+100% 再卖出 25%'}, {'触发收益率': 200, '卖出比例': 25, '说明': '+200% 再卖出 25%，剩余跟踪'}]",[],0.00040472225090740715,0.00040472225090740715,0.00040472225090740715,2026-05-02T19:20:16Z,SIKK-B 控盘箱体突破回踩,READY_FOR_CONFIRMATION,钱包结构触发纸面退出；不执行真实 swap。,0.0,0.0,0,0.0,2026-05-02T19:30:40Z,0.00041474048898871473,FORCE_PAPER_EXIT,STRUCTURE_WEAKENING,钱包结构状态变为 WALLET_BLOCK，纸面阶段直接模拟退出,1.0,发现分发侧钱包 15 个；对手盘压力高，接盘/套牢筹码占比偏高,E4,live,4.8220098e-05,0.00040472225090740715,739.3227,0.0,739.3227,"{'buy_slippage_pct': 3.0, 'sell_slippage_pct': 3.0, 'dex_fee_pct': 0.25, 'quote_deviation_buffer_pct': 1.0, 'priority_fee_sol': 0.0005, 'failed_tx_cost_sol': 0.0002}",7.25,,,,,,,,,,,,
paper-ARea51UmRfn22Ds7KwFZirSMEEn1gtBdrhW4zLeveeV1-2026-05-02T19:30:40Z,,,ARea51UmRfn22Ds7KwFZirSMEEn1gtBdrhW4zLeveeV1,AALIEN,CLOSED,,2026-04-30 16:34:00 UTC,,0.00041474048898871473,,,0.185696,,,,,,S4_强确认信号,,,,WALLET_BLOCK,32.0,100.0,100.0,,,,,,,,,,,,,,,,,,,,-1.3907,钱包结构触发纸面强制退出,100.0,4.1728307712e-05,"[{'触发收益率': 50, '卖出比例': 25, '说明': '+50% 卖出 25%，回收部分风险'}, {'触发收益率': 100, '卖出比例': 25, '说明': '+100% 再卖出 25%'}, {'触发收益率': 200, '卖出比例': 25, '说明': '+200% 再卖出 25%，剩余跟踪'}]",[],0.00041474048898871473,0.00041474048898871473,0.00041474048898871473,2026-05-02T19:30:40Z,SIKK-B 控盘箱体突破回踩,READY_FOR_CONFIRMATION,钱包结构触发纸面退出；不执行真实 swap。,0.0,0.0,0,0.0,2026-05-02T19:41:08Z,0.0004089727899310284,FORCE_PAPER_EXIT,STRUCTURE_WEAKENING,钱包结构状态变为 WALLET_BLOCK，纸面阶段直接模拟退出,1.0,发现分发侧钱包 16 个；对手盘压力高，接盘/套牢筹码占比偏高,E4,live,4.8220098e-05,0.00041474048898871473,760.0988,0.0,760.0988,"{'buy_slippage_pct': 3.0, 'sell_slippage_pct': 3.0, 'dex_fee_pct': 0.25, 'quote_deviation_buffer_pct': 1.0, 'priority_fee_sol': 0.0005, 'failed_tx_cost_sol': 0.0002}",7.25,,,,,,,,,,,,
paper-7soYuSPe1LaJ9V37W7ZGDB5Xwxi41LUWjRT3AEQGpump-2026-05-02T19:30:40Z,,,7soYuSPe1LaJ9V37W7ZGDB5Xwxi41LUWjRT3AEQGpump,WOLVERINE,CLOSED,,2026-04-28 16:24:00 UTC,,0.0001604034212751105,,,0.177725,,,,,,S4_强确认信号,,,,WALLET_BLOCK,48.0,100.0,100.0,,,,,,,,,,,,,,,,,,,,-2.4872,钱包结构触发纸面强制退出,100.0,5.9818622084000004e-05,"[{'触发收益率': 50, '卖出比例': 25, '说明': '+50% 卖出 25%，回收部分风险'}, {'触发收益率': 100, '卖出比例': 25, '说明': '+100% 再卖出 25%'}, {'触发收益率': 200, '卖出比例': 25, '说明': '+200% 再卖出 25%，剩余跟踪'}]",[],0.0001604034212751105,0.0001604034212751105,0.0001604034212751105,2026-05-02T19:30:40Z,SIKK-B 控盘箱体突破回踩,READY_FOR_CONFIRMATION,钱包结构触发纸面退出；不执行真实 swap。,0.0,0.0,0,0.0,2026-05-02T19:41:08Z,0.0001564139077286506,FORCE_PAPER_EXIT,STRUCTURE_WEAKENING,钱包结构状态变为 WALLET_BLOCK，纸面阶段直接模拟退出,1.0,发现分发侧钱包 9 个；对手盘压力高，接盘/套牢筹码占比偏高,E4,live,6.9610509e-05,0.0001604034212751105,130.4299,0.0,130.4299,"{'buy_slippage_pct': 3.0, 'sell_slippage_pct': 3.0, 'dex_fee_pct': 0.25, 'quote_deviation_buffer_pct': 1.0, 'priority_fee_sol': 0.0005, 'failed_tx_cost_sol': 0.0002}",7.25,,,,,,,,,,,,
paper-3hHZ3QFWKVgUdi64uHJumK9T7hDR2Tr6WZBjUfP5pump-2026-05-02T19:41:08Z,,,3hHZ3QFWKVgUdi64uHJumK9T7hDR2Tr6WZBjUfP5pump,FINE,CLOSED,,2026-05-02 18:09:00 UTC,,0.00017642142038776736,,,0.042027,,,,,,S4_强确认信号,,,,WALLET_BLOCK,0.0,100.0,100.0,,,,,,,,,,,,,,,,,,,,-70.1676,钱包结构触发纸面强制退出,100.0,6.6894013368e-05,"[{'触发收益率': 50, '卖出比例': 25, '说明': '+50% 卖出 25%，回收部分风险'}, {'触发收益率': 100, '卖出比例': 25, '说明': '+100% 再卖出 25%'}, {'触发收益率': 200, '卖出比例': 25, '说明': '+200% 再卖出 25%，剩余跟踪'}]",[],0.00017642142038776736,0.00017642142038776736,0.00017642142038776736,2026-05-02T19:41:08Z,SIKK-B 控盘箱体突破回踩,READY_FOR_CONFIRMATION,钱包结构触发纸面退出；不执行真实 swap。,0.0,0.0,0,0.0,2026-05-02T19:51:43Z,5.263073405162252e-05,FORCE_PAPER_EXIT,STRUCTURE_WEAKENING,钱包结构状态变为 WALLET_BLOCK，纸面阶段直接模拟退出,1.0,发现分发侧钱包 4 个；对手盘压力高，接盘/套牢筹码占比偏高,E3,live,0.00016510993,0.00017642142038776736,6.8509,0.0,6.8509,"{'buy_slippage_pct': 3.0, 'sell_slippage_pct': 3.0, 'dex_fee_pct': 0.25, 'quote_deviation_buffer_pct': 1.0, 'priority_fee_sol': 0.0005, 'failed_tx_cost_sol': 0.0002}",7.25,,,,,,,,,,,,
paper-ARea51UmRfn22Ds7KwFZirSMEEn1gtBdrhW4zLeveeV1-2026-05-02T19:41:08Z,,,ARea51UmRfn22Ds7KwFZirSMEEn1gtBdrhW4zLeveeV1,AALIEN,CLOSED,,2026-04-30 16:34:00 UTC,,0.0004089727899310284,,,0.185696,,,,,,S4_强确认信号,,,,WALLET_BLOCK,32.0,100.0,100.0,,,,,,,,,,,,,,,,,,,,-2.3883,钱包结构触发纸面强制退出,100.0,4.1728307712e-05,"[{'触发收益率': 50, '卖出比例': 25, '说明': '+50% 卖出 25%，回收部分风险'}, {'触发收益率': 100, '卖出比例': 25, '说明': '+100% 再卖出 25%'}, {'触发收益率': 200, '卖出比例': 25, '说明': '+200% 再卖出 25%，剩余跟踪'}]",[],0.0004089727899310284,0.0004089727899310284,0.0004089727899310284,2026-05-02T19:41:08Z,SIKK-B 控盘箱体突破回踩,READY_FOR_CONFIRMATION,钱包结构触发纸面退出；不执行真实 swap。,0.0,0.0,0,0.0,2026-05-02T19:51:43Z,0.0003992051596775679,FORCE_PAPER_EXIT,STRUCTURE_WEAKENING,钱包结构状态变为 WALLET_BLOCK，纸面阶段直接模拟退出,1.0,发现分发侧钱包 16 个；对手盘压力高，接盘/套牢筹码占比偏高,E4,live,4.8220098e-05,0.0004089727899310284,748.1376,0.0,748.1376,"{'buy_slippage_pct': 3.0, 'sell_slippage_pct': 3.0, 'dex_fee_pct': 0.25, 'quote_deviation_buffer_pct': 1.0, 'priority_fee_sol': 0.0005, 'failed_tx_cost_sol': 0.0002}",7.25,,,,,,,,,,,,
paper-3hHZ3QFWKVgUdi64uHJumK9T7hDR2Tr6WZBjUfP5pump-2026-05-02T19:51:43Z,,,3hHZ3QFWKVgUdi64uHJumK9T7hDR2Tr6WZBjUfP5pump,FINE,CLOSED,,2026-05-02 18:18:00 UTC,,5.263073405162252e-05,,,0.2,,,,,,S4_强确认信号,,,,WALLET_BLOCK,0.0,100.0,100.0,,,,,,,,,,,,,,,,,,,,0.0,命中纸面止损,100.0,0.00023076465832,"[{'触发收益率': 50, '卖出比例': 25, '说明': '+50% 卖出 25%，回收部分风险'}, {'触发收益率': 100, '卖出比例': 25, '说明': '+100% 再卖出 25%'}, {'触发收益率': 200, '卖出比例': 25, '说明': '+200% 再卖出 25%，剩余跟踪'}]",[],5.263073405162252e-05,5.263073405162252e-05,5.263073405162252e-05,2026-05-02T19:51:43Z,SIKK-B 控盘箱体突破回踩,READY_FOR_CONFIRMATION,纸面持仓，不执行真实 swap。,0.0,0.0,,,2026-05-02T19:51:43Z,5.263073405162252e-05,,,,1.0,发现分发侧钱包 5 个；对手盘压力高，接盘/套牢筹码占比偏高,E4,live,0.00025991532,5.263073405162252e-05,-79.7508,0.0,-79.7508,"{'buy_slippage_pct': 3.0, 'sell_slippage_pct': 3.0, 'dex_fee_pct': 0.25, 'quote_deviation_buffer_pct': 1.0, 'priority_fee_sol': 0.0005, 'failed_tx_cost_sol': 0.0002}",7.25,,,,,,,,,,,,
paper-7soYuSPe1LaJ9V37W7ZGDB5Xwxi41LUWjRT3AEQGpump-2026-05-02T19:51:43Z,,,7soYuSPe1LaJ9V37W7ZGDB5Xwxi41LUWjRT3AEQGpump,WOLVERINE,CLOSED,,2026-04-28 16:24:00 UTC,,0.00015180045206263643,,,0.177725,,,,,,S4_强确认信号,,,,WALLET_BLOCK,48.0,100.0,100.0,,,,,,,,,,,,,,,,,,,,-10.8107,钱包结构触发纸面强制退出,100.0,5.9818622084000004e-05,"[{'触发收益率': 50, '卖出比例': 25, '说明': '+50% 卖出 25%，回收部分风险'}, {'触发收益率': 100, '卖出比例': 25, '说明': '+100% 再卖出 25%'}, {'触发收益率': 200, '卖出比例': 25, '说明': '+200% 再卖出 25%，剩余跟踪'}]",[],0.00015180045206263643,0.00015180045206263643,0.00015180045206263643,2026-05-02T19:51:43Z,SIKK-B 控盘箱体突破回踩,READY_FOR_CONFIRMATION,钱包结构触发纸面退出；不执行真实 swap。,0.0,0.0,0,0.0,2026-05-02T20:02:21Z,0.00013538978641556624,FORCE_PAPER_EXIT,STRUCTURE_WEAKENING,钱包结构状态变为 WALLET_BLOCK，纸面阶段直接模拟退出,1.0,发现分发侧钱包 8 个；对手盘压力高，接盘/套牢筹码占比偏高,E4,live,6.9610509e-05,0.00015180045206263643,118.0712,0.0,118.0712,"{'buy_slippage_pct': 3.0, 'sell_slippage_pct': 3.0, 'dex_fee_pct': 0.25, 'quote_deviation_buffer_pct': 1.0, 'priority_fee_sol': 0.0005, 'failed_tx_cost_sol': 0.0002}",7.25,,,,,,,,,,,,
paper-3hHZ3QFWKVgUdi64uHJumK9T7hDR2Tr6WZBjUfP5pump-2026-05-02T20:02:21Z,,,3hHZ3QFWKVgUdi64uHJumK9T7hDR2Tr6WZBjUfP5pump,FINE,CLOSED,,2026-05-02 18:18:00 UTC,,5.406221817842872e-05,,,0.2,,,,,,S4_强确认信号,,,,WALLET_BLOCK,0.0,100.0,100.0,,,,,,,,,,,,,,,,,,,,0.0,命中纸面止损,100.0,0.00023076465832,"[{'触发收益率': 50, '卖出比例': 25, '说明': '+50% 卖出 25%，回收部分风险'}, {'触发收益率': 100, '卖出比例': 25, '说明': '+100% 再卖出 25%'}, {'触发收益率': 200, '卖出比例': 25, '说明': '+200% 再卖出 25%，剩余跟踪'}]",[],5.406221817842872e-05,5.406221817842872e-05,5.406221817842872e-05,2026-05-02T20:02:21Z,SIKK-B 控盘箱体突破回踩,READY_FOR_CONFIRMATION,纸面持仓，不执行真实 swap。,0.0,0.0,,,2026-05-02T20:02:21Z,5.406221817842872e-05,,,,1.0,发现分发侧钱包 6 个；对手盘压力高，接盘/套牢筹码占比偏高,E4,live,0.00025991532,5.406221817842872e-05,-79.2001,0.0,-79.2001,"{'buy_slippage_pct': 3.0, 'sell_slippage_pct': 3.0, 'dex_fee_pct': 0.25, 'quote_deviation_buffer_pct': 1.0, 'priority_fee_sol': 0.0005, 'failed_tx_cost_sol': 0.0002}",7.25,,,,,,,,,,,,
paper-7soYuSPe1LaJ9V37W7ZGDB5Xwxi41LUWjRT3AEQGpump-2026-05-02T20:02:21Z,,,7soYuSPe1LaJ9V37W7ZGDB5Xwxi41LUWjRT3AEQGpump,WOLVERINE,CLOSED,,2026-04-28 16:24:00 UTC,,0.00013538978641556624,,,0.177725,,,,,,S4_强确认信号,,,,WALLET_BLOCK,48.0,100.0,100.0,,,,,,,,,,,,,,,,,,,,-5.0477,钱包结构触发纸面强制退出,100.0,5.9818622084000004e-05,"[{'触发收益率': 50, '卖出比例': 25, '说明': '+50% 卖出 25%，回收部分风险'}, {'触发收益率': 100, '卖出比例': 25, '说明': '+100% 再卖出 25%'}, {'触发收益率': 200, '卖出比例': 25, '说明': '+200% 再卖出 25%，剩余跟踪'}]",[],0.00013538978641556624,0.00013538978641556624,0.00013538978641556624,2026-05-02T20:02:21Z,SIKK-B 控盘箱体突破回踩,READY_FOR_CONFIRMATION,钱包结构触发纸面退出；不执行真实 swap。,0.0,0.0,0,0.0,2026-05-02T20:12:49Z,0.00012855572921453314,FORCE_PAPER_EXIT,STRUCTURE_WEAKENING,钱包结构状态变为 WALLET_BLOCK，纸面阶段直接模拟退出,1.0,发现分发侧钱包 9 个；对手盘压力高，接盘/套牢筹码占比偏高,E4,live,6.9610509e-05,0.00013538978641556624,94.4962,0.0,94.4962,"{'buy_slippage_pct': 3.0, 'sell_slippage_pct': 3.0, 'dex_fee_pct': 0.25, 'quote_deviation_buffer_pct': 1.0, 'priority_fee_sol': 0.0005, 'failed_tx_cost_sol': 0.0002}",7.25,,,,,,,,,,,,
paper-ARea51UmRfn22Ds7KwFZirSMEEn1gtBdrhW4zLeveeV1-2026-05-02T20:02:21Z,,,ARea51UmRfn22Ds7KwFZirSMEEn1gtBdrhW4zLeveeV1,AALIEN,CLOSED,,2026-04-30 16:34:00 UTC,,0.0003867046422767888,,,0.185696,,,,,,S4_强确认信号,,,,WALLET_BLOCK,32.0,100.0,100.0,,,,,,,,,,,,,,,,,,,,-10.0729,钱包结构触发纸面强制退出,100.0,4.1728307712e-05,"[{'触发收益率': 50, '卖出比例': 25, '说明': '+50% 卖出 25%，回收部分风险'}, {'触发收益率': 100, '卖出比例': 25, '说明': '+100% 再卖出 25%'}, {'触发收益率': 200, '卖出比例': 25, '说明': '+200% 再卖出 25%，剩余跟踪'}]",[],0.0003867046422767888,0.0003867046422767888,0.0003867046422767888,2026-05-02T20:02:21Z,SIKK-B 控盘箱体突破回踩,READY_FOR_CONFIRMATION,钱包结构触发纸面退出；不执行真实 swap。,0.0,0.0,0,0.0,2026-05-02T20:12:49Z,0.0003477521608034269,FORCE_PAPER_EXIT,STRUCTURE_WEAKENING,钱包结构状态变为 WALLET_BLOCK，纸面阶段直接模拟退出,1.0,发现分发侧钱包 15 个；对手盘压力高，接盘/套牢筹码占比偏高,E4,live,4.8220098e-05,0.0003867046422767888,701.9574,0.0,701.9574,"{'buy_slippage_pct': 3.0, 'sell_slippage_pct': 3.0, 'dex_fee_pct': 0.25, 'quote_deviation_buffer_pct': 1.0, 'priority_fee_sol': 0.0005, 'failed_tx_cost_sol': 0.0002}",7.25,,,,,,,,,,,,
paper-GnqRKyQfcna6XbkoJMKkvUZUBQdtMb8oy5rH2ocpump-2026-05-02T20:02:21Z,,,GnqRKyQfcna6XbkoJMKkvUZUBQdtMb8oy5rH2ocpump,MSTRUMP,CLOSED,,2026-05-02 18:08:00 UTC,,0.00020530531743003072,,,0.123829,,,,,,S4_强确认信号,,,,WALLET_BLOCK,0.0,100.0,100.0,,,,,,,,,,,,,,,,,,,,5.2968,钱包结构触发纸面强制退出,100.0,0.000159316003668,"[{'触发收益率': 50, '卖出比例': 25, '说明': '+50% 卖出 25%，回收部分风险'}, {'触发收益率': 100, '卖出比例': 25, '说明': '+100% 再卖出 25%'}, {'触发收益率': 200, '卖出比例': 25, '说明': '+200% 再卖出 25%，剩余跟踪'}]",[],0.00020530531743003072,0.00020530531743003072,0.00020530531743003072,2026-05-02T20:02:21Z,SIKK-B 控盘箱体突破回踩,READY_FOR_CONFIRMATION,钱包结构触发纸面退出；不执行真实 swap。,0.0,0.0,0,0.0,2026-05-02T20:12:49Z,0.00021617994705252136,FORCE_PAPER_EXIT,STRUCTURE_WEAKENING,钱包结构状态变为 WALLET_BLOCK，纸面阶段直接模拟退出,1.0,发现分发侧钱包 1 个；对手盘压力高，接盘/套牢筹码占比偏高,E3,live,0.00019961703,0.00020530531743003072,2.8496,0.0,2.8496,"{'buy_slippage_pct': 3.0, 'sell_slippage_pct': 3.0, 'dex_fee_pct': 0.25, 'quote_deviation_buffer_pct': 1.0, 'priority_fee_sol': 0.0005, 'failed_tx_cost_sol': 0.0002}",7.25,,,,,,,,,,,,
paper-7soYuSPe1LaJ9V37W7ZGDB5Xwxi41LUWjRT3AEQGpump-2026-05-02T20:12:49Z,,,7soYuSPe1LaJ9V37W7ZGDB5Xwxi41LUWjRT3AEQGpump,WOLVERINE,CLOSED,,2026-04-28 16:24:00 UTC,,0.00012855572921453314,,,0.177725,,,,,,S4_强确认信号,,,,WALLET_BLOCK,48.0,100.0,100.0,,,,,,,,,,,,,,,,,,,,-4.5009,钱包结构触发纸面强制退出,100.0,5.9818622084000004e-05,"[{'触发收益率': 50, '卖出比例': 25, '说明': '+50% 卖出 25%，回收部分风险'}, {'触发收益率': 100, '卖出比例': 25, '说明': '+100% 再卖出 25%'}, {'触发收益率': 200, '卖出比例': 25, '说明': '+200% 再卖出 25%，剩余跟踪'}]",[],0.00012855572921453314,0.00012855572921453314,0.00012855572921453314,2026-05-02T20:12:49Z,SIKK-B 控盘箱体突破回踩,READY_FOR_CONFIRMATION,钱包结构触发纸面退出；不执行真实 swap。,0.0,0.0,0,0.0,2026-05-02T20:23:16Z,0.00012276950763658558,FORCE_PAPER_EXIT,STRUCTURE_WEAKENING,钱包结构状态变为 WALLET_BLOCK，纸面阶段直接模拟退出,1.0,发现分发侧钱包 9 个；对手盘压力高，接盘/套牢筹码占比偏高,E4,live,6.9610509e-05,0.00012855572921453314,84.6786,0.0,84.6786,"{'buy_slippage_pct': 3.0, 'sell_slippage_pct': 3.0, 'dex_fee_pct': 0.25, 'quote_deviation_buffer_pct': 1.0, 'priority_fee_sol': 0.0005, 'failed_tx_cost_sol': 0.0002}",7.25,,,,,,,,,,,,
paper-GnqRKyQfcna6XbkoJMKkvUZUBQdtMb8oy5rH2ocpump-2026-05-02T20:23:16Z,,,GnqRKyQfcna6XbkoJMKkvUZUBQdtMb8oy5rH2ocpump,MSTRUMP,CLOSED,,2026-05-02 18:08:00 UTC,,0.00015587196169697282,,,0.123829,,,,,,S4_强确认信号,,,,WALLET_BLOCK,0.0,100.0,100.0,,,,,,,,,,,,,,,,,,,,0.0,命中纸面止损,100.0,0.000159316003668,"[{'触发收益率': 50, '卖出比例': 25, '说明': '+50% 卖出 25%，回收部分风险'}, {'触发收益率': 100, '卖出比例': 25, '说明': '+100% 再卖出 25%'}, {'触发收益率': 200, '卖出比例': 25, '说明': '+200% 再卖出 25%，剩余跟踪'}]",[],0.00015587196169697282,0.00015587196169697282,0.00015587196169697282,2026-05-02T20:23:16Z,SIKK-B 控盘箱体突破回踩,READY_FOR_CONFIRMATION,纸面持仓，不执行真实 swap。,0.0,0.0,,,2026-05-02T20:23:16Z,0.00015587196169697282,,,,1.0,发现分发侧钱包 1 个；对手盘压力高，接盘/套牢筹码占比偏高,E3,live,0.00019961703,0.00015587196169697282,-21.9145,0.0,-21.9145,"{'buy_slippage_pct': 3.0, 'sell_slippage_pct': 3.0, 'dex_fee_pct': 0.25, 'quote_deviation_buffer_pct': 1.0, 'priority_fee_sol': 0.0005, 'failed_tx_cost_sol': 0.0002}",7.25,,,,,,,,,,,,
paper-ARea51UmRfn22Ds7KwFZirSMEEn1gtBdrhW4zLeveeV1-2026-05-02T20:23:16Z,,,ARea51UmRfn22Ds7KwFZirSMEEn1gtBdrhW4zLeveeV1,AALIEN,CLOSED,,2026-04-30 16:34:00 UTC,,0.0004483107857954895,,,0.185696,,,,,,S4_强确认信号,,,,WALLET_BLOCK,32.0,100.0,100.0,,,,,,,,,,,,,,,,,,,,-5.0385,钱包结构触发纸面强制退出,100.0,4.1728307712e-05,"[{'触发收益率': 50, '卖出比例': 25, '说明': '+50% 卖出 25%，回收部分风险'}, {'触发收益率': 100, '卖出比例': 25, '说明': '+100% 再卖出 25%'}, {'触发收益率': 200, '卖出比例': 25, '说明': '+200% 再卖出 25%，剩余跟踪'}]",[],0.0004483107857954895,0.0004483107857954895,0.0004483107857954895,2026-05-02T20:23:16Z,SIKK-B 控盘箱体突破回踩,READY_FOR_CONFIRMATION,钱包结构触发纸面退出；不执行真实 swap。,0.0,0.0,0,0.0,2026-05-02T20:33:44Z,0.00042572265697518136,FORCE_PAPER_EXIT,STRUCTURE_WEAKENING,钱包结构状态变为 WALLET_BLOCK，纸面阶段直接模拟退出,1.0,发现分发侧钱包 16 个；对手盘压力高，接盘/套牢筹码占比偏高,E4,live,4.8220098e-05,0.0004483107857954895,829.7177,0.0,829.7177,"{'buy_slippage_pct': 3.0, 'sell_slippage_pct': 3.0, 'dex_fee_pct': 0.25, 'quote_deviation_buffer_pct': 1.0, 'priority_fee_sol': 0.0005, 'failed_tx_cost_sol': 0.0002}",7.25,,,,,,,,,,,,
paper-7soYuSPe1LaJ9V37W7ZGDB5Xwxi41LUWjRT3AEQGpump-2026-05-02T20:23:16Z,,,7soYuSPe1LaJ9V37W7ZGDB5Xwxi41LUWjRT3AEQGpump,WOLVERINE,CLOSED,,2026-04-28 16:24:00 UTC,,0.00012117755977697164,,,0.177725,,,,,,S4_强确认信号,,,,WALLET_BLOCK,48.0,100.0,100.0,,,,,,,,,,,,,,,,,,,,-7.8037,钱包结构触发纸面强制退出,100.0,5.9818622084000004e-05,"[{'触发收益率': 50, '卖出比例': 25, '说明': '+50% 卖出 25%，回收部分风险'}, {'触发收益率': 100, '卖出比例': 25, '说明': '+100% 再卖出 25%'}, {'触发收益率': 200, '卖出比例': 25, '说明': '+200% 再卖出 25%，剩余跟踪'}]",[],0.00012117755977697164,0.00012117755977697164,0.00012117755977697164,2026-05-02T20:23:16Z,SIKK-B 控盘箱体突破回踩,READY_FOR_CONFIRMATION,钱包结构触发纸面退出；不执行真实 swap。,0.0,0.0,0,0.0,2026-05-02T20:33:44Z,0.00011172118468944627,FORCE_PAPER_EXIT,STRUCTURE_WEAKENING,钱包结构状态变为 WALLET_BLOCK，纸面阶段直接模拟退出,1.0,发现分发侧钱包 9 个；对手盘压力高，接盘/套牢筹码占比偏高,E4,live,6.9610509e-05,0.00012117755977697164,74.0794,0.0,74.0794,"{'buy_slippage_pct': 3.0, 'sell_slippage_pct': 3.0, 'dex_fee_pct': 0.25, 'quote_deviation_buffer_pct': 1.0, 'priority_fee_sol': 0.0005, 'failed_tx_cost_sol': 0.0002}",7.25,,,,,,,,,,,,
paper-ARea51UmRfn22Ds7KwFZirSMEEn1gtBdrhW4zLeveeV1-2026-05-02T20:33:44Z,,,ARea51UmRfn22Ds7KwFZirSMEEn1gtBdrhW4zLeveeV1,AALIEN,CLOSED,,2026-04-30 16:34:00 UTC,,0.00042572265697518136,,,0.185696,,,,,,S4_强确认信号,,,,WALLET_BLOCK,32.0,100.0,100.0,,,,,,,,,,,,,,,,,,,,-5.2077,钱包结构触发纸面强制退出,100.0,4.1728307712e-05,"[{'触发收益率': 50, '卖出比例': 25, '说明': '+50% 卖出 25%，回收部分风险'}, {'触发收益率': 100, '卖出比例': 25, '说明': '+100% 再卖出 25%'}, {'触发收益率': 200, '卖出比例': 25, '说明': '+200% 再卖出 25%，剩余跟踪'}]",[],0.00042572265697518136,0.00042572265697518136,0.00042572265697518136,2026-05-02T20:33:44Z,SIKK-B 控盘箱体突破回踩,READY_FOR_CONFIRMATION,钱包结构触发纸面退出；不执行真实 swap。,0.0,0.0,0,0.0,2026-05-02T20:44:12Z,0.00040355233521441677,FORCE_PAPER_EXIT,STRUCTURE_WEAKENING,钱包结构状态变为 WALLET_BLOCK，纸面阶段直接模拟退出,1.0,发现分发侧钱包 16 个；对手盘压力高，接盘/套牢筹码占比偏高,E4,live,4.8220098e-05,0.00042572265697518136,782.8739,0.0,782.8739,"{'buy_slippage_pct': 3.0, 'sell_slippage_pct': 3.0, 'dex_fee_pct': 0.25, 'quote_deviation_buffer_pct': 1.0, 'priority_fee_sol': 0.0005, 'failed_tx_cost_sol': 0.0002}",7.25,,,,,,,,,,,,
paper-7soYuSPe1LaJ9V37W7ZGDB5Xwxi41LUWjRT3AEQGpump-2026-05-02T20:33:44Z,,,7soYuSPe1LaJ9V37W7ZGDB5Xwxi41LUWjRT3AEQGpump,WOLVERINE,CLOSED,,2026-04-28 16:24:00 UTC,,0.00011172118468944627,,,0.177725,,,,,,S4_强确认信号,,,,WALLET_BLOCK,48.0,100.0,100.0,,,,,,,,,,,,,,,,,,,,7.236,钱包结构触发纸面强制退出,100.0,5.9818622084000004e-05,"[{'触发收益率': 50, '卖出比例': 25, '说明': '+50% 卖出 25%，回收部分风险'}, {'触发收益率': 100, '卖出比例': 25, '说明': '+100% 再卖出 25%'}, {'触发收益率': 200, '卖出比例': 25, '说明': '+200% 再卖出 25%，剩余跟踪'}]",[],0.00011172118468944627,0.00011172118468944627,0.00011172118468944627,2026-05-02T20:33:44Z,SIKK-B 控盘箱体突破回踩,READY_FOR_CONFIRMATION,钱包结构触发纸面退出；不执行真实 swap。,0.0,0.0,0,0.0,2026-05-02T20:44:12Z,0.0001198052870101726,FORCE_PAPER_EXIT,STRUCTURE_WEAKENING,钱包结构状态变为 WALLET_BLOCK，纸面阶段直接模拟退出,1.0,发现分发侧钱包 9 个；对手盘压力高，接盘/套牢筹码占比偏高,E4,live,6.9610509e-05,0.00011172118468944627,60.4947,0.0,60.4947,"{'buy_slippage_pct': 3.0, 'sell_slippage_pct': 3.0, 'dex_fee_pct': 0.25, 'quote_deviation_buffer_pct': 1.0, 'priority_fee_sol': 0.0005, 'failed_tx_cost_sol': 0.0002}",7.25,,,,,,,,,,,,
paper-ARea51UmRfn22Ds7KwFZirSMEEn1gtBdrhW4zLeveeV1-2026-05-02T20:44:12Z,,,ARea51UmRfn22Ds7KwFZirSMEEn1gtBdrhW4zLeveeV1,AALIEN,CLOSED,,2026-04-30 16:34:00 UTC,,0.00040355233521441677,,,0.185696,,,,,,S4_强确认信号,,,,WALLET_BLOCK,48.0,100.0,100.0,,,,,,,,,,,,,,,,,,,,-3.8655,钱包结构触发纸面强制退出,100.0,4.1728307712e-05,"[{'触发收益率': 50, '卖出比例': 25, '说明': '+50% 卖出 25%，回收部分风险'}, {'触发收益率': 100, '卖出比例': 25, '说明': '+100% 再卖出 25%'}, {'触发收益率': 200, '卖出比例': 25, '说明': '+200% 再卖出 25%，剩余跟踪'}]",[],0.00040355233521441677,0.00040355233521441677,0.00040355233521441677,2026-05-02T20:44:12Z,SIKK-B 控盘箱体突破回踩,READY_FOR_CONFIRMATION,钱包结构触发纸面退出；不执行真实 swap。,0.0,0.0,0,0.0,2026-05-02T20:54:40Z,0.00038795295966311287,FORCE_PAPER_EXIT,STRUCTURE_WEAKENING,钱包结构状态变为 WALLET_BLOCK，纸面阶段直接模拟退出,1.0,发现分发侧钱包 15 个；对手盘压力高，接盘/套牢筹码占比偏高,E4,live,4.8220098e-05,0.00040355233521441677,736.8965,0.0,736.8965,"{'buy_slippage_pct': 3.0, 'sell_slippage_pct': 3.0, 'dex_fee_pct': 0.25, 'quote_deviation_buffer_pct': 1.0, 'priority_fee_sol': 0.0005, 'failed_tx_cost_sol': 0.0002}",7.25,,,,,,,,,,,,
paper-7soYuSPe1LaJ9V37W7ZGDB5Xwxi41LUWjRT3AEQGpump-2026-05-02T20:44:12Z,,,7soYuSPe1LaJ9V37W7ZGDB5Xwxi41LUWjRT3AEQGpump,WOLVERINE,CLOSED,,2026-04-28 16:24:00 UTC,,0.0001198052870101726,,,0.177725,,,,,,S4_强确认信号,,,,WALLET_BLOCK,48.0,100.0,100.0,,,,,,,,,,,,,,,,,,,,-15.8947,钱包结构触发纸面强制退出,100.0,5.9818622084000004e-05,"[{'触发收益率': 50, '卖出比例': 25, '说明': '+50% 卖出 25%，回收部分风险'}, {'触发收益率': 100, '卖出比例': 25, '说明': '+100% 再卖出 25%'}, {'触发收益率': 200, '卖出比例': 25, '说明': '+200% 再卖出 25%，剩余跟踪'}]",[],0.0001198052870101726,0.0001198052870101726,0.0001198052870101726,2026-05-02T20:44:12Z,SIKK-B 控盘箱体突破回踩,READY_FOR_CONFIRMATION,钱包结构触发纸面退出；不执行真实 swap。,0.0,0.0,0,0.0,2026-05-02T20:54:40Z,0.00010076255032874907,FORCE_PAPER_EXIT,STRUCTURE_WEAKENING,钱包结构状态变为 WALLET_BLOCK，纸面阶段直接模拟退出,1.0,发现分发侧钱包 10 个；对手盘压力高，接盘/套牢筹码占比偏高,E4,live,6.9610509e-05,0.0001198052870101726,72.108,0.0,72.108,"{'buy_slippage_pct': 3.0, 'sell_slippage_pct': 3.0, 'dex_fee_pct': 0.25, 'quote_deviation_buffer_pct': 1.0, 'priority_fee_sol': 0.0005, 'failed_tx_cost_sol': 0.0002}",7.25,,,,,,,,,,,,
paper-ARea51UmRfn22Ds7KwFZirSMEEn1gtBdrhW4zLeveeV1-2026-05-02T20:54:40Z,,,ARea51UmRfn22Ds7KwFZirSMEEn1gtBdrhW4zLeveeV1,AALIEN,CLOSED,,2026-04-30 16:34:00 UTC,,0.0003880801867930156,,,0.185696,,,,,,S4_强确认信号,,,,WALLET_BLOCK,48.0,100.0,100.0,,,,,,,,,,,,,,,,,,,,0.101,钱包结构触发纸面强制退出,100.0,4.1728307712e-05,"[{'触发收益率': 50, '卖出比例': 25, '说明': '+50% 卖出 25%，回收部分风险'}, {'触发收益率': 100, '卖出比例': 25, '说明': '+100% 再卖出 25%'}, {'触发收益率': 200, '卖出比例': 25, '说明': '+200% 再卖出 25%，剩余跟踪'}]",[],0.0003880801867930156,0.0003880801867930156,0.0003880801867930156,2026-05-02T20:54:40Z,SIKK-B 控盘箱体突破回踩,READY_FOR_CONFIRMATION,钱包结构触发纸面退出；不执行真实 swap。,0.0,0.0,0,0.0,2026-05-02T21:05:07Z,0.0003884720390685731,FORCE_PAPER_EXIT,STRUCTURE_WEAKENING,钱包结构状态变为 WALLET_BLOCK，纸面阶段直接模拟退出,1.0,发现分发侧钱包 15 个；对手盘压力高，接盘/套牢筹码占比偏高,E4,live,4.8220098e-05,0.0003880801867930156,704.81,0.0,704.81,"{'buy_slippage_pct': 3.0, 'sell_slippage_pct': 3.0, 'dex_fee_pct': 0.25, 'quote_deviation_buffer_pct': 1.0, 'priority_fee_sol': 0.0005, 'failed_tx_cost_sol': 0.0002}",7.25,,,,,,,,,,,,
paper-7soYuSPe1LaJ9V37W7ZGDB5Xwxi41LUWjRT3AEQGpump-2026-05-02T20:54:40Z,,,7soYuSPe1LaJ9V37W7ZGDB5Xwxi41LUWjRT3AEQGpump,WOLVERINE,CLOSED,,2026-04-28 16:24:00 UTC,,0.00010076255032874907,,,0.177725,,,,,,S4_强确认信号,,,,WALLET_BLOCK,48.0,100.0,100.0,,,,,,,,,,,,,,,,,,,,-12.3545,钱包结构触发纸面强制退出,100.0,5.9818622084000004e-05,"[{'触发收益率': 50, '卖出比例': 25, '说明': '+50% 卖出 25%，回收部分风险'}, {'触发收益率': 100, '卖出比例': 25, '说明': '+100% 再卖出 25%'}, {'触发收益率': 200, '卖出比例': 25, '说明': '+200% 再卖出 25%，剩余跟踪'}]",[],0.00010076255032874907,0.00010076255032874907,0.00010076255032874907,2026-05-02T20:54:40Z,SIKK-B 控盘箱体突破回踩,READY_FOR_CONFIRMATION,钱包结构触发纸面退出；不执行真实 swap。,0.0,0.0,0,0.0,2026-05-02T21:05:07Z,8.831384787835613e-05,FORCE_PAPER_EXIT,STRUCTURE_WEAKENING,钱包结构状态变为 WALLET_BLOCK，纸面阶段直接模拟退出,1.0,发现分发侧钱包 10 个；对手盘压力高，接盘/套牢筹码占比偏高,E4,live,6.9610509e-05,0.00010076255032874907,44.7519,0.0,44.7519,"{'buy_slippage_pct': 3.0, 'sell_slippage_pct': 3.0, 'dex_fee_pct': 0.25, 'quote_deviation_buffer_pct': 1.0, 'priority_fee_sol': 0.0005, 'failed_tx_cost_sol': 0.0002}",7.25,,,,,,,,,,,,
paper-ARea51UmRfn22Ds7KwFZirSMEEn1gtBdrhW4zLeveeV1-2026-05-02T21:05:07Z,,,ARea51UmRfn22Ds7KwFZirSMEEn1gtBdrhW4zLeveeV1,AALIEN,CLOSED,,2026-04-30 16:34:00 UTC,,0.0003884720390685731,,,0.185696,,,,,,S4_强确认信号,,,,WALLET_BLOCK,48.0,100.0,100.0,,,,,,,,,,,,,,,,,,,,1.6651,钱包结构触发纸面强制退出,100.0,4.1728307712e-05,"[{'触发收益率': 50, '卖出比例': 25, '说明': '+50% 卖出 25%，回收部分风险'}, {'触发收益率': 100, '卖出比例': 25, '说明': '+100% 再卖出 25%'}, {'触发收益率': 200, '卖出比例': 25, '说明': '+200% 再卖出 25%，剩余跟踪'}]",[],0.0003884720390685731,0.0003884720390685731,0.0003884720390685731,2026-05-02T21:05:07Z,SIKK-B 控盘箱体突破回踩,READY_FOR_CONFIRMATION,钱包结构触发纸面退出；不执行真实 swap。,0.0,0.0,0,0.0,2026-05-02T21:15:35Z,0.00039494056660279114,FORCE_PAPER_EXIT,STRUCTURE_WEAKENING,钱包结构状态变为 WALLET_BLOCK，纸面阶段直接模拟退出,1.0,发现分发侧钱包 15 个；对手盘压力高，接盘/套牢筹码占比偏高,E4,live,4.8220098e-05,0.0003884720390685731,705.6227,0.0,705.6227,"{'buy_slippage_pct': 3.0, 'sell_slippage_pct': 3.0, 'dex_fee_pct': 0.25, 'quote_deviation_buffer_pct': 1.0, 'priority_fee_sol': 0.0005, 'failed_tx_cost_sol': 0.0002}",7.25,,,,,,,,,,,,
paper-7soYuSPe1LaJ9V37W7ZGDB5Xwxi41LUWjRT3AEQGpump-2026-05-02T21:05:07Z,,,7soYuSPe1LaJ9V37W7ZGDB5Xwxi41LUWjRT3AEQGpump,WOLVERINE,CLOSED,,2026-04-28 16:24:00 UTC,,8.831384787835613e-05,,,0.177725,,,,,,S4_强确认信号,,,,WALLET_BLOCK,48.0,100.0,100.0,,,,,,,,,,,,,,,,,,,,-5.5914,钱包结构触发纸面强制退出,100.0,5.9818622084000004e-05,"[{'触发收益率': 50, '卖出比例': 25, '说明': '+50% 卖出 25%，回收部分风险'}, {'触发收益率': 100, '卖出比例': 25, '说明': '+100% 再卖出 25%'}, {'触发收益率': 200, '卖出比例': 25, '说明': '+200% 再卖出 25%，剩余跟踪'}]",[],8.831384787835613e-05,8.831384787835613e-05,8.831384787835613e-05,2026-05-02T21:05:07Z,SIKK-B 控盘箱体突破回踩,READY_FOR_CONFIRMATION,钱包结构触发纸面退出；不执行真实 swap。,0.0,0.0,0,0.0,2026-05-02T21:15:35Z,8.337584996339309e-05,FORCE_PAPER_EXIT,STRUCTURE_WEAKENING,钱包结构状态变为 WALLET_BLOCK，纸面阶段直接模拟退出,1.0,发现分发侧钱包 10 个；对手盘压力高，接盘/套牢筹码占比偏高,E4,live,6.9610509e-05,8.831384787835613e-05,26.8686,0.0,26.8686,"{'buy_slippage_pct': 3.0, 'sell_slippage_pct': 3.0, 'dex_fee_pct': 0.25, 'quote_deviation_buffer_pct': 1.0, 'priority_fee_sol': 0.0005, 'failed_tx_cost_sol': 0.0002}",7.25,,,,,,,,,,,,
paper-ARea51UmRfn22Ds7KwFZirSMEEn1gtBdrhW4zLeveeV1-2026-05-02T21:15:35Z,,,ARea51UmRfn22Ds7KwFZirSMEEn1gtBdrhW4zLeveeV1,AALIEN,CLOSED,,2026-04-30 16:34:00 UTC,,0.00039685532498676205,,,0.185696,,,,,,S4_强确认信号,,,,WALLET_BLOCK,48.0,100.0,100.0,,,,,,,,,,,,,,,,,,,,0.4597,钱包结构触发纸面强制退出,100.0,4.1728307712e-05,"[{'触发收益率': 50, '卖出比例': 25, '说明': '+50% 卖出 25%，回收部分风险'}, {'触发收益率': 100, '卖出比例': 25, '说明': '+100% 再卖出 25%'}, {'触发收益率': 200, '卖出比例': 25, '说明': '+200% 再卖出 25%，剩余跟踪'}]",[],0.00039685532498676205,0.00039685532498676205,0.00039685532498676205,2026-05-02T21:15:35Z,SIKK-B 控盘箱体突破回踩,READY_FOR_CONFIRMATION,钱包结构触发纸面退出；不执行真实 swap。,0.0,0.0,0,0.0,2026-05-02T21:26:03Z,0.0003986795090515586,FORCE_PAPER_EXIT,STRUCTURE_WEAKENING,钱包结构状态变为 WALLET_BLOCK，纸面阶段直接模拟退出,1.0,发现分发侧钱包 15 个；对手盘压力高，接盘/套牢筹码占比偏高,E4,live,4.8220098e-05,0.00039685532498676205,723.0081,0.0,723.0081,"{'buy_slippage_pct': 3.0, 'sell_slippage_pct': 3.0, 'dex_fee_pct': 0.25, 'quote_deviation_buffer_pct': 1.0, 'priority_fee_sol': 0.0005, 'failed_tx_cost_sol': 0.0002}",7.25,,,,,,,,,,,,
paper-7soYuSPe1LaJ9V37W7ZGDB5Xwxi41LUWjRT3AEQGpump-2026-05-02T21:15:35Z,,,7soYuSPe1LaJ9V37W7ZGDB5Xwxi41LUWjRT3AEQGpump,WOLVERINE,CLOSED,,2026-04-28 16:24:00 UTC,,8.337584996339309e-05,,,0.177725,,,,,,S4_强确认信号,,,,WALLET_BLOCK,48.0,100.0,100.0,,,,,,,,,,,,,,,,,,,,-4.354,钱包结构触发纸面强制退出,100.0,5.9818622084000004e-05,"[{'触发收益率': 50, '卖出比例': 25, '说明': '+50% 卖出 25%，回收部分风险'}, {'触发收益率': 100, '卖出比例': 25, '说明': '+100% 再卖出 25%'}, {'触发收益率': 200, '卖出比例': 25, '说明': '+200% 再卖出 25%，剩余跟踪'}]",[],8.337584996339309e-05,8.337584996339309e-05,8.337584996339309e-05,2026-05-02T21:15:35Z,SIKK-B 控盘箱体突破回踩,READY_FOR_CONFIRMATION,钱包结构触发纸面退出；不执行真实 swap。,0.0,0.0,0,0.0,2026-05-02T21:26:03Z,7.97456702186593e-05,FORCE_PAPER_EXIT,STRUCTURE_WEAKENING,钱包结构状态变为 WALLET_BLOCK，纸面阶段直接模拟退出,1.0,发现分发侧钱包 10 个；对手盘压力高，接盘/套牢筹码占比偏高,E4,live,6.9610509e-05,8.337584996339309e-05,19.7748,0.0,19.7748,"{'buy_slippage_pct': 3.0, 'sell_slippage_pct': 3.0, 'dex_fee_pct': 0.25, 'quote_deviation_buffer_pct': 1.0, 'priority_fee_sol': 0.0005, 'failed_tx_cost_sol': 0.0002}",7.25,,,,,,,,,,,,
paper-GnqRKyQfcna6XbkoJMKkvUZUBQdtMb8oy5rH2ocpump-2026-05-02T21:26:03Z,,,GnqRKyQfcna6XbkoJMKkvUZUBQdtMb8oy5rH2ocpump,MSTRUMP,CLOSED,,2026-05-02 18:08:00 UTC,,0.00012875619849434203,,,0.123829,,,,,,S4_强确认信号,,,,WALLET_BLOCK,0.0,100.0,100.0,,,,,,,,,,,,,,,,,,,,0.0,命中纸面止损,100.0,0.000159316003668,"[{'触发收益率': 50, '卖出比例': 25, '说明': '+50% 卖出 25%，回收部分风险'}, {'触发收益率': 100, '卖出比例': 25, '说明': '+100% 再卖出 25%'}, {'触发收益率': 200, '卖出比例': 25, '说明': '+200% 再卖出 25%，剩余跟踪'}]",[],0.00012875619849434203,0.00012875619849434203,0.00012875619849434203,2026-05-02T21:26:03Z,SIKK-B 控盘箱体突破回踩,READY_FOR_CONFIRMATION,纸面持仓，不执行真实 swap。,0.0,0.0,,,2026-05-02T21:26:03Z,0.00012875619849434203,,,,1.0,发现分发侧钱包 1 个；对手盘压力高，接盘/套牢筹码占比偏高,E3,live,0.00019961703,0.00012875619849434203,-35.4984,0.0,-35.4984,"{'buy_slippage_pct': 3.0, 'sell_slippage_pct': 3.0, 'dex_fee_pct': 0.25, 'quote_deviation_buffer_pct': 1.0, 'priority_fee_sol': 0.0005, 'failed_tx_cost_sol': 0.0002}",7.25,,,,,,,,,,,,
paper-ARea51UmRfn22Ds7KwFZirSMEEn1gtBdrhW4zLeveeV1-2026-05-02T21:26:03Z,,,ARea51UmRfn22Ds7KwFZirSMEEn1gtBdrhW4zLeveeV1,AALIEN,CLOSED,,2026-04-30 16:34:00 UTC,,0.0003986795090515586,,,0.185696,,,,,,S4_强确认信号,,,,WALLET_BLOCK,48.0,100.0,100.0,,,,,,,,,,,,,,,,,,,,-5.3754,钱包结构触发纸面强制退出,100.0,4.1728307712e-05,"[{'触发收益率': 50, '卖出比例': 25, '说明': '+50% 卖出 25%，回收部分风险'}, {'触发收益率': 100, '卖出比例': 25, '说明': '+100% 再卖出 25%'}, {'触发收益率': 200, '卖出比例': 25, '说明': '+200% 再卖出 25%，剩余跟踪'}]",[],0.0003986795090515586,0.0003986795090515586,0.0003986795090515586,2026-05-02T21:26:03Z,SIKK-B 控盘箱体突破回踩,READY_FOR_CONFIRMATION,钱包结构触发纸面退出；不执行真实 swap。,0.0,0.0,0,0.0,2026-05-02T21:36:25Z,0.000377248942971973,FORCE_PAPER_EXIT,STRUCTURE_WEAKENING,钱包结构状态变为 WALLET_BLOCK，纸面阶段直接模拟退出,1.0,发现分发侧钱包 15 个；对手盘压力高，接盘/套牢筹码占比偏高,E4,live,4.8220098e-05,0.0003986795090515586,726.7912,0.0,726.7912,"{'buy_slippage_pct': 3.0, 'sell_slippage_pct': 3.0, 'dex_fee_pct': 0.25, 'quote_deviation_buffer_pct': 1.0, 'priority_fee_sol': 0.0005, 'failed_tx_cost_sol': 0.0002}",7.25,,,,,,,,,,,,
paper-GnqRKyQfcna6XbkoJMKkvUZUBQdtMb8oy5rH2ocpump-2026-05-02T21:36:25Z,,,GnqRKyQfcna6XbkoJMKkvUZUBQdtMb8oy5rH2ocpump,MSTRUMP,CLOSED,,2026-05-02 18:08:00 UTC,,0.00013031179760434293,,,0.123829,,,,,,S4_强确认信号,,,,WALLET_BLOCK,0.0,100.0,100.0,,,,,,,,,,,,,,,,,,,,0.0,命中纸面止损,100.0,0.000159316003668,"[{'触发收益率': 50, '卖出比例': 25, '说明': '+50% 卖出 25%，回收部分风险'}, {'触发收益率': 100, '卖出比例': 25, '说明': '+100% 再卖出 25%'}, {'触发收益率': 200, '卖出比例': 25, '说明': '+200% 再卖出 25%，剩余跟踪'}]",[],0.00013031179760434293,0.00013031179760434293,0.00013031179760434293,2026-05-02T21:36:25Z,SIKK-B 控盘箱体突破回踩,READY_FOR_CONFIRMATION,纸面持仓，不执行真实 swap。,0.0,0.0,,,2026-05-02T21:36:25Z,0.00013031179760434293,,,,1.0,发现分发侧钱包 1 个；对手盘压力高，接盘/套牢筹码占比偏高,E3,live,0.00019961703,0.00013031179760434293,-34.7191,0.0,-34.7191,"{'buy_slippage_pct': 3.0, 'sell_slippage_pct': 3.0, 'dex_fee_pct': 0.25, 'quote_deviation_buffer_pct': 1.0, 'priority_fee_sol': 0.0005, 'failed_tx_cost_sol': 0.0002}",7.25,,,,,,,,,,,,
paper-ARea51UmRfn22Ds7KwFZirSMEEn1gtBdrhW4zLeveeV1-2026-05-02T21:36:25Z,,,ARea51UmRfn22Ds7KwFZirSMEEn1gtBdrhW4zLeveeV1,AALIEN,CLOSED,,2026-04-30 16:34:00 UTC,,0.000377248942971973,,,0.185696,,,,,,S4_强确认信号,,,,WALLET_BLOCK,48.0,100.0,100.0,,,,,,,,,,,,,,,,,,,,1.3847,钱包结构触发纸面强制退出,100.0,4.1728307712e-05,"[{'触发收益率': 50, '卖出比例': 25, '说明': '+50% 卖出 25%，回收部分风险'}, {'触发收益率': 100, '卖出比例': 25, '说明': '+100% 再卖出 25%'}, {'触发收益率': 200, '卖出比例': 25, '说明': '+200% 再卖出 25%，剩余跟踪'}]",[],0.000377248942971973,0.000377248942971973,0.000377248942971973,2026-05-02T21:36:25Z,SIKK-B 控盘箱体突破回踩,READY_FOR_CONFIRMATION,钱包结构触发纸面退出；不执行真实 swap。,0.0,0.0,0,0.0,2026-05-02T21:46:47Z,0.0003824725211368428,FORCE_PAPER_EXIT,STRUCTURE_WEAKENING,钱包结构状态变为 WALLET_BLOCK，纸面阶段直接模拟退出,1.0,发现分发侧钱包 15 个；对手盘压力高，接盘/套牢筹码占比偏高,E4,live,4.8220098e-05,0.000377248942971973,682.3479,0.0,682.3479,"{'buy_slippage_pct': 3.0, 'sell_slippage_pct': 3.0, 'dex_fee_pct': 0.25, 'quote_deviation_buffer_pct': 1.0, 'priority_fee_sol': 0.0005, 'failed_tx_cost_sol': 0.0002}",7.25,,,,,,,,,,,,
paper-GnqRKyQfcna6XbkoJMKkvUZUBQdtMb8oy5rH2ocpump-2026-05-02T21:46:47Z,,,GnqRKyQfcna6XbkoJMKkvUZUBQdtMb8oy5rH2ocpump,MSTRUMP,CLOSED,,2026-05-02 18:08:00 UTC,,0.00013041629018971447,,,0.123829,,,,,,S4_强确认信号,,,,WALLET_BLOCK,0.0,100.0,100.0,,,,,,,,,,,,,,,,,,,,0.0,命中纸面止损,100.0,0.000159316003668,"[{'触发收益率': 50, '卖出比例': 25, '说明': '+50% 卖出 25%，回收部分风险'}, {'触发收益率': 100, '卖出比例': 25, '说明': '+100% 再卖出 25%'}, {'触发收益率': 200, '卖出比例': 25, '说明': '+200% 再卖出 25%，剩余跟踪'}]",[],0.00013041629018971447,0.00013041629018971447,0.00013041629018971447,2026-05-02T21:46:47Z,SIKK-B 控盘箱体突破回踩,READY_FOR_CONFIRMATION,纸面持仓，不执行真实 swap。,0.0,0.0,,,2026-05-02T21:46:47Z,0.00013041629018971447,,,,1.0,发现分发侧钱包 1 个；对手盘压力高，接盘/套牢筹码占比偏高,E3,live,0.00019961703,0.00013041629018971447,-34.6668,0.0,-34.6668,"{'buy_slippage_pct': 3.0, 'sell_slippage_pct': 3.0, 'dex_fee_pct': 0.25, 'quote_deviation_buffer_pct': 1.0, 'priority_fee_sol': 0.0005, 'failed_tx_cost_sol': 0.0002}",7.25,,,,,,,,,,,,
paper-ARea51UmRfn22Ds7KwFZirSMEEn1gtBdrhW4zLeveeV1-2026-05-02T21:46:47Z,,,ARea51UmRfn22Ds7KwFZirSMEEn1gtBdrhW4zLeveeV1,AALIEN,CLOSED,,2026-04-30 16:34:00 UTC,,0.0003824725211368428,,,0.185696,,,,,,S4_强确认信号,,,,WALLET_BLOCK,48.0,100.0,100.0,,,,,,,,,,,,,,,,,,,,2.596,钱包结构触发纸面强制退出,100.0,4.1728307712e-05,"[{'触发收益率': 50, '卖出比例': 25, '说明': '+50% 卖出 25%，回收部分风险'}, {'触发收益率': 100, '卖出比例': 25, '说明': '+100% 再卖出 25%'}, {'触发收益率': 200, '卖出比例': 25, '说明': '+200% 再卖出 25%，剩余跟踪'}]",[],0.0003824725211368428,0.0003824725211368428,0.0003824725211368428,2026-05-02T21:46:47Z,SIKK-B 控盘箱体突破回踩,READY_FOR_CONFIRMATION,钱包结构触发纸面退出；不执行真实 swap。,0.0,0.0,0,0.0,2026-05-02T21:57:08Z,0.00039240148441187163,FORCE_PAPER_EXIT,STRUCTURE_WEAKENING,钱包结构状态变为 WALLET_BLOCK，纸面阶段直接模拟退出,1.0,发现分发侧钱包 15 个；对手盘压力高，接盘/套牢筹码占比偏高,E4,live,4.8220098e-05,0.0003824725211368428,693.1807,0.0,693.1807,"{'buy_slippage_pct': 3.0, 'sell_slippage_pct': 3.0, 'dex_fee_pct': 0.25, 'quote_deviation_buffer_pct': 1.0, 'priority_fee_sol': 0.0005, 'failed_tx_cost_sol': 0.0002}",7.25,,,,,,,,,,,,
paper-GnqRKyQfcna6XbkoJMKkvUZUBQdtMb8oy5rH2ocpump-2026-05-02T21:57:08Z,,,GnqRKyQfcna6XbkoJMKkvUZUBQdtMb8oy5rH2ocpump,MSTRUMP,CLOSED,,2026-05-02 18:08:00 UTC,,0.00014347450787219508,,,0.123829,,,,,,S4_强确认信号,,,,WALLET_BLOCK,0.0,100.0,100.0,,,,,,,,,,,,,,,,,,,,0.0,命中纸面止损,100.0,0.000159316003668,"[{'触发收益率': 50, '卖出比例': 25, '说明': '+50% 卖出 25%，回收部分风险'}, {'触发收益率': 100, '卖出比例': 25, '说明': '+100% 再卖出 25%'}, {'触发收益率': 200, '卖出比例': 25, '说明': '+200% 再卖出 25%，剩余跟踪'}]",[],0.00014347450787219508,0.00014347450787219508,0.00014347450787219508,2026-05-02T21:57:08Z,SIKK-B 控盘箱体突破回踩,READY_FOR_CONFIRMATION,纸面持仓，不执行真实 swap。,0.0,0.0,,,2026-05-02T21:57:08Z,0.00014347450787219508,,,,1.0,发现分发侧钱包 1 个；对手盘压力高，接盘/套牢筹码占比偏高,E3,live,0.00019961703,0.00014347450787219508,-28.1251,0.0,-28.1251,"{'buy_slippage_pct': 3.0, 'sell_slippage_pct': 3.0, 'dex_fee_pct': 0.25, 'quote_deviation_buffer_pct': 1.0, 'priority_fee_sol': 0.0005, 'failed_tx_cost_sol': 0.0002}",7.25,,,,,,,,,,,,
paper-ARea51UmRfn22Ds7KwFZirSMEEn1gtBdrhW4zLeveeV1-2026-05-02T21:57:08Z,,,ARea51UmRfn22Ds7KwFZirSMEEn1gtBdrhW4zLeveeV1,AALIEN,CLOSED,,2026-04-30 16:34:00 UTC,,0.00039240148441187163,,,0.185696,,,,,,S4_强确认信号,,,,WALLET_BLOCK,48.0,100.0,100.0,,,,,,,,,,,,,,,,,,,,-0.1025,钱包结构触发纸面强制退出,100.0,4.1728307712e-05,"[{'触发收益率': 50, '卖出比例': 25, '说明': '+50% 卖出 25%，回收部分风险'}, {'触发收益率': 100, '卖出比例': 25, '说明': '+100% 再卖出 25%'}, {'触发收益率': 200, '卖出比例': 25, '说明': '+200% 再卖出 25%，剩余跟踪'}]",[],0.00039240148441187163,0.00039240148441187163,0.00039240148441187163,2026-05-02T21:57:08Z,SIKK-B 控盘箱体突破回踩,READY_FOR_CONFIRMATION,钱包结构触发纸面退出；不执行真实 swap。,0.0,0.0,0,0.0,2026-05-02T22:07:29Z,0.000391999209924923,FORCE_PAPER_EXIT,STRUCTURE_WEAKENING,钱包结构状态变为 WALLET_BLOCK，纸面阶段直接模拟退出,1.0,发现分发侧钱包 15 个；对手盘压力高，接盘/套牢筹码占比偏高,E4,live,4.8220098e-05,0.00039240148441187163,713.7716,0.0,713.7716,"{'buy_slippage_pct': 3.0, 'sell_slippage_pct': 3.0, 'dex_fee_pct': 0.25, 'quote_deviation_buffer_pct': 1.0, 'priority_fee_sol': 0.0005, 'failed_tx_cost_sol': 0.0002}",7.25,,,,,,,,,,,,
paper-ARea51UmRfn22Ds7KwFZirSMEEn1gtBdrhW4zLeveeV1-2026-05-02T22:07:29Z,,,ARea51UmRfn22Ds7KwFZirSMEEn1gtBdrhW4zLeveeV1,AALIEN,CLOSED,,2026-04-30 16:34:00 UTC,,0.000391999209924923,,,0.185696,,,,,,S4_强确认信号,,,,WALLET_BLOCK,48.0,100.0,100.0,,,,,,,,,,,,,,,,,,,,0.9533,钱包结构触发纸面强制退出,100.0,4.1728307712e-05,"[{'触发收益率': 50, '卖出比例': 25, '说明': '+50% 卖出 25%，回收部分风险'}, {'触发收益率': 100, '卖出比例': 25, '说明': '+100% 再卖出 25%'}, {'触发收益率': 200, '卖出比例': 25, '说明': '+200% 再卖出 25%，剩余跟踪'}]",[],0.000391999209924923,0.000391999209924923,0.000391999209924923,2026-05-02T22:07:29Z,SIKK-B 控盘箱体突破回踩,READY_FOR_CONFIRMATION,钱包结构触发纸面退出；不执行真实 swap。,0.0,0.0,0,0.0,2026-05-02T22:17:57Z,0.00039573595793704195,FORCE_PAPER_EXIT,STRUCTURE_WEAKENING,钱包结构状态变为 WALLET_BLOCK，纸面阶段直接模拟退出,1.0,发现分发侧钱包 15 个；对手盘压力高，接盘/套牢筹码占比偏高,E4,live,4.8220098e-05,0.000391999209924923,712.9374,0.0,712.9374,"{'buy_slippage_pct': 3.0, 'sell_slippage_pct': 3.0, 'dex_fee_pct': 0.25, 'quote_deviation_buffer_pct': 1.0, 'priority_fee_sol': 0.0005, 'failed_tx_cost_sol': 0.0002}",7.25,,,,,,,,,,,,
paper-GnqRKyQfcna6XbkoJMKkvUZUBQdtMb8oy5rH2ocpump-2026-05-02T22:07:29Z,,,GnqRKyQfcna6XbkoJMKkvUZUBQdtMb8oy5rH2ocpump,MSTRUMP,CLOSED,,2026-05-02 18:08:00 UTC,,0.00025004521019335795,,,0.123829,,,,,,S4_强确认信号,,,,WALLET_BLOCK,0.0,100.0,100.0,,,,,,,,,,,,,,,,,,,,8.6149,钱包结构触发纸面强制退出,100.0,0.000159316003668,"[{'触发收益率': 50, '卖出比例': 25, '说明': '+50% 卖出 25%，回收部分风险'}, {'触发收益率': 100, '卖出比例': 25, '说明': '+100% 再卖出 25%'}, {'触发收益率': 200, '卖出比例': 25, '说明': '+200% 再卖出 25%，剩余跟踪'}]",[],0.00025004521019335795,0.00025004521019335795,0.00025004521019335795,2026-05-02T22:07:29Z,SIKK-B 控盘箱体突破回踩,READY_FOR_CONFIRMATION,钱包结构触发纸面退出；不执行真实 swap。,0.0,0.0,0,0.0,2026-05-02T22:17:57Z,0.00027158630607438376,FORCE_PAPER_EXIT,STRUCTURE_WEAKENING,钱包结构状态变为 WALLET_BLOCK，纸面阶段直接模拟退出,1.0,发现分发侧钱包 1 个；对手盘压力高，接盘/套牢筹码占比偏高,E3,live,0.00019961703,0.00025004521019335795,25.2625,0.0,25.2625,"{'buy_slippage_pct': 3.0, 'sell_slippage_pct': 3.0, 'dex_fee_pct': 0.25, 'quote_deviation_buffer_pct': 1.0, 'priority_fee_sol': 0.0005, 'failed_tx_cost_sol': 0.0002}",7.25,,,,,,,,,,,,
paper-ARea51UmRfn22Ds7KwFZirSMEEn1gtBdrhW4zLeveeV1-2026-05-02T22:17:57Z,,,ARea51UmRfn22Ds7KwFZirSMEEn1gtBdrhW4zLeveeV1,AALIEN,CLOSED,,2026-04-30 16:34:00 UTC,,0.00039573595793704195,,,0.185696,,,,,,S4_强确认信号,,,,WALLET_BLOCK,48.0,100.0,100.0,,,,,,,,,,,,,,,,,,,,-2.0269,钱包结构触发纸面强制退出,100.0,4.1728307712e-05,"[{'触发收益率': 50, '卖出比例': 25, '说明': '+50% 卖出 25%，回收部分风险'}, {'触发收益率': 100, '卖出比例': 25, '说明': '+100% 再卖出 25%'}, {'触发收益率': 200, '卖出比例': 25, '说明': '+200% 再卖出 25%，剩余跟踪'}]",[],0.00039573595793704195,0.00039573595793704195,0.00039573595793704195,2026-05-02T22:17:57Z,SIKK-B 控盘箱体突破回踩,READY_FOR_CONFIRMATION,钱包结构触发纸面退出；不执行真实 swap。,0.0,0.0,0,0.0,2026-05-02T22:28:31Z,0.0003877147557597797,FORCE_PAPER_EXIT,STRUCTURE_WEAKENING,钱包结构状态变为 WALLET_BLOCK，纸面阶段直接模拟退出,1.0,发现分发侧钱包 15 个；对手盘压力高，接盘/套牢筹码占比偏高,E4,live,4.8220098e-05,0.00039573595793704195,720.6868,0.0,720.6868,"{'buy_slippage_pct': 3.0, 'sell_slippage_pct': 3.0, 'dex_fee_pct': 0.25, 'quote_deviation_buffer_pct': 1.0, 'priority_fee_sol': 0.0005, 'failed_tx_cost_sol': 0.0002}",7.25,,,,,,,,,,,,
paper-GnqRKyQfcna6XbkoJMKkvUZUBQdtMb8oy5rH2ocpump-2026-05-02T22:17:57Z,,,GnqRKyQfcna6XbkoJMKkvUZUBQdtMb8oy5rH2ocpump,MSTRUMP,CLOSED,,2026-05-02 18:08:00 UTC,,0.00027158630607438376,,,0.123829,,,,,,S4_强确认信号,,,,WALLET_BLOCK,0.0,100.0,100.0,,,,,,,,,,,,,,,,,,,,-14.6841,钱包结构触发纸面强制退出,100.0,0.000159316003668,"[{'触发收益率': 50, '卖出比例': 25, '说明': '+50% 卖出 25%，回收部分风险'}, {'触发收益率': 100, '卖出比例': 25, '说明': '+100% 再卖出 25%'}, {'触发收益率': 200, '卖出比例': 25, '说明': '+200% 再卖出 25%，剩余跟踪'}]",[],0.00027158630607438376,0.00027158630607438376,0.00027158630607438376,2026-05-02T22:17:57Z,SIKK-B 控盘箱体突破回踩,READY_FOR_CONFIRMATION,钱包结构触发纸面退出；不执行真实 swap。,0.0,0.0,0,0.0,2026-05-02T22:28:31Z,0.00023170621877373354,FORCE_PAPER_EXIT,STRUCTURE_WEAKENING,钱包结构状态变为 WALLET_BLOCK，纸面阶段直接模拟退出,1.0,发现分发侧钱包 1 个；对手盘压力高，接盘/套牢筹码占比偏高,E3,live,0.00019961703,0.00027158630607438376,36.0537,0.0,36.0537,"{'buy_slippage_pct': 3.0, 'sell_slippage_pct': 3.0, 'dex_fee_pct': 0.25, 'quote_deviation_buffer_pct': 1.0, 'priority_fee_sol': 0.0005, 'failed_tx_cost_sol': 0.0002}",7.25,,,,,,,,,,,,
paper-F7ySj1p4f83fLXzdN8Dgf9UySr4MrkPVgZ1usFMzpump-2026-05-02T22:28:31Z,,,F7ySj1p4f83fLXzdN8Dgf9UySr4MrkPVgZ1usFMzpump,NYAN,CLOSED,,2026-05-02 21:37:00 UTC,,0.00012168393465891758,,,0.17146,,,,,,S4_强确认信号,,,,WALLET_BLOCK,0.0,100.0,100.0,,,,,,,,,,,,,,,,,,,,-92.6342,钱包结构触发纸面强制退出,100.0,6.2112717288e-05,"[{'触发收益率': 50, '卖出比例': 25, '说明': '+50% 卖出 25%，回收部分风险'}, {'触发收益率': 100, '卖出比例': 25, '说明': '+100% 再卖出 25%'}, {'触发收益率': 200, '卖出比例': 25, '说明': '+200% 再卖出 25%，剩余跟踪'}]",[],0.00012168393465891758,0.00012168393465891758,0.00012168393465891758,2026-05-02T22:28:31Z,SIKK-B 控盘箱体突破回踩,READY_FOR_CONFIRMATION,钱包结构触发纸面退出；不执行真实 swap。,0.0,0.0,0,0.0,2026-05-03T02:59:33Z,8.962945759661417e-06,FORCE_PAPER_EXIT,STRUCTURE_WEAKENING,钱包结构状态变为 WALLET_BLOCK，纸面阶段直接模拟退出,1.0,发现分发侧钱包 3 个；对手盘压力高，接盘/套牢筹码占比偏高,E3,live,7.2715088e-05,0.00012168393465891758,67.3434,0.0,67.3434,"{'buy_slippage_pct': 3.0, 'sell_slippage_pct': 3.0, 'dex_fee_pct': 0.25, 'quote_deviation_buffer_pct': 1.0, 'priority_fee_sol': 0.0005, 'failed_tx_cost_sol': 0.0002}",7.25,,,,,,,,,,,,
paper-ARea51UmRfn22Ds7KwFZirSMEEn1gtBdrhW4zLeveeV1-2026-05-02T22:28:31Z,,,ARea51UmRfn22Ds7KwFZirSMEEn1gtBdrhW4zLeveeV1,AALIEN,CLOSED,,2026-04-30 16:34:00 UTC,,0.0003877147557597797,,,0.185696,,,,,,S4_强确认信号,,,,WALLET_BLOCK,48.0,100.0,100.0,,,,,,,,,,,,,,,,,,,,32.4986,钱包结构触发纸面强制退出,100.0,4.1728307712e-05,"[{'触发收益率': 50, '卖出比例': 25, '说明': '+50% 卖出 25%，回收部分风险'}, {'触发收益率': 100, '卖出比例': 25, '说明': '+100% 再卖出 25%'}, {'触发收益率': 200, '卖出比例': 25, '说明': '+200% 再卖出 25%，剩余跟踪'}]",[],0.0003877147557597797,0.0003877147557597797,0.0003877147557597797,2026-05-02T22:28:31Z,SIKK-B 控盘箱体突破回踩,READY_FOR_CONFIRMATION,钱包结构触发纸面退出；不执行真实 swap。,0.0,0.0,0,0.0,2026-05-03T02:59:33Z,0.0005137167867156975,FORCE_PAPER_EXIT,STRUCTURE_WEAKENING,钱包结构状态变为 WALLET_BLOCK，纸面阶段直接模拟退出,1.0,发现分发侧钱包 15 个；对手盘压力高，接盘/套牢筹码占比偏高,E4,live,4.8220098e-05,0.0003877147557597797,704.0522,0.0,704.0522,"{'buy_slippage_pct': 3.0, 'sell_slippage_pct': 3.0, 'dex_fee_pct': 0.25, 'quote_deviation_buffer_pct': 1.0, 'priority_fee_sol': 0.0005, 'failed_tx_cost_sol': 0.0002}",7.25,,,,,,,,,,,,
paper-q7oDiKKY8j5FecGwvUR5Eyv7se9sh2DSaUD7aXEpump-2026-05-03T02:59:33Z,,,q7oDiKKY8j5FecGwvUR5Eyv7se9sh2DSaUD7aXEpump,HDD,CLOSED,,2026-05-03 01:06:00 UTC,,0.0008857904040717447,,,0.2,,,,,,S4_强确认信号,,,,WALLET_BLOCK,0.0,100.0,100.0,,,,,,,,,,,,,,,,,,,,-44.7868,钱包结构触发纸面强制退出,100.0,0.00023568867416000003,"[{'触发收益率': 50, '卖出比例': 25, '说明': '+50% 卖出 25%，回收部分风险'}, {'触发收益率': 100, '卖出比例': 25, '说明': '+100% 再卖出 25%'}, {'触发收益率': 200, '卖出比例': 25, '说明': '+200% 再卖出 25%，剩余跟踪'}]",[],0.0008857904040717447,0.0008857904040717447,0.0008857904040717447,2026-05-03T02:59:33Z,SIKK-B 控盘箱体突破回踩,READY_FOR_CONFIRMATION,钱包结构触发纸面退出；不执行真实 swap。,0.0,0.0,0,0.0,2026-05-03T04:04:45Z,0.0004890731893419139,FORCE_PAPER_EXIT,STRUCTURE_WEAKENING,钱包结构状态变为 WALLET_BLOCK，纸面阶段直接模拟退出,1.0,"对手盘压力高，接盘/套牢筹码占比偏高；缺失字段：wallet_address, role, game_side, evidence_level；筹码控制状态机：CONTROL_MIGRATING_TO_COUNTERPARTY；筹码控制状态机：COUNTERPARTY_PRESSURE_HIGH",E4,live,0.00026013095,0.0008857904040717447,240.5171,0.0,240.5171,"{'buy_slippage_pct': 3.0, 'sell_slippage_pct': 3.0, 'dex_fee_pct': 0.25, 'quote_deviation_buffer_pct': 1.0, 'priority_fee_sol': 0.0005, 'failed_tx_cost_sol': 0.0002}",7.25,,,,,,,,,,,,
paper-ARea51UmRfn22Ds7KwFZirSMEEn1gtBdrhW4zLeveeV1-2026-05-03T02:59:33Z,,,ARea51UmRfn22Ds7KwFZirSMEEn1gtBdrhW4zLeveeV1,AALIEN,CLOSED,,2026-04-30 16:34:00 UTC,,0.0005070883559038687,,,0.185696,,,,,,S4_强确认信号,,,,WALLET_BLOCK,48.0,100.0,100.0,,,,,,,,,,,,,,,,,,,,-3.7712,钱包结构触发纸面强制退出,100.0,4.1728307712e-05,"[{'触发收益率': 50, '卖出比例': 25, '说明': '+50% 卖出 25%，回收部分风险'}, {'触发收益率': 100, '卖出比例': 25, '说明': '+100% 再卖出 25%'}, {'触发收益率': 200, '卖出比例': 25, '说明': '+200% 再卖出 25%，剩余跟踪'}]",[],0.0005070883559038687,0.0005070883559038687,0.0005070883559038687,2026-05-03T02:59:33Z,SIKK-B 控盘箱体突破回踩,READY_FOR_CONFIRMATION,钱包结构触发纸面退出；不执行真实 swap。,0.0,0.0,0,0.0,2026-05-03T04:04:45Z,0.0004879652847936635,FORCE_PAPER_EXIT,STRUCTURE_WEAKENING,钱包结构状态变为 WALLET_BLOCK，纸面阶段直接模拟退出,1.0,"发现分发侧钱包 16 个；对手盘压力高，接盘/套牢筹码占比偏高；缺失字段：wallet_address, role, game_side, evidence_level；筹码控制状态机：CONTROL_BREAK_OR_DISTRIBUTION；筹码控制状态机：WALLET_BLOCK；筹码控制状态机：DISTRIBUTION_ACTIVE",E4,live,4.8220098e-05,0.0005070883559038687,951.612,0.0,951.612,"{'buy_slippage_pct': 3.0, 'sell_slippage_pct': 3.0, 'dex_fee_pct': 0.25, 'quote_deviation_buffer_pct': 1.0, 'priority_fee_sol': 0.0005, 'failed_tx_cost_sol': 0.0002}",7.25,,,,,,,,,,,,
paper-q7oDiKKY8j5FecGwvUR5Eyv7se9sh2DSaUD7aXEpump-2026-05-03T04:04:45Z,,,q7oDiKKY8j5FecGwvUR5Eyv7se9sh2DSaUD7aXEpump,HDD,CLOSED,,2026-05-03 01:06:00 UTC,,0.0004890731893419139,,,0.2,,,,,,S4_强确认信号,,,,WALLET_BLOCK,0.0,100.0,100.0,,,,,,,,,,,,,,,,,,,,-25.6412,钱包结构触发纸面强制退出,100.0,0.00023568867416000003,"[{'触发收益率': 50, '卖出比例': 25, '说明': '+50% 卖出 25%，回收部分风险'}, {'触发收益率': 100, '卖出比例': 25, '说明': '+100% 再卖出 25%'}, {'触发收益率': 200, '卖出比例': 25, '说明': '+200% 再卖出 25%，剩余跟踪'}]",[],0.0004890731893419139,0.0004890731893419139,0.0004890731893419139,2026-05-03T04:04:45Z,SIKK-B 控盘箱体突破回踩,READY_FOR_CONFIRMATION,钱包结构触发纸面退出；不执行真实 swap。,0.0,0.0,0,0.0,2026-05-03T04:36:09Z,0.00036366894048395573,FORCE_PAPER_EXIT,STRUCTURE_WEAKENING,钱包结构状态变为 WALLET_BLOCK，纸面阶段直接模拟退出,1.0,"对手盘压力高，接盘/套牢筹码占比偏高；缺失字段：wallet_address, role, game_side, evidence_level；筹码控制状态机：CONTROL_MIGRATING_TO_COUNTERPARTY；筹码控制状态机：COUNTERPARTY_PRESSURE_HIGH",E3,live,0.00026013095,0.0004890731893419139,88.0104,0.0,88.0104,"{'buy_slippage_pct': 3.0, 'sell_slippage_pct': 3.0, 'dex_fee_pct': 0.25, 'quote_deviation_buffer_pct': 1.0, 'priority_fee_sol': 0.0005, 'failed_tx_cost_sol': 0.0002}",7.25,,,,,,,,,,,,
paper-ARea51UmRfn22Ds7KwFZirSMEEn1gtBdrhW4zLeveeV1-2026-05-03T04:04:45Z,,,ARea51UmRfn22Ds7KwFZirSMEEn1gtBdrhW4zLeveeV1,AALIEN,CLOSED,,2026-04-30 16:34:00 UTC,,0.0004879652847936635,,,0.185696,,,,,,S4_强确认信号,,,,WALLET_BLOCK,48.0,100.0,100.0,,,,,,,,,,,,,,,,,,,,-6.0466,钱包结构触发纸面强制退出,100.0,4.1728307712e-05,"[{'触发收益率': 50, '卖出比例': 25, '说明': '+50% 卖出 25%，回收部分风险'}, {'触发收益率': 100, '卖出比例': 25, '说明': '+100% 再卖出 25%'}, {'触发收益率': 200, '卖出比例': 25, '说明': '+200% 再卖出 25%，剩余跟踪'}]",[],0.0004879652847936635,0.0004879652847936635,0.0004879652847936635,2026-05-03T04:04:45Z,SIKK-B 控盘箱体突破回踩,READY_FOR_CONFIRMATION,钱包结构触发纸面退出；不执行真实 swap。,0.0,0.0,0,0.0,2026-05-03T04:36:09Z,0.00045845995201109597,FORCE_PAPER_EXIT,STRUCTURE_WEAKENING,钱包结构状态变为 WALLET_BLOCK，纸面阶段直接模拟退出,1.0,"发现分发侧钱包 16 个；对手盘压力高，接盘/套牢筹码占比偏高；缺失字段：wallet_address, role, game_side, evidence_level；筹码控制状态机：CONTROL_BREAK_OR_DISTRIBUTION；筹码控制状态机：WALLET_BLOCK；筹码控制状态机：DISTRIBUTION_ACTIVE",E4,live,4.8220098e-05,0.0004879652847936635,911.9542,0.0,911.9542,"{'buy_slippage_pct': 3.0, 'sell_slippage_pct': 3.0, 'dex_fee_pct': 0.25, 'quote_deviation_buffer_pct': 1.0, 'priority_fee_sol': 0.0005, 'failed_tx_cost_sol': 0.0002}",7.25,,,,,,,,,,,,
paper-q7oDiKKY8j5FecGwvUR5Eyv7se9sh2DSaUD7aXEpump-2026-05-03T04:36:09Z,,,q7oDiKKY8j5FecGwvUR5Eyv7se9sh2DSaUD7aXEpump,HDD,CLOSED,,2026-05-03 01:06:00 UTC,,0.00036366894048395573,,,0.2,,,,,,S4_强确认信号,,,,WALLET_BLOCK,0.0,100.0,100.0,,,,,,,,,,,,,,,,,,,,-4.0527,钱包结构触发纸面强制退出,100.0,0.00023568867416000003,"[{'触发收益率': 50, '卖出比例': 25, '说明': '+50% 卖出 25%，回收部分风险'}, {'触发收益率': 100, '卖出比例': 25, '说明': '+100% 再卖出 25%'}, {'触发收益率': 200, '卖出比例': 25, '说明': '+200% 再卖出 25%，剩余跟踪'}]",[],0.00036366894048395573,0.00036366894048395573,0.00036366894048395573,2026-05-03T04:36:09Z,SIKK-B 控盘箱体突破回踩,READY_FOR_CONFIRMATION,钱包结构触发纸面退出；不执行真实 swap。,0.0,0.0,0,0.0,2026-05-03T04:36:47Z,0.0003489306097693568,FORCE_PAPER_EXIT,STRUCTURE_WEAKENING,钱包结构状态变为 WALLET_BLOCK，纸面阶段直接模拟退出,1.0,"对手盘压力高，接盘/套牢筹码占比偏高；缺失字段：wallet_address, role, game_side, evidence_level；筹码控制状态机：CONTROL_MIGRATING_TO_COUNTERPARTY；筹码控制状态机：COUNTERPARTY_PRESSURE_HIGH",E3,live,0.00026013095,0.00036366894048395573,39.8023,0.0,39.8023,"{'buy_slippage_pct': 3.0, 'sell_slippage_pct': 3.0, 'dex_fee_pct': 0.25, 'quote_deviation_buffer_pct': 1.0, 'priority_fee_sol': 0.0005, 'failed_tx_cost_sol': 0.0002}",7.25,,,,,,,,,,,,
paper-ARea51UmRfn22Ds7KwFZirSMEEn1gtBdrhW4zLeveeV1-2026-05-03T04:36:09Z,,,ARea51UmRfn22Ds7KwFZirSMEEn1gtBdrhW4zLeveeV1,AALIEN,CLOSED,,2026-04-30 16:34:00 UTC,,0.00045845995201109597,,,0.185696,,,,,,S4_强确认信号,,,,WALLET_BLOCK,48.0,100.0,100.0,,,,,,,,,,,,,,,,,,,,0.0,钱包结构触发纸面强制退出,100.0,4.1728307712e-05,"[{'触发收益率': 50, '卖出比例': 25, '说明': '+50% 卖出 25%，回收部分风险'}, {'触发收益率': 100, '卖出比例': 25, '说明': '+100% 再卖出 25%'}, {'触发收益率': 200, '卖出比例': 25, '说明': '+200% 再卖出 25%，剩余跟踪'}]",[],0.00045845995201109597,0.00045845995201109597,0.00045845995201109597,2026-05-03T04:36:09Z,SIKK-B 控盘箱体突破回踩,READY_FOR_CONFIRMATION,钱包结构触发纸面退出；不执行真实 swap。,0.0,0.0,0,0.0,2026-05-03T04:36:47Z,0.00045845995201109597,FORCE_PAPER_EXIT,STRUCTURE_WEAKENING,钱包结构状态变为 WALLET_BLOCK，纸面阶段直接模拟退出,1.0,"发现分发侧钱包 16 个；对手盘压力高，接盘/套牢筹码占比偏高；缺失字段：wallet_address, role, game_side, evidence_level；筹码控制状态机：CONTROL_BREAK_OR_DISTRIBUTION；筹码控制状态机：WALLET_BLOCK；筹码控制状态机：DISTRIBUTION_ACTIVE",E4,live,4.8220098e-05,0.00045845995201109597,850.7653,0.0,850.7653,"{'buy_slippage_pct': 3.0, 'sell_slippage_pct': 3.0, 'dex_fee_pct': 0.25, 'quote_deviation_buffer_pct': 1.0, 'priority_fee_sol': 0.0005, 'failed_tx_cost_sol': 0.0002}",7.25,,,,,,,,,,,,
paper-q7oDiKKY8j5FecGwvUR5Eyv7se9sh2DSaUD7aXEpump-2026-05-03T04:36:47Z,,,q7oDiKKY8j5FecGwvUR5Eyv7se9sh2DSaUD7aXEpump,HDD,CLOSED,,2026-05-03 01:06:00 UTC,,0.0003489306097693568,,,0.2,,,,,,S4_强确认信号,,,,WALLET_BLOCK,0.0,100.0,100.0,,,,,,,,,,,,,,,,,,,,-34.2918,钱包结构触发纸面强制退出,100.0,0.00023568867416000003,"[{'触发收益率': 50, '卖出比例': 25, '说明': '+50% 卖出 25%，回收部分风险'}, {'触发收益率': 100, '卖出比例': 25, '说明': '+100% 再卖出 25%'}, {'触发收益率': 200, '卖出比例': 25, '说明': '+200% 再卖出 25%，剩余跟踪'}]",[],0.0003489306097693568,0.0003489306097693568,0.0003489306097693568,2026-05-03T04:36:47Z,SIKK-B 控盘箱体突破回踩,READY_FOR_CONFIRMATION,钱包结构触发纸面退出；不执行真实 swap。,0.0,0.0,0,0.0,2026-05-03T04:46:33Z,0.00022927608136941597,FORCE_PAPER_EXIT,STRUCTURE_WEAKENING,钱包结构状态变为 WALLET_BLOCK，纸面阶段直接模拟退出,1.0,"对手盘压力高，接盘/套牢筹码占比偏高；缺失字段：wallet_address, role, game_side, evidence_level；筹码控制状态机：CONTROL_MIGRATING_TO_COUNTERPARTY；筹码控制状态机：COUNTERPARTY_PRESSURE_HIGH",E3,live,0.00026013095,0.0003489306097693568,34.1365,0.0,34.1365,"{'buy_slippage_pct': 3.0, 'sell_slippage_pct': 3.0, 'dex_fee_pct': 0.25, 'quote_deviation_buffer_pct': 1.0, 'priority_fee_sol': 0.0005, 'failed_tx_cost_sol': 0.0002}",7.25,,,,,,,,,,,,
paper-ARea51UmRfn22Ds7KwFZirSMEEn1gtBdrhW4zLeveeV1-2026-05-03T04:36:47Z,,,ARea51UmRfn22Ds7KwFZirSMEEn1gtBdrhW4zLeveeV1,AALIEN,CLOSED,,2026-04-30 16:34:00 UTC,,0.00045845995201109597,,,0.185696,,,,,,S4_强确认信号,,,,WALLET_BLOCK,48.0,100.0,100.0,,,,,,,,,,,,,,,,,,,,-1.7469,钱包结构触发纸面强制退出,100.0,4.1728307712e-05,"[{'触发收益率': 50, '卖出比例': 25, '说明': '+50% 卖出 25%，回收部分风险'}, {'触发收益率': 100, '卖出比例': 25, '说明': '+100% 再卖出 25%'}, {'触发收益率': 200, '卖出比例': 25, '说明': '+200% 再卖出 25%，剩余跟踪'}]",[],0.00045845995201109597,0.00045845995201109597,0.00045845995201109597,2026-05-03T04:36:47Z,SIKK-B 控盘箱体突破回踩,READY_FOR_CONFIRMATION,钱包结构触发纸面退出；不执行真实 swap。,0.0,0.0,0,0.0,2026-05-03T04:46:33Z,0.0004504510877637748,FORCE_PAPER_EXIT,STRUCTURE_WEAKENING,钱包结构状态变为 WALLET_BLOCK，纸面阶段直接模拟退出,1.0,"发现分发侧钱包 16 个；对手盘压力高，接盘/套牢筹码占比偏高；缺失字段：wallet_address, role, game_side, evidence_level；筹码控制状态机：CONTROL_BREAK_OR_DISTRIBUTION；筹码控制状态机：WALLET_BLOCK；筹码控制状态机：DISTRIBUTION_ACTIVE",E4,live,4.8220098e-05,0.00045845995201109597,850.7653,0.0,850.7653,"{'buy_slippage_pct': 3.0, 'sell_slippage_pct': 3.0, 'dex_fee_pct': 0.25, 'quote_deviation_buffer_pct': 1.0, 'priority_fee_sol': 0.0005, 'failed_tx_cost_sol': 0.0002}",7.25,,,,,,,,,,,,
paper-q7oDiKKY8j5FecGwvUR5Eyv7se9sh2DSaUD7aXEpump-2026-05-03T04:46:33Z,,,q7oDiKKY8j5FecGwvUR5Eyv7se9sh2DSaUD7aXEpump,HDD,CLOSED,,2026-05-03 01:06:00 UTC,,0.00022383961537556852,,,0.2,,,,,,S4_强确认信号,,,,WALLET_BLOCK,0.0,100.0,100.0,,,,,,,,,,,,,,,,,,,,0.0,命中纸面止损,100.0,0.00023568867416000003,"[{'触发收益率': 50, '卖出比例': 25, '说明': '+50% 卖出 25%，回收部分风险'}, {'触发收益率': 100, '卖出比例': 25, '说明': '+100% 再卖出 25%'}, {'触发收益率': 200, '卖出比例': 25, '说明': '+200% 再卖出 25%，剩余跟踪'}]",[],0.00022383961537556852,0.00022383961537556852,0.00022383961537556852,2026-05-03T04:46:33Z,SIKK-B 控盘箱体突破回踩,READY_FOR_CONFIRMATION,纸面持仓，不执行真实 swap。,0.0,0.0,,,2026-05-03T04:46:33Z,0.00022383961537556852,,,,1.0,"对手盘压力高，接盘/套牢筹码占比偏高；缺失字段：wallet_address, role, game_side, evidence_level；筹码控制状态机：CONTROL_MIGRATING_TO_COUNTERPARTY；筹码控制状态机：COUNTERPARTY_PRESSURE_HIGH",E3,live,0.00026013095,0.00022383961537556852,-13.9512,0.0,-13.9512,"{'buy_slippage_pct': 3.0, 'sell_slippage_pct': 3.0, 'dex_fee_pct': 0.25, 'quote_deviation_buffer_pct': 1.0, 'priority_fee_sol': 0.0005, 'failed_tx_cost_sol': 0.0002}",7.25,,,,,,,,,,,,
paper-ARea51UmRfn22Ds7KwFZirSMEEn1gtBdrhW4zLeveeV1-2026-05-03T04:46:33Z,,,ARea51UmRfn22Ds7KwFZirSMEEn1gtBdrhW4zLeveeV1,AALIEN,CLOSED,,2026-04-30 16:34:00 UTC,,0.0004504510877637748,,,0.185696,,,,,,S4_强确认信号,,,,WALLET_BLOCK,48.0,100.0,100.0,,,,,,,,,,,,,,,,,,,,0.8112,钱包结构触发纸面强制退出,100.0,4.1728307712e-05,"[{'触发收益率': 50, '卖出比例': 25, '说明': '+50% 卖出 25%，回收部分风险'}, {'触发收益率': 100, '卖出比例': 25, '说明': '+100% 再卖出 25%'}, {'触发收益率': 200, '卖出比例': 25, '说明': '+200% 再卖出 25%，剩余跟踪'}]",[],0.0004504510877637748,0.0004504510877637748,0.0004504510877637748,2026-05-03T04:46:33Z,SIKK-B 控盘箱体突破回踩,READY_FOR_CONFIRMATION,钱包结构触发纸面退出；不执行真实 swap。,0.0,0.0,0,0.0,2026-05-03T04:52:39Z,0.00045410525075227203,FORCE_PAPER_EXIT,STRUCTURE_WEAKENING,钱包结构状态变为 WALLET_BLOCK，纸面阶段直接模拟退出,1.0,"发现分发侧钱包 16 个；对手盘压力高，接盘/套牢筹码占比偏高；缺失字段：wallet_address, role, game_side, evidence_level；筹码控制状态机：CONTROL_BREAK_OR_DISTRIBUTION；筹码控制状态机：WALLET_BLOCK；筹码控制状态机：DISTRIBUTION_ACTIVE",E4,live,4.8220098e-05,0.0004504510877637748,834.1563,0.0,834.1563,"{'buy_slippage_pct': 3.0, 'sell_slippage_pct': 3.0, 'dex_fee_pct': 0.25, 'quote_deviation_buffer_pct': 1.0, 'priority_fee_sol': 0.0005, 'failed_tx_cost_sol': 0.0002}",7.25,,,,,,,,,,,,
paper-q7oDiKKY8j5FecGwvUR5Eyv7se9sh2DSaUD7aXEpump-2026-05-03T04:52:39Z,,,q7oDiKKY8j5FecGwvUR5Eyv7se9sh2DSaUD7aXEpump,HDD,CLOSED,,2026-05-03 01:06:00 UTC,,8.750379370148461e-05,,,0.2,,,,,,S4_强确认信号,,,,WALLET_BLOCK,0.0,100.0,100.0,,,,,,,,,,,,,,,,,,,,0.0,命中纸面止损,100.0,0.00023568867416000003,"[{'触发收益率': 50, '卖出比例': 25, '说明': '+50% 卖出 25%，回收部分风险'}, {'触发收益率': 100, '卖出比例': 25, '说明': '+100% 再卖出 25%'}, {'触发收益率': 200, '卖出比例': 25, '说明': '+200% 再卖出 25%，剩余跟踪'}]",[],8.750379370148461e-05,8.750379370148461e-05,8.750379370148461e-05,2026-05-03T04:52:39Z,SIKK-B 控盘箱体突破回踩,READY_FOR_CONFIRMATION,纸面持仓，不执行真实 swap。,0.0,0.0,,,2026-05-03T04:52:39Z,8.750379370148461e-05,,,,1.0,"对手盘压力高，接盘/套牢筹码占比偏高；缺失字段：wallet_address, role, game_side, evidence_level；筹码控制状态机：CONTROL_MIGRATING_TO_COUNTERPARTY；筹码控制状态机：COUNTERPARTY_PRESSURE_HIGH",E3,live,0.00026013095,8.750379370148461e-05,-66.3616,0.0,-66.3616,"{'buy_slippage_pct': 3.0, 'sell_slippage_pct': 3.0, 'dex_fee_pct': 0.25, 'quote_deviation_buffer_pct': 1.0, 'priority_fee_sol': 0.0005, 'failed_tx_cost_sol': 0.0002}",7.25,,,,,,,,,,,,
paper-ARea51UmRfn22Ds7KwFZirSMEEn1gtBdrhW4zLeveeV1-2026-05-03T04:52:39Z,,,ARea51UmRfn22Ds7KwFZirSMEEn1gtBdrhW4zLeveeV1,AALIEN,CLOSED,,2026-04-30 16:34:00 UTC,,0.00045410525075227203,,,0.185696,,,,,,S4_强确认信号,,,,WALLET_BLOCK,48.0,100.0,100.0,,,,,,,,,,,,,,,,,,,,-0.1813,钱包结构触发纸面强制退出,100.0,4.1728307712e-05,"[{'触发收益率': 50, '卖出比例': 25, '说明': '+50% 卖出 25%，回收部分风险'}, {'触发收益率': 100, '卖出比例': 25, '说明': '+100% 再卖出 25%'}, {'触发收益率': 200, '卖出比例': 25, '说明': '+200% 再卖出 25%，剩余跟踪'}]",[],0.00045410525075227203,0.00045410525075227203,0.00045410525075227203,2026-05-03T04:52:39Z,SIKK-B 控盘箱体突破回踩,READY_FOR_CONFIRMATION,钱包结构触发纸面退出；不执行真实 swap。,0.0,0.0,0,0.0,2026-05-03T04:57:03Z,0.0004532821262303847,FORCE_PAPER_EXIT,STRUCTURE_WEAKENING,钱包结构状态变为 WALLET_BLOCK，纸面阶段直接模拟退出,1.0,"发现分发侧钱包 16 个；对手盘压力高，接盘/套牢筹码占比偏高；缺失字段：wallet_address, role, game_side, evidence_level；筹码控制状态机：CONTROL_BREAK_OR_DISTRIBUTION；筹码控制状态机：WALLET_BLOCK；筹码控制状态机：DISTRIBUTION_ACTIVE",E4,live,4.8220098e-05,0.00045410525075227203,841.7344,0.0,841.7344,"{'buy_slippage_pct': 3.0, 'sell_slippage_pct': 3.0, 'dex_fee_pct': 0.25, 'quote_deviation_buffer_pct': 1.0, 'priority_fee_sol': 0.0005, 'failed_tx_cost_sol': 0.0002}",7.25,,,,,,,,,,,,
paper-6Xipib7UavxaXvWDhepFpU4NzypozVBPvNNjxTdXpump-2026-05-03T04:52:39Z,,,6Xipib7UavxaXvWDhepFpU4NzypozVBPvNNjxTdXpump,MILF,CLOSED,,2026-04-29 18:55:00 UTC,,6.725796880906488e-05,,,0.142401,,,,,,S4_强确认信号,,,,WALLET_BLOCK,0.0,100.0,100.0,,,,,,,,,,,,,,,,,,,,-10.9342,钱包结构触发纸面强制退出,100.0,2.6264953804000002e-05,"[{'触发收益率': 50, '卖出比例': 25, '说明': '+50% 卖出 25%，回收部分风险'}, {'触发收益率': 100, '卖出比例': 25, '说明': '+100% 再卖出 25%'}, {'触发收益率': 200, '卖出比例': 25, '说明': '+200% 再卖出 25%，剩余跟踪'}]",[],6.725796880906488e-05,6.725796880906488e-05,6.725796880906488e-05,2026-05-03T04:52:39Z,SIKK-B 控盘箱体突破回踩,READY_FOR_CONFIRMATION,钱包结构触发纸面退出；不执行真实 swap。,0.0,0.0,0,0.0,2026-05-03T04:57:03Z,5.9903868260630676e-05,FORCE_PAPER_EXIT,STRUCTURE_WEAKENING,钱包结构状态变为 WALLET_BLOCK，纸面阶段直接模拟退出,1.0,"发现分发侧钱包 5 个；对手盘压力高，接盘/套牢筹码占比偏高；缺失字段：wallet_address, role, game_side, evidence_level；筹码控制状态机：CONTROL_BREAK_OR_DISTRIBUTION；筹码控制状态机：WALLET_BLOCK；筹码控制状态机：DISTRIBUTION_ACTIVE",E4,live,3.1857951e-05,6.725796880906488e-05,111.1183,0.0,111.1183,"{'buy_slippage_pct': 3.0, 'sell_slippage_pct': 3.0, 'dex_fee_pct': 0.25, 'quote_deviation_buffer_pct': 1.0, 'priority_fee_sol': 0.0005, 'failed_tx_cost_sol': 0.0002}",7.25,,,,,,,,,,,,
paper-ARea51UmRfn22Ds7KwFZirSMEEn1gtBdrhW4zLeveeV1-2026-05-03T04:57:03Z,,,ARea51UmRfn22Ds7KwFZirSMEEn1gtBdrhW4zLeveeV1,AALIEN,CLOSED,,2026-04-30 16:34:00 UTC,,0.0004532821262303847,,,0.185696,,,,,,S4_强确认信号,,,,WALLET_BLOCK,48.0,100.0,100.0,,,,,,,,,,,,,,,,,,,,2.5734,钱包结构触发纸面强制退出,100.0,4.1728307712e-05,"[{'触发收益率': 50, '卖出比例': 25, '说明': '+50% 卖出 25%，回收部分风险'}, {'触发收益率': 100, '卖出比例': 25, '说明': '+100% 再卖出 25%'}, {'触发收益率': 200, '卖出比例': 25, '说明': '+200% 再卖出 25%，剩余跟踪'}]",[],0.0004532821262303847,0.0004532821262303847,0.0004532821262303847,2026-05-03T04:57:03Z,SIKK-B 控盘箱体突破回踩,READY_FOR_CONFIRMATION,钱包结构触发纸面退出；不执行真实 swap。,0.0,0.0,0,0.0,2026-05-03T05:07:20Z,0.0004649467236789362,FORCE_PAPER_EXIT,STRUCTURE_WEAKENING,钱包结构状态变为 WALLET_BLOCK，纸面阶段直接模拟退出,1.0,"发现分发侧钱包 16 个；对手盘压力高，接盘/套牢筹码占比偏高；缺失字段：wallet_address, role, game_side, evidence_level；筹码控制状态机：CONTROL_BREAK_OR_DISTRIBUTION；筹码控制状态机：WALLET_BLOCK；筹码控制状态机：DISTRIBUTION_ACTIVE",E4,live,4.8220098e-05,0.0004532821262303847,840.0274,0.0,840.0274,"{'buy_slippage_pct': 3.0, 'sell_slippage_pct': 3.0, 'dex_fee_pct': 0.25, 'quote_deviation_buffer_pct': 1.0, 'priority_fee_sol': 0.0005, 'failed_tx_cost_sol': 0.0002}",7.25,,,,,,,,,,,,
paper-7soYuSPe1LaJ9V37W7ZGDB5Xwxi41LUWjRT3AEQGpump-2026-05-03T04:57:03Z,,,7soYuSPe1LaJ9V37W7ZGDB5Xwxi41LUWjRT3AEQGpump,WOLVERINE,CLOSED,,2026-04-28 16:24:00 UTC,,7.595808103928038e-05,,,0.177725,,,,,,S4_强确认信号,,,,WALLET_BLOCK,32.0,100.0,100.0,,,,,,,,,,,,,,,,,,,,0.0,钱包结构触发纸面强制退出,100.0,5.9818622084000004e-05,"[{'触发收益率': 50, '卖出比例': 25, '说明': '+50% 卖出 25%，回收部分风险'}, {'触发收益率': 100, '卖出比例': 25, '说明': '+100% 再卖出 25%'}, {'触发收益率': 200, '卖出比例': 25, '说明': '+200% 再卖出 25%，剩余跟踪'}]",[],7.595808103928038e-05,7.595808103928038e-05,7.595808103928038e-05,2026-05-03T04:57:03Z,SIKK-B 控盘箱体突破回踩,READY_FOR_CONFIRMATION,钱包结构触发纸面退出；不执行真实 swap。,0.0,0.0,0,0.0,2026-05-03T05:07:20Z,7.595808103928038e-05,FORCE_PAPER_EXIT,STRUCTURE_WEAKENING,钱包结构状态变为 WALLET_BLOCK，纸面阶段直接模拟退出,1.0,"发现分发侧钱包 12 个；对手盘压力高，接盘/套牢筹码占比偏高；缺失字段：wallet_address, role, game_side, evidence_level；筹码控制状态机：CONTROL_BREAK_OR_DISTRIBUTION；筹码控制状态机：WALLET_BLOCK；筹码控制状态机：DISTRIBUTION_ACTIVE",E4,live,6.9610509e-05,7.595808103928038e-05,9.1187,0.0,9.1187,"{'buy_slippage_pct': 3.0, 'sell_slippage_pct': 3.0, 'dex_fee_pct': 0.25, 'quote_deviation_buffer_pct': 1.0, 'priority_fee_sol': 0.0005, 'failed_tx_cost_sol': 0.0002}",7.25,,,,,,,,,,,,
paper-ARea51UmRfn22Ds7KwFZirSMEEn1gtBdrhW4zLeveeV1-2026-05-03T05:07:20Z,,,ARea51UmRfn22Ds7KwFZirSMEEn1gtBdrhW4zLeveeV1,AALIEN,CLOSED,,2026-04-30 16:34:00 UTC,,0.0004649467236789362,,,0.185696,,,,,,S4_强确认信号,,,,WALLET_BLOCK,48.0,100.0,100.0,,,,,,,,,,,,,,,,,,,,-1.2489,钱包结构触发纸面强制退出,100.0,4.1728307712e-05,"[{'触发收益率': 50, '卖出比例': 25, '说明': '+50% 卖出 25%，回收部分风险'}, {'触发收益率': 100, '卖出比例': 25, '说明': '+100% 再卖出 25%'}, {'触发收益率': 200, '卖出比例': 25, '说明': '+200% 再卖出 25%，剩余跟踪'}]",[],0.0004649467236789362,0.0004649467236789362,0.0004649467236789362,2026-05-03T05:07:20Z,SIKK-B 控盘箱体突破回踩,READY_FOR_CONFIRMATION,钱包结构触发纸面退出；不执行真实 swap。,0.0,0.0,0,0.0,2026-05-03T05:10:57Z,0.0004591402266362896,FORCE_PAPER_EXIT,STRUCTURE_WEAKENING,钱包结构状态变为 WALLET_BLOCK，纸面阶段直接模拟退出,1.0,"发现分发侧钱包 16 个；对手盘压力高，接盘/套牢筹码占比偏高；缺失字段：wallet_address, role, game_side, evidence_level；筹码控制状态机：CONTROL_BREAK_OR_DISTRIBUTION；筹码控制状态机：WALLET_BLOCK；筹码控制状态机：DISTRIBUTION_ACTIVE",E4,live,4.8220098e-05,0.0004649467236789362,864.2177,0.0,864.2177,"{'buy_slippage_pct': 3.0, 'sell_slippage_pct': 3.0, 'dex_fee_pct': 0.25, 'quote_deviation_buffer_pct': 1.0, 'priority_fee_sol': 0.0005, 'failed_tx_cost_sol': 0.0002}",7.25,,,,,,,,,,,,
paper-6Xipib7UavxaXvWDhepFpU4NzypozVBPvNNjxTdXpump-2026-05-03T05:07:20Z,,,6Xipib7UavxaXvWDhepFpU4NzypozVBPvNNjxTdXpump,MILF,CLOSED,,2026-04-29 18:55:00 UTC,,6.197967814568354e-05,,,0.142401,,,,,,S4_强确认信号,,,,WALLET_BLOCK,0.0,100.0,100.0,,,,,,,,,,,,,,,,,,,,0.0796,钱包结构触发纸面强制退出,100.0,2.6264953804000002e-05,"[{'触发收益率': 50, '卖出比例': 25, '说明': '+50% 卖出 25%，回收部分风险'}, {'触发收益率': 100, '卖出比例': 25, '说明': '+100% 再卖出 25%'}, {'触发收益率': 200, '卖出比例': 25, '说明': '+200% 再卖出 25%，剩余跟踪'}]",[],6.197967814568354e-05,6.197967814568354e-05,6.197967814568354e-05,2026-05-03T05:07:20Z,SIKK-B 控盘箱体突破回踩,READY_FOR_CONFIRMATION,钱包结构触发纸面退出；不执行真实 swap。,0.0,0.0,0,0.0,2026-05-03T05:10:57Z,6.202900819745259e-05,FORCE_PAPER_EXIT,STRUCTURE_WEAKENING,钱包结构状态变为 WALLET_BLOCK，纸面阶段直接模拟退出,1.0,"发现分发侧钱包 5 个；对手盘压力高，接盘/套牢筹码占比偏高；缺失字段：wallet_address, role, game_side, evidence_level；筹码控制状态机：CONTROL_BREAK_OR_DISTRIBUTION；筹码控制状态机：WALLET_BLOCK；筹码控制状态机：DISTRIBUTION_ACTIVE",E4,live,3.1857951e-05,6.197967814568354e-05,94.5501,0.0,94.5501,"{'buy_slippage_pct': 3.0, 'sell_slippage_pct': 3.0, 'dex_fee_pct': 0.25, 'quote_deviation_buffer_pct': 1.0, 'priority_fee_sol': 0.0005, 'failed_tx_cost_sol': 0.0002}",7.25,,,,,,,,,,,,
paper-ARea51UmRfn22Ds7KwFZirSMEEn1gtBdrhW4zLeveeV1-2026-05-03T05:10:57Z,,,ARea51UmRfn22Ds7KwFZirSMEEn1gtBdrhW4zLeveeV1,AALIEN,CLOSED,,2026-04-30 16:34:00 UTC,,0.0004591402266362896,,,0.185696,,,,,,S4_强确认信号,,,,WALLET_BLOCK,48.0,100.0,100.0,,,,,,,,,,,,,,,,,,,,1.4701,钱包结构触发纸面强制退出,100.0,4.1728307712e-05,"[{'触发收益率': 50, '卖出比例': 25, '说明': '+50% 卖出 25%，回收部分风险'}, {'触发收益率': 100, '卖出比例': 25, '说明': '+100% 再卖出 25%'}, {'触发收益率': 200, '卖出比例': 25, '说明': '+200% 再卖出 25%，剩余跟踪'}]",[],0.0004591402266362896,0.0004591402266362896,0.0004591402266362896,2026-05-03T05:10:57Z,SIKK-B 控盘箱体突破回踩,READY_FOR_CONFIRMATION,钱包结构触发纸面退出；不执行真实 swap。,0.0,0.0,0,0.0,2026-05-03T05:17:38Z,0.0004658901623187025,FORCE_PAPER_EXIT,STRUCTURE_WEAKENING,钱包结构状态变为 WALLET_BLOCK，纸面阶段直接模拟退出,1.0,"发现分发侧钱包 16 个；对手盘压力高，接盘/套牢筹码占比偏高；缺失字段：wallet_address, role, game_side, evidence_level；筹码控制状态机：CONTROL_BREAK_OR_DISTRIBUTION；筹码控制状态机：WALLET_BLOCK；筹码控制状态机：DISTRIBUTION_ACTIVE",E4,live,4.8220098e-05,0.0004591402266362896,852.1761,0.0,852.1761,"{'buy_slippage_pct': 3.0, 'sell_slippage_pct': 3.0, 'dex_fee_pct': 0.25, 'quote_deviation_buffer_pct': 1.0, 'priority_fee_sol': 0.0005, 'failed_tx_cost_sol': 0.0002}",7.25,,,,,,,,,,,,
paper-6Xipib7UavxaXvWDhepFpU4NzypozVBPvNNjxTdXpump-2026-05-03T05:10:57Z,,,6Xipib7UavxaXvWDhepFpU4NzypozVBPvNNjxTdXpump,MILF,CLOSED,,2026-04-29 18:55:00 UTC,,6.202900819745259e-05,,,0.142401,,,,,,S4_强确认信号,,,,WALLET_BLOCK,0.0,100.0,100.0,,,,,,,,,,,,,,,,,,,,0.8335,钱包结构触发纸面强制退出,100.0,2.6264953804000002e-05,"[{'触发收益率': 50, '卖出比例': 25, '说明': '+50% 卖出 25%，回收部分风险'}, {'触发收益率': 100, '卖出比例': 25, '说明': '+100% 再卖出 25%'}, {'触发收益率': 200, '卖出比例': 25, '说明': '+200% 再卖出 25%，剩余跟踪'}]",[],6.202900819745259e-05,6.202900819745259e-05,6.202900819745259e-05,2026-05-03T05:10:57Z,SIKK-B 控盘箱体突破回踩,READY_FOR_CONFIRMATION,钱包结构触发纸面退出；不执行真实 swap。,0.0,0.0,0,0.0,2026-05-03T05:17:38Z,6.254599941911336e-05,FORCE_PAPER_EXIT,STRUCTURE_WEAKENING,钱包结构状态变为 WALLET_BLOCK，纸面阶段直接模拟退出,1.0,"发现分发侧钱包 5 个；对手盘压力高，接盘/套牢筹码占比偏高；缺失字段：wallet_address, role, game_side, evidence_level；筹码控制状态机：CONTROL_BREAK_OR_DISTRIBUTION；筹码控制状态机：WALLET_BLOCK；筹码控制状态机：DISTRIBUTION_ACTIVE",E4,live,3.1857951e-05,6.202900819745259e-05,94.705,0.0,94.705,"{'buy_slippage_pct': 3.0, 'sell_slippage_pct': 3.0, 'dex_fee_pct': 0.25, 'quote_deviation_buffer_pct': 1.0, 'priority_fee_sol': 0.0005, 'failed_tx_cost_sol': 0.0002}",7.25,,,,,,,,,,,,
paper-ARea51UmRfn22Ds7KwFZirSMEEn1gtBdrhW4zLeveeV1-2026-05-03T05:17:38Z,,,ARea51UmRfn22Ds7KwFZirSMEEn1gtBdrhW4zLeveeV1,AALIEN,CLOSED,,2026-04-30 16:34:00 UTC,,0.0004658901623187025,,,0.185696,,,,,,S4_强确认信号,,,,WALLET_BLOCK,48.0,100.0,100.0,,,,,,,,,,,,,,,,,,,,-1.2526,钱包结构触发纸面强制退出,100.0,4.1728307712e-05,"[{'触发收益率': 50, '卖出比例': 25, '说明': '+50% 卖出 25%，回收部分风险'}, {'触发收益率': 100, '卖出比例': 25, '说明': '+100% 再卖出 25%'}, {'触发收益率': 200, '卖出比例': 25, '说明': '+200% 再卖出 25%，剩余跟踪'}]",[],0.0004658901623187025,0.0004658901623187025,0.0004658901623187025,2026-05-03T05:17:38Z,SIKK-B 控盘箱体突破回踩,READY_FOR_CONFIRMATION,钱包结构触发纸面退出；不执行真实 swap。,0.0,0.0,0,0.0,2026-05-03T05:18:25Z,0.00046005438005895,FORCE_PAPER_EXIT,STRUCTURE_WEAKENING,钱包结构状态变为 WALLET_BLOCK，纸面阶段直接模拟退出,1.0,"发现分发侧钱包 16 个；对手盘压力高，接盘/套牢筹码占比偏高；缺失字段：wallet_address, role, game_side, evidence_level；筹码控制状态机：CONTROL_BREAK_OR_DISTRIBUTION；筹码控制状态机：WALLET_BLOCK；筹码控制状态机：DISTRIBUTION_ACTIVE",E4,live,4.8220098e-05,0.0004658901623187025,866.1742,0.0,866.1742,"{'buy_slippage_pct': 3.0, 'sell_slippage_pct': 3.0, 'dex_fee_pct': 0.25, 'quote_deviation_buffer_pct': 1.0, 'priority_fee_sol': 0.0005, 'failed_tx_cost_sol': 0.0002}",7.25,,,,,,,,,,,,
paper-6Xipib7UavxaXvWDhepFpU4NzypozVBPvNNjxTdXpump-2026-05-03T05:17:38Z,,,6Xipib7UavxaXvWDhepFpU4NzypozVBPvNNjxTdXpump,MILF,CLOSED,,2026-04-29 18:55:00 UTC,,6.254599941911336e-05,,,0.142401,,,,,,S4_强确认信号,,,,WALLET_BLOCK,0.0,100.0,100.0,,,,,,,,,,,,,,,,,,,,0.0,钱包结构触发纸面强制退出,100.0,2.6264953804000002e-05,"[{'触发收益率': 50, '卖出比例': 25, '说明': '+50% 卖出 25%，回收部分风险'}, {'触发收益率': 100, '卖出比例': 25, '说明': '+100% 再卖出 25%'}, {'触发收益率': 200, '卖出比例': 25, '说明': '+200% 再卖出 25%，剩余跟踪'}]",[],6.254599941911336e-05,6.254599941911336e-05,6.254599941911336e-05,2026-05-03T05:17:38Z,SIKK-B 控盘箱体突破回踩,READY_FOR_CONFIRMATION,钱包结构触发纸面退出；不执行真实 swap。,0.0,0.0,0,0.0,2026-05-03T05:18:25Z,6.254599941911336e-05,FORCE_PAPER_EXIT,STRUCTURE_WEAKENING,钱包结构状态变为 WALLET_BLOCK，纸面阶段直接模拟退出,1.0,"发现分发侧钱包 5 个；对手盘压力高，接盘/套牢筹码占比偏高；缺失字段：wallet_address, role, game_side, evidence_level；筹码控制状态机：CONTROL_BREAK_OR_DISTRIBUTION；筹码控制状态机：WALLET_BLOCK；筹码控制状态机：DISTRIBUTION_ACTIVE",E4,live,3.1857951e-05,6.254599941911336e-05,96.3278,0.0,96.3278,"{'buy_slippage_pct': 3.0, 'sell_slippage_pct': 3.0, 'dex_fee_pct': 0.25, 'quote_deviation_buffer_pct': 1.0, 'priority_fee_sol': 0.0005, 'failed_tx_cost_sol': 0.0002}",7.25,,,,,,,,,,,,
paper-ARea51UmRfn22Ds7KwFZirSMEEn1gtBdrhW4zLeveeV1-2026-05-03T05:27:54Z,,,ARea51UmRfn22Ds7KwFZirSMEEn1gtBdrhW4zLeveeV1,AALIEN,CLOSED,,2026-04-30 16:34:00 UTC,,0.00045436571800871724,,,0.185696,,,,,,S4_强确认信号,,,,WALLET_BLOCK,48.0,100.0,100.0,,,,,,,,,,,,,,,,,,,,-0.0136,钱包结构触发纸面强制退出,100.0,4.1728307712e-05,"[{'触发收益率': 50, '卖出比例': 25, '说明': '+50% 卖出 25%，回收部分风险'}, {'触发收益率': 100, '卖出比例': 25, '说明': '+100% 再卖出 25%'}, {'触发收益率': 200, '卖出比例': 25, '说明': '+200% 再卖出 25%，剩余跟踪'}]",[],0.00045436571800871724,0.00045436571800871724,0.00045436571800871724,2026-05-03T05:27:54Z,SIKK-B 控盘箱体突破回踩,READY_FOR_CONFIRMATION,钱包结构触发纸面退出；不执行真实 swap。,0.0,0.0,0,0.0,2026-05-03T05:38:11Z,0.0004543039917375107,FORCE_PAPER_EXIT,STRUCTURE_WEAKENING,钱包结构状态变为 WALLET_BLOCK，纸面阶段直接模拟退出,1.0,"发现分发侧钱包 16 个；对手盘压力高，接盘/套牢筹码占比偏高；缺失字段：wallet_address, role, game_side, evidence_level；筹码控制状态机：CONTROL_BREAK_OR_DISTRIBUTION；筹码控制状态机：WALLET_BLOCK；筹码控制状态机：DISTRIBUTION_ACTIVE",E4,live,4.8220098e-05,0.00045436571800871724,842.2746,0.0,842.2746,"{'buy_slippage_pct': 3.0, 'sell_slippage_pct': 3.0, 'dex_fee_pct': 0.25, 'quote_deviation_buffer_pct': 1.0, 'priority_fee_sol': 0.0005, 'failed_tx_cost_sol': 0.0002}",7.25,,,,,,,,,,,,
paper-6Xipib7UavxaXvWDhepFpU4NzypozVBPvNNjxTdXpump-2026-05-03T05:27:54Z,,,6Xipib7UavxaXvWDhepFpU4NzypozVBPvNNjxTdXpump,MILF,CLOSED,,2026-04-29 18:55:00 UTC,,5.9246744207796945e-05,,,0.142401,,,,,,S4_强确认信号,,,,WALLET_BLOCK,0.0,100.0,100.0,,,,,,,,,,,,,,,,,,,,-8.517,钱包结构触发纸面强制退出,100.0,2.6264953804000002e-05,"[{'触发收益率': 50, '卖出比例': 25, '说明': '+50% 卖出 25%，回收部分风险'}, {'触发收益率': 100, '卖出比例': 25, '说明': '+100% 再卖出 25%'}, {'触发收益率': 200, '卖出比例': 25, '说明': '+200% 再卖出 25%，剩余跟踪'}]",[],5.9246744207796945e-05,5.9246744207796945e-05,5.9246744207796945e-05,2026-05-03T05:27:54Z,SIKK-B 控盘箱体突破回踩,READY_FOR_CONFIRMATION,钱包结构触发纸面退出；不执行真实 swap。,0.0,0.0,0,0.0,2026-05-03T05:38:11Z,5.420067116592934e-05,FORCE_PAPER_EXIT,STRUCTURE_WEAKENING,钱包结构状态变为 WALLET_BLOCK，纸面阶段直接模拟退出,1.0,"发现分发侧钱包 5 个；对手盘压力高，接盘/套牢筹码占比偏高；缺失字段：wallet_address, role, game_side, evidence_level；筹码控制状态机：CONTROL_BREAK_OR_DISTRIBUTION；筹码控制状态机：WALLET_BLOCK；筹码控制状态机：DISTRIBUTION_ACTIVE",E4,live,3.1857951e-05,5.9246744207796945e-05,85.9716,0.0,85.9716,"{'buy_slippage_pct': 3.0, 'sell_slippage_pct': 3.0, 'dex_fee_pct': 0.25, 'quote_deviation_buffer_pct': 1.0, 'priority_fee_sol': 0.0005, 'failed_tx_cost_sol': 0.0002}",7.25,,,,,,,,,,,,
paper-ARea51UmRfn22Ds7KwFZirSMEEn1gtBdrhW4zLeveeV1-2026-05-03T05:38:11Z,,,ARea51UmRfn22Ds7KwFZirSMEEn1gtBdrhW4zLeveeV1,AALIEN,CLOSED,,2026-04-30 16:34:00 UTC,,0.0004543039917375107,,,0.185696,,,,,,S4_强确认信号,,,,WALLET_BLOCK,48.0,100.0,100.0,,,,,,,,,,,,,,,,,,,,-1.8801,钱包结构触发纸面强制退出,100.0,4.1728307712e-05,"[{'触发收益率': 50, '卖出比例': 25, '说明': '+50% 卖出 25%，回收部分风险'}, {'触发收益率': 100, '卖出比例': 25, '说明': '+100% 再卖出 25%'}, {'触发收益率': 200, '卖出比例': 25, '说明': '+200% 再卖出 25%，剩余跟踪'}]",[],0.0004543039917375107,0.00044596052305652736,0.00044596052305652736,2026-05-03T05:47:41Z,SIKK-B 控盘箱体突破回踩,READY_FOR_CONFIRMATION,钱包结构触发纸面退出；不执行真实 swap。,0.0,-1.8365,0,-1.8365,2026-05-03T05:48:28Z,0.00044576246780003416,FORCE_PAPER_EXIT,STRUCTURE_WEAKENING,钱包结构状态变为 WALLET_BLOCK，纸面阶段直接模拟退出,1.0,"发现分发侧钱包 16 个；对手盘压力高，接盘/套牢筹码占比偏高；缺失字段：wallet_address, role, game_side, evidence_level；筹码控制状态机：CONTROL_BREAK_OR_DISTRIBUTION；筹码控制状态机：WALLET_BLOCK；筹码控制状态机：DISTRIBUTION_ACTIVE",E4,live,4.8220098e-05,0.0004543039917375107,824.8437,-1.8365,842.1466,"{'buy_slippage_pct': 3.0, 'sell_slippage_pct': 3.0, 'dex_fee_pct': 0.25, 'quote_deviation_buffer_pct': 1.0, 'priority_fee_sol': 0.0005, 'failed_tx_cost_sol': 0.0002}",7.25,钱包结构出现风险，但 多轮 delta 未确认；盘型冲突未确认；市场确认不足，默认 EXIT_MONITOR,,,,,,,,,,,
paper-6Xipib7UavxaXvWDhepFpU4NzypozVBPvNNjxTdXpump-2026-05-03T05:38:11Z,,,6Xipib7UavxaXvWDhepFpU4NzypozVBPvNNjxTdXpump,MILF,CLOSED,,2026-04-29 18:55:00 UTC,,5.420067116592934e-05,,,0.142401,,,,,,S4_强确认信号,,,,WALLET_BLOCK,0.0,100.0,100.0,,,,,,,,,,,,,,,,,,,,-0.6063,钱包结构触发纸面强制退出,100.0,2.6264953804000002e-05,"[{'触发收益率': 50, '卖出比例': 25, '说明': '+50% 卖出 25%，回收部分风险'}, {'触发收益率': 100, '卖出比例': 25, '说明': '+100% 再卖出 25%'}, {'触发收益率': 200, '卖出比例': 25, '说明': '+200% 再卖出 25%，剩余跟踪'}]",[],5.420067116592934e-05,5.3872026004710845e-05,5.3872026004710845e-05,2026-05-03T05:47:41Z,SIKK-B 控盘箱体突破回踩,READY_FOR_CONFIRMATION,钱包结构触发纸面退出；不执行真实 swap。,0.0,-0.6063,0,-0.6063,2026-05-03T05:48:28Z,5.3872026004710845e-05,FORCE_PAPER_EXIT,STRUCTURE_WEAKENING,钱包结构状态变为 WALLET_BLOCK，纸面阶段直接模拟退出,1.0,"发现分发侧钱包 5 个；对手盘压力高，接盘/套牢筹码占比偏高；缺失字段：wallet_address, role, game_side, evidence_level；筹码控制状态机：CONTROL_BREAK_OR_DISTRIBUTION；筹码控制状态机：WALLET_BLOCK；筹码控制状态机：DISTRIBUTION_ACTIVE",E4,live,3.1857951e-05,5.420067116592934e-05,69.1007,-0.6063,70.1323,"{'buy_slippage_pct': 3.0, 'sell_slippage_pct': 3.0, 'dex_fee_pct': 0.25, 'quote_deviation_buffer_pct': 1.0, 'priority_fee_sol': 0.0005, 'failed_tx_cost_sol': 0.0002}",7.25,钱包结构出现风险，但 多轮 delta 未确认；盘型冲突未确认；市场确认不足，默认 EXIT_MONITOR,,,,,,,,,,,
paper-ARea51UmRfn22Ds7KwFZirSMEEn1gtBdrhW4zLeveeV1-2026-05-03T05:48:28Z,,,ARea51UmRfn22Ds7KwFZirSMEEn1gtBdrhW4zLeveeV1,AALIEN,CLOSED,,2026-04-30 16:34:00 UTC,,0.00044576246780003416,,,0.185696,,,,,,S4_强确认信号,,,,WALLET_BLOCK,48.0,100.0,100.0,,,,,,,,,,,,,,,,,,,,6.7009,钱包结构触发纸面强制退出,100.0,4.1728307712e-05,"[{'触发收益率': 50, '卖出比例': 25, '说明': '+50% 卖出 25%，回收部分风险'}, {'触发收益率': 100, '卖出比例': 25, '说明': '+100% 再卖出 25%'}, {'触发收益率': 200, '卖出比例': 25, '说明': '+200% 再卖出 25%，剩余跟踪'}]",[],0.0004756324784715202,0.00044576246780003416,0.0004756324784715202,2026-05-03T05:58:32Z,SIKK-B 控盘箱体突破回踩,READY_FOR_CONFIRMATION,钱包结构触发纸面退出；不执行真实 swap。,6.7009,0.0,0,6.7009,2026-05-03T05:58:34Z,0.0004756324784715202,FORCE_PAPER_EXIT,STRUCTURE_WEAKENING,钱包结构状态变为 WALLET_BLOCK，纸面阶段直接模拟退出,1.0,"发现分发侧钱包 16 个；对手盘压力高，接盘/套牢筹码占比偏高；缺失字段：wallet_address, role, game_side, evidence_level；筹码控制状态机：CONTROL_BREAK_OR_DISTRIBUTION；筹码控制状态机：WALLET_BLOCK；筹码控制状态机：DISTRIBUTION_ACTIVE",E4,live,4.8220098e-05,0.00044576246780003416,886.3781,6.7009,824.4329,"{'buy_slippage_pct': 3.0, 'sell_slippage_pct': 3.0, 'dex_fee_pct': 0.25, 'quote_deviation_buffer_pct': 1.0, 'priority_fee_sol': 0.0005, 'failed_tx_cost_sol': 0.0002}",7.25,钱包结构出现风险，但 多轮 delta 未确认；盘型冲突未确认；市场确认不足，默认 EXIT_MONITOR,,,,,,,,,,,
paper-6Xipib7UavxaXvWDhepFpU4NzypozVBPvNNjxTdXpump-2026-05-03T05:48:28Z,,,6Xipib7UavxaXvWDhepFpU4NzypozVBPvNNjxTdXpump,MILF,CLOSED,,2026-04-29 18:55:00 UTC,,5.3872026004710845e-05,,,0.142401,,,,,,S4_强确认信号,,,,WALLET_BLOCK,0.0,100.0,100.0,,,,,,,,,,,,,,,,,,,,1.6763,钱包结构触发纸面强制退出,100.0,2.6264953804000002e-05,"[{'触发收益率': 50, '卖出比例': 25, '说明': '+50% 卖出 25%，回收部分风险'}, {'触发收益率': 100, '卖出比例': 25, '说明': '+100% 再卖出 25%'}, {'触发收益率': 200, '卖出比例': 25, '说明': '+200% 再卖出 25%，剩余跟踪'}]",[],5.477505879883837e-05,5.3872026004710845e-05,5.477505879883837e-05,2026-05-03T05:58:32Z,SIKK-B 控盘箱体突破回踩,READY_FOR_CONFIRMATION,钱包结构触发纸面退出；不执行真实 swap。,1.6763,0.0,0,1.6763,2026-05-03T05:58:34Z,5.477505879883837e-05,FORCE_PAPER_EXIT,STRUCTURE_WEAKENING,钱包结构状态变为 WALLET_BLOCK，纸面阶段直接模拟退出,1.0,"发现分发侧钱包 5 个；对手盘压力高，接盘/套牢筹码占比偏高；缺失字段：wallet_address, role, game_side, evidence_level；筹码控制状态机：CONTROL_BREAK_OR_DISTRIBUTION；筹码控制状态机：WALLET_BLOCK；筹码控制状态机：DISTRIBUTION_ACTIVE",E4,live,3.1857951e-05,5.3872026004710845e-05,71.9353,1.6763,69.1007,"{'buy_slippage_pct': 3.0, 'sell_slippage_pct': 3.0, 'dex_fee_pct': 0.25, 'quote_deviation_buffer_pct': 1.0, 'priority_fee_sol': 0.0005, 'failed_tx_cost_sol': 0.0002}",7.25,钱包结构出现风险，但 多轮 delta 未确认；盘型冲突未确认；市场确认不足，默认 EXIT_MONITOR,,,,,,,,,,,
paper-ARea51UmRfn22Ds7KwFZirSMEEn1gtBdrhW4zLeveeV1-2026-05-03T06:08:52Z,,,ARea51UmRfn22Ds7KwFZirSMEEn1gtBdrhW4zLeveeV1,AALIEN,CLOSED,,2026-04-30 16:34:00 UTC,,0.000478933149705,,,0.185696,,,,,,S4_强确认信号,,,,WALLET_BLOCK,48.0,100.0,100.0,,,,,,,,,,,,,,,,,,,,-0.1609,钱包结构触发纸面强制退出,100.0,4.1728307712e-05,"[{'触发收益率': 50, '卖出比例': 25, '说明': '+50% 卖出 25%，回收部分风险'}, {'触发收益率': 100, '卖出比例': 25, '说明': '+100% 再卖出 25%'}, {'触发收益率': 200, '卖出比例': 25, '说明': '+200% 再卖出 25%，剩余跟踪'}]",[],0.000478933149705,0.000478933149705,0.000478933149705,2026-05-03T06:08:52Z,SIKK-B 控盘箱体突破回踩,READY_FOR_CONFIRMATION,钱包结构触发纸面退出；不执行真实 swap。,0.0,0.0,0,0.0,2026-05-03T06:19:20Z,0.0004781623799889003,FORCE_PAPER_EXIT,STRUCTURE_WEAKENING,钱包结构状态变为 WALLET_BLOCK，纸面阶段直接模拟退出,1.0,"发现分发侧钱包 16 个；对手盘压力高，接盘/套牢筹码占比偏高；缺失字段：wallet_address, role, game_side, evidence_level；筹码控制状态机：CONTROL_BREAK_OR_DISTRIBUTION；筹码控制状态机：WALLET_BLOCK；筹码控制状态机：DISTRIBUTION_ACTIVE",E4,live,4.8220098e-05,0.000478933149705,893.2231,0.0,893.2231,"{'buy_slippage_pct': 3.0, 'sell_slippage_pct': 3.0, 'dex_fee_pct': 0.25, 'quote_deviation_buffer_pct': 1.0, 'priority_fee_sol': 0.0005, 'failed_tx_cost_sol': 0.0002}",7.25,,,,,,,,,,,,
paper-6Xipib7UavxaXvWDhepFpU4NzypozVBPvNNjxTdXpump-2026-05-03T06:08:52Z,,,6Xipib7UavxaXvWDhepFpU4NzypozVBPvNNjxTdXpump,MILF,CLOSED,,2026-04-29 18:55:00 UTC,,5.356160114297484e-05,,,0.142401,,,,,,S4_强确认信号,,,,WALLET_BLOCK,0.0,100.0,100.0,,,,,,,,,,,,,,,,,,,,-0.1759,钱包结构触发纸面强制退出,100.0,2.6264953804000002e-05,"[{'触发收益率': 50, '卖出比例': 25, '说明': '+50% 卖出 25%，回收部分风险'}, {'触发收益率': 100, '卖出比例': 25, '说明': '+100% 再卖出 25%'}, {'触发收益率': 200, '卖出比例': 25, '说明': '+200% 再卖出 25%，剩余跟踪'}]",[],5.356160114297484e-05,5.356160114297484e-05,5.356160114297484e-05,2026-05-03T06:08:52Z,SIKK-B 控盘箱体突破回踩,READY_FOR_CONFIRMATION,钱包结构触发纸面退出；不执行真实 swap。,0.0,0.0,0,0.0,2026-05-03T06:19:20Z,5.3467401273469613e-05,FORCE_PAPER_EXIT,STRUCTURE_WEAKENING,钱包结构状态变为 WALLET_BLOCK，纸面阶段直接模拟退出,1.0,"发现分发侧钱包 5 个；对手盘压力高，接盘/套牢筹码占比偏高；缺失字段：wallet_address, role, game_side, evidence_level；筹码控制状态机：CONTROL_BREAK_OR_DISTRIBUTION；筹码控制状态机：WALLET_BLOCK；筹码控制状态机：DISTRIBUTION_ACTIVE",E4,live,3.1857951e-05,5.356160114297484e-05,68.1263,0.0,68.1263,"{'buy_slippage_pct': 3.0, 'sell_slippage_pct': 3.0, 'dex_fee_pct': 0.25, 'quote_deviation_buffer_pct': 1.0, 'priority_fee_sol': 0.0005, 'failed_tx_cost_sol': 0.0002}",7.25,,,,,,,,,,,,
paper-ARea51UmRfn22Ds7KwFZirSMEEn1gtBdrhW4zLeveeV1-2026-05-03T06:19:20Z,,,ARea51UmRfn22Ds7KwFZirSMEEn1gtBdrhW4zLeveeV1,AALIEN,CLOSED,,2026-04-30 16:34:00 UTC,,0.0004781623799889003,,,0.185696,,,,,,S4_强确认信号,,,,WALLET_BLOCK,48.0,100.0,100.0,,,,,,,,,,,,,,,,,,,,0.0761,钱包结构触发纸面强制退出,100.0,4.1728307712e-05,"[{'触发收益率': 50, '卖出比例': 25, '说明': '+50% 卖出 25%，回收部分风险'}, {'触发收益率': 100, '卖出比例': 25, '说明': '+100% 再卖出 25%'}, {'触发收益率': 200, '卖出比例': 25, '说明': '+200% 再卖出 25%，剩余跟踪'}]",[],0.0004781623799889003,0.00047352669237663654,0.00047352669237663654,2026-05-03T06:26:08Z,SIKK-B 控盘箱体突破回踩,READY_FOR_CONFIRMATION,钱包结构触发纸面退出；不执行真实 swap。,0.0,-0.9695,0,-0.9695,2026-05-03T06:29:49Z,0.00047852637504178686,FORCE_PAPER_EXIT,STRUCTURE_WEAKENING,钱包结构状态变为 WALLET_BLOCK，纸面阶段直接模拟退出,1.0,"发现分发侧钱包 16 个；对手盘压力高，接盘/套牢筹码占比偏高；缺失字段：wallet_address, role, game_side, evidence_level；筹码控制状态机：CONTROL_BREAK_OR_DISTRIBUTION；筹码控制状态机：WALLET_BLOCK；筹码控制状态机：DISTRIBUTION_ACTIVE",E4,live,4.8220098e-05,0.0004781623799889003,882.0111,-0.9695,891.6247,"{'buy_slippage_pct': 3.0, 'sell_slippage_pct': 3.0, 'dex_fee_pct': 0.25, 'quote_deviation_buffer_pct': 1.0, 'priority_fee_sol': 0.0005, 'failed_tx_cost_sol': 0.0002}",7.25,钱包结构出现风险，但 多轮 delta 未确认；盘型冲突未确认；市场确认不足，默认 EXIT_MONITOR,,,,,,,,,,,
paper-7soYuSPe1LaJ9V37W7ZGDB5Xwxi41LUWjRT3AEQGpump-2026-05-03T06:19:20Z,,,7soYuSPe1LaJ9V37W7ZGDB5Xwxi41LUWjRT3AEQGpump,WOLVERINE,CLOSED,,2026-04-28 16:24:00 UTC,,9.486620803039377e-05,,,0.177725,,,,,,S4_强确认信号,,,,WALLET_BLOCK,32.0,100.0,100.0,,,,,,,,,,,,,,,,,,,,-2.5519,钱包结构触发纸面强制退出,100.0,5.9818622084000004e-05,"[{'触发收益率': 50, '卖出比例': 25, '说明': '+50% 卖出 25%，回收部分风险'}, {'触发收益率': 100, '卖出比例': 25, '说明': '+100% 再卖出 25%'}, {'触发收益率': 200, '卖出比例': 25, '说明': '+200% 再卖出 25%，剩余跟踪'}]",[],9.523689218294431e-05,9.486620803039377e-05,9.523689218294431e-05,2026-05-03T06:26:08Z,SIKK-B 控盘箱体突破回踩,READY_FOR_CONFIRMATION,钱包结构触发纸面退出；不执行真实 swap。,0.3907,0.0,0,0.3907,2026-05-03T06:29:49Z,9.244527138456601e-05,FORCE_PAPER_EXIT,STRUCTURE_WEAKENING,钱包结构状态变为 WALLET_BLOCK，纸面阶段直接模拟退出,1.0,"发现分发侧钱包 12 个；对手盘压力高，接盘/套牢筹码占比偏高；缺失字段：wallet_address, role, game_side, evidence_level；筹码控制状态机：CONTROL_BREAK_OR_DISTRIBUTION；筹码控制状态机：WALLET_BLOCK；筹码控制状态机：DISTRIBUTION_ACTIVE",E4,live,6.9610509e-05,9.486620803039377e-05,36.814,0.3907,36.2814,"{'buy_slippage_pct': 3.0, 'sell_slippage_pct': 3.0, 'dex_fee_pct': 0.25, 'quote_deviation_buffer_pct': 1.0, 'priority_fee_sol': 0.0005, 'failed_tx_cost_sol': 0.0002}",7.25,钱包结构出现风险，但 多轮 delta 未确认；盘型冲突未确认；市场确认不足，默认 EXIT_MONITOR,,,,,,,,,,,
paper-3pCyU31quPpsVYaC5TxtXpe6sR1KXSLzk5TkZgXGpump-2026-05-03T06:19:20Z,,,3pCyU31quPpsVYaC5TxtXpe6sR1KXSLzk5TkZgXGpump,GOP,CLOSED,,2026-04-28 03:41:00 UTC,,0.0005040367409155106,,,0.040857,,,,,,S4_强确认信号,,,,WALLET_BLOCK,0.0,100.0,0.0,,,,,,,,,,,,,,,,,,,,-0.2301,钱包结构触发纸面强制退出,100.0,4.3020797384e-05,"[{'触发收益率': 50, '卖出比例': 25, '说明': '+50% 卖出 25%，回收部分风险'}, {'触发收益率': 100, '卖出比例': 25, '说明': '+100% 再卖出 25%'}, {'触发收益率': 200, '卖出比例': 25, '说明': '+200% 再卖出 25%，剩余跟踪'}]",[],0.0005065961845065174,0.0005040367409155106,0.0005065961845065174,2026-05-03T06:26:08Z,SIKK-B 控盘箱体突破回踩,READY_FOR_CONFIRMATION,钱包结构触发纸面退出；不执行真实 swap。,0.5078,0.0,0,0.5078,2026-05-03T06:29:49Z,0.00050287696495157,FORCE_PAPER_EXIT,STRUCTURE_WEAKENING,钱包结构状态变为 WALLET_BLOCK，纸面阶段直接模拟退出,1.0,"发现分发侧钱包 53 个；缺失字段：wallet_address, role, game_side, evidence_level；筹码控制状态机：CONTROL_BREAK_OR_DISTRIBUTION；筹码控制状态机：WALLET_BLOCK；筹码控制状态机：DISTRIBUTION_ACTIVE",E4,live,0.00011084533,0.0005040367409155106,357.0298,0.5078,354.7208,"{'buy_slippage_pct': 3.0, 'sell_slippage_pct': 3.0, 'dex_fee_pct': 0.25, 'quote_deviation_buffer_pct': 1.0, 'priority_fee_sol': 0.0005, 'failed_tx_cost_sol': 0.0002}",7.25,钱包结构出现风险，但 多轮 delta 未确认；盘型冲突未确认；市场确认不足，默认 EXIT_MONITOR,,,,,,,,,,,
paper-ARea51UmRfn22Ds7KwFZirSMEEn1gtBdrhW4zLeveeV1-2026-05-03T06:29:49Z,,,ARea51UmRfn22Ds7KwFZirSMEEn1gtBdrhW4zLeveeV1,AALIEN,CLOSED,,2026-04-30 16:34:00 UTC,,0.00047852637504178686,,,0.185696,,,,,,S4_强确认信号,,,,WALLET_BLOCK,48.0,100.0,100.0,,,,,,,,,,,,,,,,,,,,-1.1966,钱包结构触发纸面强制退出,100.0,4.1728307712e-05,"[{'触发收益率': 50, '卖出比例': 25, '说明': '+50% 卖出 25%，回收部分风险'}, {'触发收益率': 100, '卖出比例': 25, '说明': '+100% 再卖出 25%'}, {'触发收益率': 200, '卖出比例': 25, '说明': '+200% 再卖出 25%，剩余跟踪'}]",[],0.00047852637504178686,0.00047852637504178686,0.00047852637504178686,2026-05-03T06:29:49Z,SIKK-B 控盘箱体突破回踩,READY_FOR_CONFIRMATION,钱包结构触发纸面退出；不执行真实 swap。,0.0,0.0,0,0.0,2026-05-03T06:40:17Z,0.0004728001200482523,FORCE_PAPER_EXIT,STRUCTURE_WEAKENING,钱包结构状态变为 WALLET_BLOCK，纸面阶段直接模拟退出,1.0,"发现分发侧钱包 16 个；对手盘压力高，接盘/套牢筹码占比偏高；缺失字段：wallet_address, role, game_side, evidence_level；筹码控制状态机：CONTROL_BREAK_OR_DISTRIBUTION；筹码控制状态机：WALLET_BLOCK；筹码控制状态机：DISTRIBUTION_ACTIVE",E4,live,4.8220098e-05,0.00047852637504178686,892.3795,0.0,892.3795,"{'buy_slippage_pct': 3.0, 'sell_slippage_pct': 3.0, 'dex_fee_pct': 0.25, 'quote_deviation_buffer_pct': 1.0, 'priority_fee_sol': 0.0005, 'failed_tx_cost_sol': 0.0002}",7.25,,,,,,,,,,,,
paper-6Xipib7UavxaXvWDhepFpU4NzypozVBPvNNjxTdXpump-2026-05-03T06:29:49Z,,,6Xipib7UavxaXvWDhepFpU4NzypozVBPvNNjxTdXpump,MILF,CLOSED,,2026-04-29 18:55:00 UTC,,5.2552300584e-05,,,0.142401,,,,,,S4_强确认信号,,,,WALLET_BLOCK,0.0,100.0,100.0,,,,,,,,,,,,,,,,,,,,-0.9857,钱包结构触发纸面强制退出,100.0,2.6264953804000002e-05,"[{'触发收益率': 50, '卖出比例': 25, '说明': '+50% 卖出 25%，回收部分风险'}, {'触发收益率': 100, '卖出比例': 25, '说明': '+100% 再卖出 25%'}, {'触发收益率': 200, '卖出比例': 25, '说明': '+200% 再卖出 25%，剩余跟踪'}]",[],5.2552300584e-05,5.2552300584e-05,5.2552300584e-05,2026-05-03T06:29:49Z,SIKK-B 控盘箱体突破回踩,READY_FOR_CONFIRMATION,钱包结构触发纸面退出；不执行真实 swap。,0.0,0.0,0,0.0,2026-05-03T06:40:17Z,5.203428692002017e-05,FORCE_PAPER_EXIT,STRUCTURE_WEAKENING,钱包结构状态变为 WALLET_BLOCK，纸面阶段直接模拟退出,1.0,"发现分发侧钱包 5 个；对手盘压力高，接盘/套牢筹码占比偏高；缺失字段：wallet_address, role, game_side, evidence_level；筹码控制状态机：CONTROL_BREAK_OR_DISTRIBUTION；筹码控制状态机：WALLET_BLOCK；筹码控制状态机：DISTRIBUTION_ACTIVE",E4,live,3.1857951e-05,5.2552300584e-05,64.9582,0.0,64.9582,"{'buy_slippage_pct': 3.0, 'sell_slippage_pct': 3.0, 'dex_fee_pct': 0.25, 'quote_deviation_buffer_pct': 1.0, 'priority_fee_sol': 0.0005, 'failed_tx_cost_sol': 0.0002}",7.25,,,,,,,,,,,,
paper-3pCyU31quPpsVYaC5TxtXpe6sR1KXSLzk5TkZgXGpump-2026-05-03T06:29:49Z,,,3pCyU31quPpsVYaC5TxtXpe6sR1KXSLzk5TkZgXGpump,GOP,CLOSED,,2026-04-28 03:41:00 UTC,,0.00050287696495157,,,0.040857,,,,,,S4_强确认信号,,,,WALLET_BLOCK,0.0,100.0,0.0,,,,,,,,,,,,,,,,,,,,-1.1976,钱包结构触发纸面强制退出,100.0,4.3020797384e-05,"[{'触发收益率': 50, '卖出比例': 25, '说明': '+50% 卖出 25%，回收部分风险'}, {'触发收益率': 100, '卖出比例': 25, '说明': '+100% 再卖出 25%'}, {'触发收益率': 200, '卖出比例': 25, '说明': '+200% 再卖出 25%，剩余跟踪'}]",[],0.00050287696495157,0.00050287696495157,0.00050287696495157,2026-05-03T06:29:49Z,SIKK-B 控盘箱体突破回踩,READY_FOR_CONFIRMATION,钱包结构触发纸面退出；不执行真实 swap。,0.0,0.0,0,0.0,2026-05-03T06:40:17Z,0.0004968546769464646,FORCE_PAPER_EXIT,STRUCTURE_WEAKENING,钱包结构状态变为 WALLET_BLOCK，纸面阶段直接模拟退出,1.0,"发现分发侧钱包 53 个；缺失字段：wallet_address, role, game_side, evidence_level；筹码控制状态机：CONTROL_BREAK_OR_DISTRIBUTION；筹码控制状态机：WALLET_BLOCK；筹码控制状态机：DISTRIBUTION_ACTIVE",E4,live,0.00011084533,0.00050287696495157,353.6745,0.0,353.6745,"{'buy_slippage_pct': 3.0, 'sell_slippage_pct': 3.0, 'dex_fee_pct': 0.25, 'quote_deviation_buffer_pct': 1.0, 'priority_fee_sol': 0.0005, 'failed_tx_cost_sol': 0.0002}",7.25,,,,,,,,,,,,
paper-ARea51UmRfn22Ds7KwFZirSMEEn1gtBdrhW4zLeveeV1-2026-05-03T06:40:17Z,,,ARea51UmRfn22Ds7KwFZirSMEEn1gtBdrhW4zLeveeV1,AALIEN,CLOSED,,2026-04-30 16:34:00 UTC,,0.0004728001200482523,,,0.185696,,,,,,S4_强确认信号,,,,WALLET_BLOCK,48.0,100.0,100.0,,,,,,,,,,,,,,,,,,,,-2.6879,钱包结构触发纸面强制退出,100.0,4.1728307712e-05,"[{'触发收益率': 50, '卖出比例': 25, '说明': '+50% 卖出 25%，回收部分风险'}, {'触发收益率': 100, '卖出比例': 25, '说明': '+100% 再卖出 25%'}, {'触发收益率': 200, '卖出比例': 25, '说明': '+200% 再卖出 25%，剩余跟踪'}]",[],0.0004728001200482523,0.0004728001200482523,0.0004728001200482523,2026-05-03T06:40:17Z,SIKK-B 控盘箱体突破回踩,READY_FOR_CONFIRMATION,钱包结构触发纸面退出；不执行真实 swap。,0.0,0.0,0,0.0,2026-05-03T06:50:46Z,0.00046009183073768067,FORCE_PAPER_EXIT,STRUCTURE_WEAKENING,钱包结构状态变为 WALLET_BLOCK，纸面阶段直接模拟退出,1.0,"发现分发侧钱包 16 个；对手盘压力高，接盘/套牢筹码占比偏高；缺失字段：wallet_address, role, game_side, evidence_level；筹码控制状态机：CONTROL_BREAK_OR_DISTRIBUTION；筹码控制状态机：WALLET_BLOCK；筹码控制状态机：DISTRIBUTION_ACTIVE",E4,live,4.8220098e-05,0.0004728001200482523,880.5043,0.0,880.5043,"{'buy_slippage_pct': 3.0, 'sell_slippage_pct': 3.0, 'dex_fee_pct': 0.25, 'quote_deviation_buffer_pct': 1.0, 'priority_fee_sol': 0.0005, 'failed_tx_cost_sol': 0.0002}",7.25,,,,,,,,,,,,
paper-3pCyU31quPpsVYaC5TxtXpe6sR1KXSLzk5TkZgXGpump-2026-05-03T06:40:17Z,,,3pCyU31quPpsVYaC5TxtXpe6sR1KXSLzk5TkZgXGpump,GOP,CLOSED,,2026-04-28 03:41:00 UTC,,0.0004968546769464646,,,0.040857,,,,,,S4_强确认信号,,,,WALLET_BLOCK,0.0,100.0,0.0,,,,,,,,,,,,,,,,,,,,0.0,钱包结构触发纸面强制退出,100.0,4.3020797384e-05,"[{'触发收益率': 50, '卖出比例': 25, '说明': '+50% 卖出 25%，回收部分风险'}, {'触发收益率': 100, '卖出比例': 25, '说明': '+100% 再卖出 25%'}, {'触发收益率': 200, '卖出比例': 25, '说明': '+200% 再卖出 25%，剩余跟踪'}]",[],0.0004968546769464646,0.0004968546769464646,0.0004968546769464646,2026-05-03T06:40:17Z,SIKK-B 控盘箱体突破回踩,READY_FOR_CONFIRMATION,钱包结构触发纸面退出；不执行真实 swap。,0.0,0.0,0,0.0,2026-05-03T06:50:46Z,0.0004968546769464646,FORCE_PAPER_EXIT,STRUCTURE_WEAKENING,钱包结构状态变为 WALLET_BLOCK，纸面阶段直接模拟退出,1.0,"发现分发侧钱包 53 个；缺失字段：wallet_address, role, game_side, evidence_level；筹码控制状态机：CONTROL_BREAK_OR_DISTRIBUTION；筹码控制状态机：WALLET_BLOCK；筹码控制状态机：DISTRIBUTION_ACTIVE",E4,live,0.00011084533,0.0004968546769464646,348.2414,0.0,348.2414,"{'buy_slippage_pct': 3.0, 'sell_slippage_pct': 3.0, 'dex_fee_pct': 0.25, 'quote_deviation_buffer_pct': 1.0, 'priority_fee_sol': 0.0005, 'failed_tx_cost_sol': 0.0002}",7.25,,,,,,,,,,,,
paper-ARea51UmRfn22Ds7KwFZirSMEEn1gtBdrhW4zLeveeV1-2026-05-03T06:50:46Z,,,ARea51UmRfn22Ds7KwFZirSMEEn1gtBdrhW4zLeveeV1,AALIEN,CLOSED,,2026-04-30 16:34:00 UTC,,0.00046009183073768067,,,0.185696,,,,,,S4_强确认信号,,,,WALLET_BLOCK,48.0,100.0,100.0,,,,,,,,,,,,,,,,,,,,-3.9338,钱包结构触发纸面强制退出,100.0,4.1728307712e-05,"[{'触发收益率': 50, '卖出比例': 25, '说明': '+50% 卖出 25%，回收部分风险'}, {'触发收益率': 100, '卖出比例': 25, '说明': '+100% 再卖出 25%'}, {'触发收益率': 200, '卖出比例': 25, '说明': '+200% 再卖出 25%，剩余跟踪'}]",[],0.00046009183073768067,0.0004496268648255708,0.0004496268648255708,2026-05-03T06:54:45Z,SIKK-B 控盘箱体突破回踩,READY_FOR_CONFIRMATION,钱包结构触发纸面退出；不执行真实 swap。,0.0,-2.2745,0,-2.2745,2026-05-03T07:01:15Z,0.0004419925792376543,FORCE_PAPER_EXIT,STRUCTURE_WEAKENING,钱包结构状态变为 WALLET_BLOCK，纸面阶段直接模拟退出,1.0,"发现分发侧钱包 16 个；对手盘压力高，接盘/套牢筹码占比偏高；缺失字段：wallet_address, role, game_side, evidence_level；筹码控制状态机：CONTROL_BREAK_OR_DISTRIBUTION；筹码控制状态机：WALLET_BLOCK；筹码控制状态机：DISTRIBUTION_ACTIVE",E4,live,4.8220098e-05,0.00046009183073768067,832.447,-2.2745,854.1495,"{'buy_slippage_pct': 3.0, 'sell_slippage_pct': 3.0, 'dex_fee_pct': 0.25, 'quote_deviation_buffer_pct': 1.0, 'priority_fee_sol': 0.0005, 'failed_tx_cost_sol': 0.0002}",7.25,钱包结构出现风险，但 多轮 delta 未确认；盘型冲突未确认；市场确认不足，默认 EXIT_MONITOR,,,,,,,,,,,
paper-7soYuSPe1LaJ9V37W7ZGDB5Xwxi41LUWjRT3AEQGpump-2026-05-03T06:50:46Z,,,7soYuSPe1LaJ9V37W7ZGDB5Xwxi41LUWjRT3AEQGpump,WOLVERINE,CLOSED,,2026-04-28 16:24:00 UTC,,0.00011160106325831287,,,0.177725,,,,,,S4_强确认信号,,,,WALLET_BLOCK,32.0,100.0,100.0,,,,,,,,,,,,,,,,,,,,-4.2214,钱包结构触发纸面强制退出,100.0,5.9818622084000004e-05,"[{'触发收益率': 50, '卖出比例': 25, '说明': '+50% 卖出 25%，回收部分风险'}, {'触发收益率': 100, '卖出比例': 25, '说明': '+100% 再卖出 25%'}, {'触发收益率': 200, '卖出比例': 25, '说明': '+200% 再卖出 25%，剩余跟踪'}]",[],0.00011160106325831287,0.00011103627808361386,0.00011103627808361386,2026-05-03T06:54:45Z,SIKK-B 控盘箱体突破回踩,READY_FOR_CONFIRMATION,钱包结构触发纸面退出；不执行真实 swap。,0.0,-0.5061,0,-0.5061,2026-05-03T07:01:15Z,0.00010688990861198392,FORCE_PAPER_EXIT,STRUCTURE_WEAKENING,钱包结构状态变为 WALLET_BLOCK，纸面阶段直接模拟退出,1.0,"发现分发侧钱包 12 个；对手盘压力高，接盘/套牢筹码占比偏高；缺失字段：wallet_address, role, game_side, evidence_level；筹码控制状态机：CONTROL_BREAK_OR_DISTRIBUTION；筹码控制状态机：WALLET_BLOCK；筹码控制状态机：DISTRIBUTION_ACTIVE",E4,live,6.9610509e-05,0.00011160106325831287,59.5108,-0.5061,60.3221,"{'buy_slippage_pct': 3.0, 'sell_slippage_pct': 3.0, 'dex_fee_pct': 0.25, 'quote_deviation_buffer_pct': 1.0, 'priority_fee_sol': 0.0005, 'failed_tx_cost_sol': 0.0002}",7.25,钱包结构出现风险，但 多轮 delta 未确认；盘型冲突未确认；市场确认不足，默认 EXIT_MONITOR,,,,,,,,,,,
paper-3pCyU31quPpsVYaC5TxtXpe6sR1KXSLzk5TkZgXGpump-2026-05-03T06:50:46Z,,,3pCyU31quPpsVYaC5TxtXpe6sR1KXSLzk5TkZgXGpump,GOP,CLOSED,,2026-04-28 03:41:00 UTC,,0.0004968546769464646,,,0.040857,,,,,,S4_强确认信号,,,,WALLET_BLOCK,0.0,100.0,0.0,,,,,,,,,,,,,,,,,,,,-1.3475,钱包结构触发纸面强制退出,100.0,4.3020797384e-05,"[{'触发收益率': 50, '卖出比例': 25, '说明': '+50% 卖出 25%，回收部分风险'}, {'触发收益率': 100, '卖出比例': 25, '说明': '+100% 再卖出 25%'}, {'触发收益率': 200, '卖出比例': 25, '说明': '+200% 再卖出 25%，剩余跟踪'}]",[],0.0004968546769464646,0.0004897085440619125,0.0004897085440619125,2026-05-03T06:54:45Z,SIKK-B 控盘箱体突破回踩,READY_FOR_CONFIRMATION,钱包结构触发纸面退出；不执行真实 swap。,0.0,-1.4383,0,-1.4383,2026-05-03T07:01:15Z,0.000490159386118406,FORCE_PAPER_EXIT,STRUCTURE_WEAKENING,钱包结构状态变为 WALLET_BLOCK，纸面阶段直接模拟退出,1.0,"发现分发侧钱包 53 个；缺失字段：wallet_address, role, game_side, evidence_level；筹码控制状态机：CONTROL_BREAK_OR_DISTRIBUTION；筹码控制状态机：WALLET_BLOCK；筹码控制状态机：DISTRIBUTION_ACTIVE",E4,live,0.00011084533,0.0004968546769464646,341.7945,-1.4383,348.2414,"{'buy_slippage_pct': 3.0, 'sell_slippage_pct': 3.0, 'dex_fee_pct': 0.25, 'quote_deviation_buffer_pct': 1.0, 'priority_fee_sol': 0.0005, 'failed_tx_cost_sol': 0.0002}",7.25,钱包结构出现风险，但 多轮 delta 未确认；盘型冲突未确认；市场确认不足，默认 EXIT_MONITOR,,,,,,,,,,,
paper-ARea51UmRfn22Ds7KwFZirSMEEn1gtBdrhW4zLeveeV1-2026-05-03T07:01:15Z,,,ARea51UmRfn22Ds7KwFZirSMEEn1gtBdrhW4zLeveeV1,AALIEN,CLOSED,,2026-04-30 16:34:00 UTC,,0.0004419925792376543,,,0.185696,,,,,,S4_强确认信号,,,,WALLET_BLOCK,48.0,100.0,100.0,,,,,,,,,,,,,,,,,,,,0.2798,钱包结构触发纸面强制退出,100.0,4.1728307712e-05,"[{'触发收益率': 50, '卖出比例': 25, '说明': '+50% 卖出 25%，回收部分风险'}, {'触发收益率': 100, '卖出比例': 25, '说明': '+100% 再卖出 25%'}, {'触发收益率': 200, '卖出比例': 25, '说明': '+200% 再卖出 25%，剩余跟踪'}]",[],0.0004419925792376543,0.0004419925792376543,0.0004419925792376543,2026-05-03T07:01:15Z,SIKK-B 控盘箱体突破回踩,READY_FOR_CONFIRMATION,钱包结构触发纸面退出；不执行真实 swap。,0.0,0.0,0,0.0,2026-05-03T07:11:43Z,0.0004432294099729526,FORCE_PAPER_EXIT,STRUCTURE_WEAKENING,钱包结构状态变为 WALLET_BLOCK，纸面阶段直接模拟退出,1.0,"发现分发侧钱包 16 个；对手盘压力高，接盘/套牢筹码占比偏高；缺失字段：wallet_address, role, game_side, evidence_level；筹码控制状态机：CONTROL_BREAK_OR_DISTRIBUTION；筹码控制状态机：WALLET_BLOCK；筹码控制状态机：DISTRIBUTION_ACTIVE",E4,live,4.8220098e-05,0.0004419925792376543,816.6149,0.0,816.6149,"{'buy_slippage_pct': 3.0, 'sell_slippage_pct': 3.0, 'dex_fee_pct': 0.25, 'quote_deviation_buffer_pct': 1.0, 'priority_fee_sol': 0.0005, 'failed_tx_cost_sol': 0.0002}",7.25,,,,,,,,,,,,
paper-7soYuSPe1LaJ9V37W7ZGDB5Xwxi41LUWjRT3AEQGpump-2026-05-03T07:01:15Z,,,7soYuSPe1LaJ9V37W7ZGDB5Xwxi41LUWjRT3AEQGpump,WOLVERINE,CLOSED,,2026-04-28 16:24:00 UTC,,0.00010688990861198392,,,0.177725,,,,,,S4_强确认信号,,,,WALLET_BLOCK,32.0,100.0,100.0,,,,,,,,,,,,,,,,,,,,3.039,钱包结构触发纸面强制退出,100.0,5.9818622084000004e-05,"[{'触发收益率': 50, '卖出比例': 25, '说明': '+50% 卖出 25%，回收部分风险'}, {'触发收益率': 100, '卖出比例': 25, '说明': '+100% 再卖出 25%'}, {'触发收益率': 200, '卖出比例': 25, '说明': '+200% 再卖出 25%，剩余跟踪'}]",[],0.00010688990861198392,0.00010688990861198392,0.00010688990861198392,2026-05-03T07:01:15Z,SIKK-B 控盘箱体突破回踩,READY_FOR_CONFIRMATION,钱包结构触发纸面退出；不执行真实 swap。,0.0,0.0,0,0.0,2026-05-03T07:11:43Z,0.00011013824534859285,FORCE_PAPER_EXIT,STRUCTURE_WEAKENING,钱包结构状态变为 WALLET_BLOCK，纸面阶段直接模拟退出,1.0,"发现分发侧钱包 12 个；对手盘压力高，接盘/套牢筹码占比偏高；缺失字段：wallet_address, role, game_side, evidence_level；筹码控制状态机：CONTROL_BREAK_OR_DISTRIBUTION；筹码控制状态机：WALLET_BLOCK；筹码控制状态机：DISTRIBUTION_ACTIVE",E4,live,6.9610509e-05,0.00010688990861198392,53.5543,0.0,53.5543,"{'buy_slippage_pct': 3.0, 'sell_slippage_pct': 3.0, 'dex_fee_pct': 0.25, 'quote_deviation_buffer_pct': 1.0, 'priority_fee_sol': 0.0005, 'failed_tx_cost_sol': 0.0002}",7.25,,,,,,,,,,,,
paper-6Xipib7UavxaXvWDhepFpU4NzypozVBPvNNjxTdXpump-2026-05-03T07:01:15Z,,,6Xipib7UavxaXvWDhepFpU4NzypozVBPvNNjxTdXpump,MILF,CLOSED,,2026-04-29 18:55:00 UTC,,5.646587855296174e-05,,,0.142401,,,,,,S4_强确认信号,,,,WALLET_BLOCK,0.0,100.0,100.0,,,,,,,,,,,,,,,,,,,,0.7298,钱包结构触发纸面强制退出,100.0,2.6264953804000002e-05,"[{'触发收益率': 50, '卖出比例': 25, '说明': '+50% 卖出 25%，回收部分风险'}, {'触发收益率': 100, '卖出比例': 25, '说明': '+100% 再卖出 25%'}, {'触发收益率': 200, '卖出比例': 25, '说明': '+200% 再卖出 25%，剩余跟踪'}]",[],5.646587855296174e-05,5.646587855296174e-05,5.646587855296174e-05,2026-05-03T07:01:15Z,SIKK-B 控盘箱体突破回踩,READY_FOR_CONFIRMATION,钱包结构触发纸面退出；不执行真实 swap。,0.0,0.0,0,0.0,2026-05-03T07:11:43Z,5.687798609038105e-05,FORCE_PAPER_EXIT,STRUCTURE_WEAKENING,钱包结构状态变为 WALLET_BLOCK，纸面阶段直接模拟退出,1.0,"发现分发侧钱包 5 个；对手盘压力高，接盘/套牢筹码占比偏高；缺失字段：wallet_address, role, game_side, evidence_level；筹码控制状态机：CONTROL_BREAK_OR_DISTRIBUTION；筹码控制状态机：WALLET_BLOCK；筹码控制状态机：DISTRIBUTION_ACTIVE",E4,live,3.1857951e-05,5.646587855296174e-05,77.2427,0.0,77.2427,"{'buy_slippage_pct': 3.0, 'sell_slippage_pct': 3.0, 'dex_fee_pct': 0.25, 'quote_deviation_buffer_pct': 1.0, 'priority_fee_sol': 0.0005, 'failed_tx_cost_sol': 0.0002}",7.25,,,,,,,,,,,,
paper-3pCyU31quPpsVYaC5TxtXpe6sR1KXSLzk5TkZgXGpump-2026-05-03T07:01:15Z,,,3pCyU31quPpsVYaC5TxtXpe6sR1KXSLzk5TkZgXGpump,GOP,CLOSED,,2026-04-28 03:41:00 UTC,,0.000490159386118406,,,0.040857,,,,,,S4_强确认信号,,,,WALLET_BLOCK,0.0,100.0,0.0,,,,,,,,,,,,,,,,,,,,0.5872,钱包结构触发纸面强制退出,100.0,4.3020797384e-05,"[{'触发收益率': 50, '卖出比例': 25, '说明': '+50% 卖出 25%，回收部分风险'}, {'触发收益率': 100, '卖出比例': 25, '说明': '+100% 再卖出 25%'}, {'触发收益率': 200, '卖出比例': 25, '说明': '+200% 再卖出 25%，剩余跟踪'}]",[],0.000490159386118406,0.000490159386118406,0.000490159386118406,2026-05-03T07:01:15Z,SIKK-B 控盘箱体突破回踩,READY_FOR_CONFIRMATION,钱包结构触发纸面退出；不执行真实 swap。,0.0,0.0,0,0.0,2026-05-03T07:11:43Z,0.0004930377254310245,FORCE_PAPER_EXIT,STRUCTURE_WEAKENING,钱包结构状态变为 WALLET_BLOCK，纸面阶段直接模拟退出,1.0,"发现分发侧钱包 53 个；缺失字段：wallet_address, role, game_side, evidence_level；筹码控制状态机：CONTROL_BREAK_OR_DISTRIBUTION；筹码控制状态机：WALLET_BLOCK；筹码控制状态机：DISTRIBUTION_ACTIVE",E4,live,0.00011084533,0.000490159386118406,342.2012,0.0,342.2012,"{'buy_slippage_pct': 3.0, 'sell_slippage_pct': 3.0, 'dex_fee_pct': 0.25, 'quote_deviation_buffer_pct': 1.0, 'priority_fee_sol': 0.0005, 'failed_tx_cost_sol': 0.0002}",7.25,,,,,,,,,,,,
paper-7soYuSPe1LaJ9V37W7ZGDB5Xwxi41LUWjRT3AEQGpump-2026-05-03T07:11:43Z,,,7soYuSPe1LaJ9V37W7ZGDB5Xwxi41LUWjRT3AEQGpump,WOLVERINE,CLOSED,,2026-04-28 16:24:00 UTC,,0.00011013824534859285,,,0.177725,,,,,,S4_强确认信号,,,,WALLET_BLOCK,32.0,100.0,100.0,,,,,,,,,,,,,,,,,,,,-0.4751,钱包结构触发纸面强制退出,100.0,5.9818622084000004e-05,"[{'触发收益率': 50, '卖出比例': 25, '说明': '+50% 卖出 25%，回收部分风险'}, {'触发收益率': 100, '卖出比例': 25, '说明': '+100% 再卖出 25%'}, {'触发收益率': 200, '卖出比例': 25, '说明': '+200% 再卖出 25%，剩余跟踪'}]",[],0.00011013824534859285,0.00011013824534859285,0.00011013824534859285,2026-05-03T07:11:43Z,SIKK-B 控盘箱体突破回踩,READY_FOR_CONFIRMATION,钱包结构触发纸面退出；不执行真实 swap。,0.0,0.0,0,0.0,2026-05-03T07:22:11Z,0.00010961501805455573,FORCE_PAPER_EXIT,STRUCTURE_WEAKENING,钱包结构状态变为 WALLET_BLOCK，纸面阶段直接模拟退出,1.0,"发现分发侧钱包 12 个；对手盘压力高，接盘/套牢筹码占比偏高；缺失字段：wallet_address, role, game_side, evidence_level；筹码控制状态机：CONTROL_BREAK_OR_DISTRIBUTION；筹码控制状态机：WALLET_BLOCK；筹码控制状态机：DISTRIBUTION_ACTIVE",E4,live,6.9610509e-05,0.00011013824534859285,58.2207,0.0,58.2207,"{'buy_slippage_pct': 3.0, 'sell_slippage_pct': 3.0, 'dex_fee_pct': 0.25, 'quote_deviation_buffer_pct': 1.0, 'priority_fee_sol': 0.0005, 'failed_tx_cost_sol': 0.0002}",7.25,,,,,,,,,,,,
paper-6Xipib7UavxaXvWDhepFpU4NzypozVBPvNNjxTdXpump-2026-05-03T07:11:43Z,,,6Xipib7UavxaXvWDhepFpU4NzypozVBPvNNjxTdXpump,MILF,CLOSED,,2026-04-29 18:55:00 UTC,,5.687798609038105e-05,,,0.142401,,,,,,S4_强确认信号,,,,WALLET_BLOCK,0.0,100.0,100.0,,,,,,,,,,,,,,,,,,,,12.2143,钱包结构触发纸面强制退出,100.0,2.6264953804000002e-05,"[{'触发收益率': 50, '卖出比例': 25, '说明': '+50% 卖出 25%，回收部分风险'}, {'触发收益率': 100, '卖出比例': 25, '说明': '+100% 再卖出 25%'}, {'触发收益率': 200, '卖出比例': 25, '说明': '+200% 再卖出 25%，剩余跟踪'}]",[],5.687798609038105e-05,5.687798609038105e-05,5.687798609038105e-05,2026-05-03T07:11:43Z,SIKK-B 控盘箱体突破回踩,READY_FOR_CONFIRMATION,钱包结构触发纸面退出；不执行真实 swap。,0.0,0.0,0,0.0,2026-05-03T07:22:11Z,6.382523833917705e-05,FORCE_PAPER_EXIT,STRUCTURE_WEAKENING,钱包结构状态变为 WALLET_BLOCK，纸面阶段直接模拟退出,1.0,"发现分发侧钱包 5 个；对手盘压力高，接盘/套牢筹码占比偏高；缺失字段：wallet_address, role, game_side, evidence_level；筹码控制状态机：CONTROL_BREAK_OR_DISTRIBUTION；筹码控制状态机：WALLET_BLOCK；筹码控制状态机：DISTRIBUTION_ACTIVE",E4,live,3.1857951e-05,5.687798609038105e-05,78.5362,0.0,78.5362,"{'buy_slippage_pct': 3.0, 'sell_slippage_pct': 3.0, 'dex_fee_pct': 0.25, 'quote_deviation_buffer_pct': 1.0, 'priority_fee_sol': 0.0005, 'failed_tx_cost_sol': 0.0002}",7.25,,,,,,,,,,,,
paper-3pCyU31quPpsVYaC5TxtXpe6sR1KXSLzk5TkZgXGpump-2026-05-03T07:11:43Z,,,3pCyU31quPpsVYaC5TxtXpe6sR1KXSLzk5TkZgXGpump,GOP,CLOSED,,2026-04-28 03:41:00 UTC,,0.0004930377254310245,,,0.040857,,,,,,S4_强确认信号,,,,WALLET_BLOCK,0.0,100.0,0.0,,,,,,,,,,,,,,,,,,,,-1.0719,钱包结构触发纸面强制退出,100.0,4.3020797384e-05,"[{'触发收益率': 50, '卖出比例': 25, '说明': '+50% 卖出 25%，回收部分风险'}, {'触发收益率': 100, '卖出比例': 25, '说明': '+100% 再卖出 25%'}, {'触发收益率': 200, '卖出比例': 25, '说明': '+200% 再卖出 25%，剩余跟踪'}]",[],0.0004930377254310245,0.0004930377254310245,0.0004930377254310245,2026-05-03T07:11:43Z,SIKK-B 控盘箱体突破回踩,READY_FOR_CONFIRMATION,钱包结构触发纸面退出；不执行真实 swap。,0.0,0.0,0,0.0,2026-05-03T07:22:11Z,0.00048775279544842185,FORCE_PAPER_EXIT,STRUCTURE_WEAKENING,钱包结构状态变为 WALLET_BLOCK，纸面阶段直接模拟退出,1.0,"发现分发侧钱包 53 个；缺失字段：wallet_address, role, game_side, evidence_level；筹码控制状态机：CONTROL_BREAK_OR_DISTRIBUTION；筹码控制状态机：WALLET_BLOCK；筹码控制状态机：DISTRIBUTION_ACTIVE",E4,live,0.00011084533,0.0004930377254310245,344.7979,0.0,344.7979,"{'buy_slippage_pct': 3.0, 'sell_slippage_pct': 3.0, 'dex_fee_pct': 0.25, 'quote_deviation_buffer_pct': 1.0, 'priority_fee_sol': 0.0005, 'failed_tx_cost_sol': 0.0002}",7.25,,,,,,,,,,,,
paper-ARea51UmRfn22Ds7KwFZirSMEEn1gtBdrhW4zLeveeV1-2026-05-03T07:22:11Z,,,ARea51UmRfn22Ds7KwFZirSMEEn1gtBdrhW4zLeveeV1,AALIEN,CLOSED,,2026-04-30 16:34:00 UTC,,0.0004412279191350717,,,0.185696,,,,,,S4_强确认信号,,,,WALLET_BLOCK,48.0,100.0,100.0,,,,,,,,,,,,,,,,,,,,-0.5498,钱包结构触发纸面强制退出,100.0,4.1728307712e-05,"[{'触发收益率': 50, '卖出比例': 25, '说明': '+50% 卖出 25%，回收部分风险'}, {'触发收益率': 100, '卖出比例': 25, '说明': '+100% 再卖出 25%'}, {'触发收益率': 200, '卖出比例': 25, '说明': '+200% 再卖出 25%，剩余跟踪'}]",[],0.0004412279191350717,0.0004412279191350717,0.0004412279191350717,2026-05-03T07:22:11Z,SIKK-B 控盘箱体突破回踩,READY_FOR_CONFIRMATION,钱包结构触发纸面退出；不执行真实 swap。,0.0,0.0,0,0.0,2026-05-03T07:32:27Z,0.0004388022545487812,FORCE_PAPER_EXIT,STRUCTURE_WEAKENING,钱包结构状态变为 WALLET_BLOCK，纸面阶段直接模拟退出,1.0,"发现分发侧钱包 16 个；对手盘压力高，接盘/套牢筹码占比偏高；缺失字段：wallet_address, role, game_side, evidence_level；筹码控制状态机：CONTROL_BREAK_OR_DISTRIBUTION；筹码控制状态机：WALLET_BLOCK；筹码控制状态机：DISTRIBUTION_ACTIVE",E4,live,4.8220098e-05,0.0004412279191350717,815.0291,0.0,815.0291,"{'buy_slippage_pct': 3.0, 'sell_slippage_pct': 3.0, 'dex_fee_pct': 0.25, 'quote_deviation_buffer_pct': 1.0, 'priority_fee_sol': 0.0005, 'failed_tx_cost_sol': 0.0002}",7.25,,,,,,,,,,,,
paper-6Xipib7UavxaXvWDhepFpU4NzypozVBPvNNjxTdXpump-2026-05-03T07:22:11Z,,,6Xipib7UavxaXvWDhepFpU4NzypozVBPvNNjxTdXpump,MILF,CLOSED,,2026-04-29 18:55:00 UTC,,6.382523833917705e-05,,,0.142401,,,,,,S4_强确认信号,,,,WALLET_BLOCK,0.0,100.0,100.0,,,,,,,,,,,,,,,,,,,,2.8359,钱包结构触发纸面强制退出,100.0,2.6264953804000002e-05,"[{'触发收益率': 50, '卖出比例': 25, '说明': '+50% 卖出 25%，回收部分风险'}, {'触发收益率': 100, '卖出比例': 25, '说明': '+100% 再卖出 25%'}, {'触发收益率': 200, '卖出比例': 25, '说明': '+200% 再卖出 25%，剩余跟踪'}]",[],6.382523833917705e-05,6.382523833917705e-05,6.382523833917705e-05,2026-05-03T07:22:11Z,SIKK-B 控盘箱体突破回踩,READY_FOR_CONFIRMATION,钱包结构触发纸面退出；不执行真实 swap。,0.0,0.0,0,0.0,2026-05-03T07:32:27Z,6.563525396657782e-05,FORCE_PAPER_EXIT,STRUCTURE_WEAKENING,钱包结构状态变为 WALLET_BLOCK，纸面阶段直接模拟退出,1.0,"发现分发侧钱包 5 个；对手盘压力高，接盘/套牢筹码占比偏高；缺失字段：wallet_address, role, game_side, evidence_level；筹码控制状态机：CONTROL_BREAK_OR_DISTRIBUTION；筹码控制状态机：WALLET_BLOCK；筹码控制状态机：DISTRIBUTION_ACTIVE",E4,live,3.1857951e-05,6.382523833917705e-05,100.3432,0.0,100.3432,"{'buy_slippage_pct': 3.0, 'sell_slippage_pct': 3.0, 'dex_fee_pct': 0.25, 'quote_deviation_buffer_pct': 1.0, 'priority_fee_sol': 0.0005, 'failed_tx_cost_sol': 0.0002}",7.25,,,,,,,,,,,,
paper-3pCyU31quPpsVYaC5TxtXpe6sR1KXSLzk5TkZgXGpump-2026-05-03T07:22:11Z,,,3pCyU31quPpsVYaC5TxtXpe6sR1KXSLzk5TkZgXGpump,GOP,CLOSED,,2026-04-28 03:41:00 UTC,,0.00048775279544842185,,,0.040857,,,,,,S4_强确认信号,,,,WALLET_BLOCK,0.0,100.0,0.0,,,,,,,,,,,,,,,,,,,,0.2787,钱包结构触发纸面强制退出,100.0,4.3020797384e-05,"[{'触发收益率': 50, '卖出比例': 25, '说明': '+50% 卖出 25%，回收部分风险'}, {'触发收益率': 100, '卖出比例': 25, '说明': '+100% 再卖出 25%'}, {'触发收益率': 200, '卖出比例': 25, '说明': '+200% 再卖出 25%，剩余跟踪'}]",[],0.00048775279544842185,0.00048775279544842185,0.00048775279544842185,2026-05-03T07:22:11Z,SIKK-B 控盘箱体突破回踩,READY_FOR_CONFIRMATION,钱包结构触发纸面退出；不执行真实 swap。,0.0,0.0,0,0.0,2026-05-03T07:32:27Z,0.0004891122730102605,FORCE_PAPER_EXIT,STRUCTURE_WEAKENING,钱包结构状态变为 WALLET_BLOCK，纸面阶段直接模拟退出,1.0,"发现分发侧钱包 53 个；缺失字段：wallet_address, role, game_side, evidence_level；筹码控制状态机：CONTROL_BREAK_OR_DISTRIBUTION；筹码控制状态机：WALLET_BLOCK；筹码控制状态机：DISTRIBUTION_ACTIVE",E4,live,0.00011084533,0.00048775279544842185,340.0301,0.0,340.0301,"{'buy_slippage_pct': 3.0, 'sell_slippage_pct': 3.0, 'dex_fee_pct': 0.25, 'quote_deviation_buffer_pct': 1.0, 'priority_fee_sol': 0.0005, 'failed_tx_cost_sol': 0.0002}",7.25,,,,,,,,,,,,
paper-ARea51UmRfn22Ds7KwFZirSMEEn1gtBdrhW4zLeveeV1-2026-05-03T07:32:27Z,,,ARea51UmRfn22Ds7KwFZirSMEEn1gtBdrhW4zLeveeV1,AALIEN,CLOSED,,2026-04-30 16:34:00 UTC,,0.0004388022545487812,,,0.185696,,,,,,S4_强确认信号,,,,WALLET_BLOCK,48.0,100.0,100.0,,,,,,,,,,,,,,,,,,,,2.7914,钱包结构触发纸面强制退出,100.0,4.1728307712e-05,"[{'触发收益率': 50, '卖出比例': 25, '说明': '+50% 卖出 25%，回收部分风险'}, {'触发收益率': 100, '卖出比例': 25, '说明': '+100% 再卖出 25%'}, {'触发收益率': 200, '卖出比例': 25, '说明': '+200% 再卖出 25%，剩余跟踪'}]",[],0.0004388022545487812,0.0004388022545487812,0.0004388022545487812,2026-05-03T07:32:27Z,SIKK-B 控盘箱体突破回踩,READY_FOR_CONFIRMATION,钱包结构触发纸面退出；不执行真实 swap。,0.0,0.0,0,0.0,2026-05-03T07:42:44Z,0.00045105117447629577,FORCE_PAPER_EXIT,STRUCTURE_WEAKENING,钱包结构状态变为 WALLET_BLOCK，纸面阶段直接模拟退出,1.0,"发现分发侧钱包 16 个；对手盘压力高，接盘/套牢筹码占比偏高；缺失字段：wallet_address, role, game_side, evidence_level；筹码控制状态机：CONTROL_BREAK_OR_DISTRIBUTION；筹码控制状态机：WALLET_BLOCK；筹码控制状态机：DISTRIBUTION_ACTIVE",E4,live,4.8220098e-05,0.0004388022545487812,809.9987,0.0,809.9987,"{'buy_slippage_pct': 3.0, 'sell_slippage_pct': 3.0, 'dex_fee_pct': 0.25, 'quote_deviation_buffer_pct': 1.0, 'priority_fee_sol': 0.0005, 'failed_tx_cost_sol': 0.0002}",7.25,,,,,,,,,,,,
paper-ARea51UmRfn22Ds7KwFZirSMEEn1gtBdrhW4zLeveeV1-2026-05-03T07:42:44Z,,,ARea51UmRfn22Ds7KwFZirSMEEn1gtBdrhW4zLeveeV1,AALIEN,CLOSED,,2026-04-30 16:34:00 UTC,,0.00045105117447629577,,,0.185696,,,,,,S4_强确认信号,,,,WALLET_BLOCK,48.0,100.0,100.0,,,,,,,,,,,,,,,,,,,,1.0114,钱包结构触发纸面强制退出,100.0,4.1728307712e-05,"[{'触发收益率': 50, '卖出比例': 25, '说明': '+50% 卖出 25%，回收部分风险'}, {'触发收益率': 100, '卖出比例': 25, '说明': '+100% 再卖出 25%'}, {'触发收益率': 200, '卖出比例': 25, '说明': '+200% 再卖出 25%，剩余跟踪'}]",[],0.00045790901369366013,0.00045105117447629577,0.00045790901369366013,2026-05-03T07:47:41Z,SIKK-B 控盘箱体突破回踩,READY_FOR_CONFIRMATION,钱包结构触发纸面退出；不执行真实 swap。,1.5204,0.0,0,1.5204,2026-05-03T07:53:10Z,0.0004556129188311709,FORCE_PAPER_EXIT,STRUCTURE_WEAKENING,钱包结构状态变为 WALLET_BLOCK，纸面阶段直接模拟退出,1.0,"发现分发侧钱包 16 个；对手盘压力高，接盘/套牢筹码占比偏高；缺失字段：wallet_address, role, game_side, evidence_level；筹码控制状态机：CONTROL_BREAK_OR_DISTRIBUTION；筹码控制状态机：WALLET_BLOCK；筹码控制状态机：DISTRIBUTION_ACTIVE",E4,live,4.8220098e-05,0.00045105117447629577,849.6227,1.5204,835.4008,"{'buy_slippage_pct': 3.0, 'sell_slippage_pct': 3.0, 'dex_fee_pct': 0.25, 'quote_deviation_buffer_pct': 1.0, 'priority_fee_sol': 0.0005, 'failed_tx_cost_sol': 0.0002}",7.25,钱包结构出现风险，但 多轮 delta 未确认；盘型冲突未确认；市场确认不足，默认 EXIT_MONITOR,,,,,,,,,,,
paper-6Xipib7UavxaXvWDhepFpU4NzypozVBPvNNjxTdXpump-2026-05-03T07:42:44Z,,,6Xipib7UavxaXvWDhepFpU4NzypozVBPvNNjxTdXpump,MILF,CLOSED,,2026-04-29 18:55:00 UTC,,6.407021456451955e-05,,,0.142401,,,,,,S4_强确认信号,,,,WALLET_BLOCK,0.0,100.0,100.0,,,,,,,,,,,,,,,,,,,,-12.1898,钱包结构触发纸面强制退出,100.0,2.6264953804000002e-05,"[{'触发收益率': 50, '卖出比例': 25, '说明': '+50% 卖出 25%，回收部分风险'}, {'触发收益率': 100, '卖出比例': 25, '说明': '+100% 再卖出 25%'}, {'触发收益率': 200, '卖出比例': 25, '说明': '+200% 再卖出 25%，剩余跟踪'}]",[],6.704755468652556e-05,6.407021456451955e-05,6.704755468652556e-05,2026-05-03T07:47:41Z,SIKK-B 控盘箱体突破回踩,READY_FOR_CONFIRMATION,钱包结构触发纸面退出；不执行真实 swap。,4.647,0.0,0,4.647,2026-05-03T07:53:10Z,5.6260168423690827e-05,FORCE_PAPER_EXIT,STRUCTURE_WEAKENING,钱包结构状态变为 WALLET_BLOCK，纸面阶段直接模拟退出,1.0,"发现分发侧钱包 5 个；对手盘压力高，接盘/套牢筹码占比偏高；缺失字段：wallet_address, role, game_side, evidence_level；筹码控制状态机：CONTROL_BREAK_OR_DISTRIBUTION；筹码控制状态机：WALLET_BLOCK；筹码控制状态机：DISTRIBUTION_ACTIVE",E4,live,3.1857951e-05,6.407021456451955e-05,110.4578,4.647,101.1122,"{'buy_slippage_pct': 3.0, 'sell_slippage_pct': 3.0, 'dex_fee_pct': 0.25, 'quote_deviation_buffer_pct': 1.0, 'priority_fee_sol': 0.0005, 'failed_tx_cost_sol': 0.0002}",7.25,钱包结构出现风险，但 多轮 delta 未确认；盘型冲突未确认；市场确认不足，默认 EXIT_MONITOR,,,,,,,,,,,
paper-ARea51UmRfn22Ds7KwFZirSMEEn1gtBdrhW4zLeveeV1-2026-05-03T07:53:10Z,,,ARea51UmRfn22Ds7KwFZirSMEEn1gtBdrhW4zLeveeV1,AALIEN,CLOSED,,2026-04-30 16:34:00 UTC,,0.0004556129188311709,,,0.185696,,,,,,S4_强确认信号,,,,WALLET_BLOCK,48.0,100.0,100.0,,,,,,,,,,,,,,,,,,,,-1.8108,钱包结构触发纸面强制退出,100.0,4.1728307712e-05,"[{'触发收益率': 50, '卖出比例': 25, '说明': '+50% 卖出 25%，回收部分风险'}, {'触发收益率': 100, '卖出比例': 25, '说明': '+100% 再卖出 25%'}, {'触发收益率': 200, '卖出比例': 25, '说明': '+200% 再卖出 25%，剩余跟踪'}]",[],0.0004556129188311709,0.00045001580342095553,0.00045001580342095553,2026-05-03T07:55:27Z,SIKK-B 控盘箱体突破回踩,READY_FOR_CONFIRMATION,钱包结构触发纸面退出；不执行真实 swap。,0.0,-1.2285,0,-1.2285,2026-05-03T08:03:44Z,0.0004473627319318686,FORCE_PAPER_EXIT,STRUCTURE_WEAKENING,钱包结构状态变为 WALLET_BLOCK，纸面阶段直接模拟退出,1.0,"发现分发侧钱包 16 个；对手盘压力高，接盘/套牢筹码占比偏高；缺失字段：wallet_address, role, game_side, evidence_level；筹码控制状态机：CONTROL_BREAK_OR_DISTRIBUTION；筹码控制状态机：WALLET_BLOCK；筹码控制状态机：DISTRIBUTION_ACTIVE",E4,live,4.8220098e-05,0.0004556129188311709,833.2536,-1.2285,844.861,"{'buy_slippage_pct': 3.0, 'sell_slippage_pct': 3.0, 'dex_fee_pct': 0.25, 'quote_deviation_buffer_pct': 1.0, 'priority_fee_sol': 0.0005, 'failed_tx_cost_sol': 0.0002}",7.25,钱包结构出现风险，但 多轮 delta 未确认；盘型冲突未确认；市场确认不足，默认 EXIT_MONITOR,,,,,,,,,,,
paper-7soYuSPe1LaJ9V37W7ZGDB5Xwxi41LUWjRT3AEQGpump-2026-05-03T07:53:10Z,,,7soYuSPe1LaJ9V37W7ZGDB5Xwxi41LUWjRT3AEQGpump,WOLVERINE,CLOSED,,2026-04-28 16:24:00 UTC,,0.00011092235906006001,,,0.177725,,,,,,S4_强确认信号,,,,WALLET_BLOCK,32.0,100.0,100.0,,,,,,,,,,,,,,,,,,,,5.1141,钱包结构触发纸面强制退出,100.0,5.9818622084000004e-05,"[{'触发收益率': 50, '卖出比例': 25, '说明': '+50% 卖出 25%，回收部分风险'}, {'触发收益率': 100, '卖出比例': 25, '说明': '+100% 再卖出 25%'}, {'触发收益率': 200, '卖出比例': 25, '说明': '+200% 再卖出 25%，剩余跟踪'}]",[],0.00011092235906006001,0.000110890530050317,0.000110890530050317,2026-05-03T07:55:27Z,SIKK-B 控盘箱体突破回踩,READY_FOR_CONFIRMATION,钱包结构触发纸面退出；不执行真实 swap。,0.0,-0.0287,0,-0.0287,2026-05-03T08:03:44Z,0.00011659509418645458,FORCE_PAPER_EXIT,STRUCTURE_WEAKENING,钱包结构状态变为 WALLET_BLOCK，纸面阶段直接模拟退出,1.0,"发现分发侧钱包 11 个；对手盘压力高，接盘/套牢筹码占比偏高；缺失字段：wallet_address, role, game_side, evidence_level；筹码控制状态机：CONTROL_BREAK_OR_DISTRIBUTION；筹码控制状态机：WALLET_BLOCK；筹码控制状态机：DISTRIBUTION_ACTIVE",E4,live,6.9610509e-05,0.00011092235906006001,59.3014,-0.0287,59.3471,"{'buy_slippage_pct': 3.0, 'sell_slippage_pct': 3.0, 'dex_fee_pct': 0.25, 'quote_deviation_buffer_pct': 1.0, 'priority_fee_sol': 0.0005, 'failed_tx_cost_sol': 0.0002}",7.25,钱包结构出现风险，但 多轮 delta 未确认；盘型冲突未确认；市场确认不足，默认 EXIT_MONITOR,,,,,,,,,,,
paper-3pCyU31quPpsVYaC5TxtXpe6sR1KXSLzk5TkZgXGpump-2026-05-03T07:53:10Z,,,3pCyU31quPpsVYaC5TxtXpe6sR1KXSLzk5TkZgXGpump,GOP,CLOSED,,2026-04-28 03:41:00 UTC,,0.0004805874931205368,,,0.040857,,,,,,S4_强确认信号,,,,WALLET_BLOCK,0.0,100.0,0.0,,,,,,,,,,,,,,,,,,,,-1.524,钱包结构触发纸面强制退出,100.0,4.3020797384e-05,"[{'触发收益率': 50, '卖出比例': 25, '说明': '+50% 卖出 25%，回收部分风险'}, {'触发收益率': 100, '卖出比例': 25, '说明': '+100% 再卖出 25%'}, {'触发收益率': 200, '卖出比例': 25, '说明': '+200% 再卖出 25%，剩余跟踪'}]",[],0.0004805874931205368,0.00047688178561383816,0.00047688178561383816,2026-05-03T07:55:27Z,SIKK-B 控盘箱体突破回踩,READY_FOR_CONFIRMATION,钱包结构触发纸面退出；不执行真实 swap。,0.0,-0.7711,0,-0.7711,2026-05-03T08:03:44Z,0.0004732631498669926,FORCE_PAPER_EXIT,STRUCTURE_WEAKENING,钱包结构状态变为 WALLET_BLOCK，纸面阶段直接模拟退出,1.0,"发现分发侧钱包 53 个；缺失字段：wallet_address, role, game_side, evidence_level；筹码控制状态机：CONTROL_BREAK_OR_DISTRIBUTION；筹码控制状态机：WALLET_BLOCK；筹码控制状态机：DISTRIBUTION_ACTIVE",E4,live,0.00011084533,0.0004805874931205368,330.2227,-0.7711,333.5658,"{'buy_slippage_pct': 3.0, 'sell_slippage_pct': 3.0, 'dex_fee_pct': 0.25, 'quote_deviation_buffer_pct': 1.0, 'priority_fee_sol': 0.0005, 'failed_tx_cost_sol': 0.0002}",7.25,钱包结构出现风险，但 多轮 delta 未确认；盘型冲突未确认；市场确认不足，默认 EXIT_MONITOR,,,,,,,,,,,
paper-6Xipib7UavxaXvWDhepFpU4NzypozVBPvNNjxTdXpump-2026-05-03T07:55:27Z,6Xipib7UavxaXvWDhepFpU4NzypozVBPvNNjxTdXpump,MILF,6Xipib7UavxaXvWDhepFpU4NzypozVBPvNNjxTdXpump,MILF,CLOSED,2026-05-03T07:55:27Z,2026-04-29 18:55:00 UTC,5.329658779592945e-05,5.329658779592945e-05,okx_market_price,0.142401,0.142401,0.0,2671.85960469,,,2026-04-29 18:55:00 UTC,S4_强确认信号,SIKK-B 控盘箱体突破回踩,,2026-05-03T07:55:27Z,WALLET_BLOCK,0.0,100.0,100.0,100.0,,,,,,,,UNKNOWN_ENTRY,,,,,,,,,,,-1.2954,钱包结构触发纸面强制退出,100.0,2.6264953804000002e-05,"[{'触发收益率': 50, '卖出比例': 25, '说明': '+50% 卖出 25%，回收部分风险'}, {'触发收益率': 100, '卖出比例': 25, '说明': '+100% 再卖出 25%'}, {'触发收益率': 200, '卖出比例': 25, '说明': '+200% 再卖出 25%，剩余跟踪'}]",[],5.329658779592945e-05,5.329658779592945e-05,5.329658779592945e-05,2026-05-03T07:55:27Z,SIKK-B 控盘箱体突破回踩,READY_FOR_CONFIRMATION,钱包结构触发纸面退出；不执行真实 swap。,0.0,0.0,0,0.0,2026-05-03T08:03:44Z,5.26061612195805e-05,FORCE_PAPER_EXIT,STRUCTURE_WEAKENING,钱包结构状态变为 WALLET_BLOCK，纸面阶段直接模拟退出,1.0,"发现分发侧钱包 5 个；对手盘压力高，接盘/套牢筹码占比偏高；缺失字段：wallet_address, role, game_side, evidence_level；筹码控制状态机：CONTROL_BREAK_OR_DISTRIBUTION；筹码控制状态机：WALLET_BLOCK；筹码控制状态机：DISTRIBUTION_ACTIVE",E4,live,3.1857951e-05,5.329658779592945e-05,67.2945,0.0,67.2945,"{'buy_slippage_pct': 3.0, 'sell_slippage_pct': 3.0, 'dex_fee_pct': 0.25, 'quote_deviation_buffer_pct': 1.0, 'priority_fee_sol': 0.0005, 'failed_tx_cost_sol': 0.0002}",7.25,,5.329658779592945e-05,5.329658779592945e-05,3.0,0.0005,,,gmgn_new_token_filter,3.1857951e-05,,,"{'candidate': {'candidate_discovered_at': '', 'discovery_price': None, 'discovery_market_cap_usd': None, 'discovery_liquidity_usd': None, 'discovery_holder_count': None, 'discovery_source': 'gmgn_new_token_filter'}, 'signal': {'signal_time': '2026-04-29 18:55:00 UTC', 'signal_level': 'S4_强确认信号', 'signal_type': 'SIKK-B 控盘箱体突破回踩', 'signal_price': 3.1857951e-05, 'signal_market_cap_usd': None}, 'wallet': {'wallet_decision_time': '2026-05-03T07:55:27Z', 'wallet_structure_status': 'WALLET_BLOCK', 'wallet_structure_score': 0.0, 'wallet_risk_score': 100.0, 'counterparty_pressure_score': 100.0, 'data_quality_score': 100.0, 'wallet_decision_market_cap_usd': None, 'wallet_reason': '发现分发侧钱包 5 个；对手盘压力高，接盘/套牢筹码占比偏高；缺失字段：wallet_address, role, game_side, evidence_level；筹码控制状态机：CONTROL_BREAK_OR_DISTRIBUTION；筹码控制状态机：WALLET_BLOCK；筹码控制状态机：DISTRIBUTION_ACTIVE'}, 'entry': {'paper_entry_time': '2026-05-03T07:55:27Z', 'entry_price_mode': 'live', 'entry_quote_source': 'okx_market_price', 'entry_raw_quote_price': 5.329658779592945e-05, 'entry_simulated_price': 5.329658779592945e-05, 'entry_slippage_pct': 3.0, 'entry_fee_sol': 0.0005, 'entry_market_cap_usd': None, 'entry_liquidity_usd': None, 'entry_holder_count': None, 'paper_size_sol': 0.142401, 'paper_size_usd': 0.0, 'estimated_token_amount': 2671.85960469}}"
paper-6Xipib7UavxaXvWDhepFpU4NzypozVBPvNNjxTdXpump-2026-05-03T08:03:44Z,,,6Xipib7UavxaXvWDhepFpU4NzypozVBPvNNjxTdXpump,MILF,CLOSED,,2026-04-29 18:55:00 UTC,,5.26061612195805e-05,,,0.142401,,,,,,S4_强确认信号,,,,WALLET_BLOCK,0.0,100.0,100.0,,,,,,,,,,,,,,,,,,,,-2.6113,钱包结构触发纸面强制退出,100.0,2.6264953804000002e-05,"[{'触发收益率': 50, '卖出比例': 25, '说明': '+50% 卖出 25%，回收部分风险'}, {'触发收益率': 100, '卖出比例': 25, '说明': '+100% 再卖出 25%'}, {'触发收益率': 200, '卖出比例': 25, '说明': '+200% 再卖出 25%，剩余跟踪'}]",[],5.26061612195805e-05,5.155939982016315e-05,5.155939982016315e-05,2026-05-03T08:10:08Z,SIKK-B 控盘箱体突破回踩,READY_FOR_CONFIRMATION,钱包结构触发纸面退出；不执行真实 swap。,0.0,-1.9898,0,-1.9898,2026-05-03T08:14:11Z,5.123243766489266e-05,FORCE_PAPER_EXIT,STRUCTURE_WEAKENING,钱包结构状态变为 WALLET_BLOCK，纸面阶段直接模拟退出,1.0,"发现分发侧钱包 5 个；对手盘压力高，接盘/套牢筹码占比偏高；缺失字段：wallet_address, role, game_side, evidence_level；筹码控制状态机：CONTROL_BREAK_OR_DISTRIBUTION；筹码控制状态机：WALLET_BLOCK；筹码控制状态机：DISTRIBUTION_ACTIVE",E4,live,3.1857951e-05,5.26061612195805e-05,61.8415,-1.9898,65.1273,"{'buy_slippage_pct': 3.0, 'sell_slippage_pct': 3.0, 'dex_fee_pct': 0.25, 'quote_deviation_buffer_pct': 1.0, 'priority_fee_sol': 0.0005, 'failed_tx_cost_sol': 0.0002}",7.25,钱包结构出现风险，但 多轮 delta 未确认；盘型冲突未确认；市场确认不足，默认 EXIT_MONITOR,,,,,,,,,,,
paper-3pCyU31quPpsVYaC5TxtXpe6sR1KXSLzk5TkZgXGpump-2026-05-03T08:03:44Z,,,3pCyU31quPpsVYaC5TxtXpe6sR1KXSLzk5TkZgXGpump,GOP,CLOSED,,2026-04-28 03:41:00 UTC,,0.0004732631498669926,,,0.040857,,,,,,S4_强确认信号,,,,WALLET_BLOCK,0.0,100.0,0.0,,,,,,,,,,,,,,,,,,,,0.4494,钱包结构触发纸面强制退出,100.0,4.3020797384e-05,"[{'触发收益率': 50, '卖出比例': 25, '说明': '+50% 卖出 25%，回收部分风险'}, {'触发收益率': 100, '卖出比例': 25, '说明': '+100% 再卖出 25%'}, {'触发收益率': 200, '卖出比例': 25, '说明': '+200% 再卖出 25%，剩余跟踪'}]",[],0.0004748585574442663,0.0004732631498669926,0.0004748585574442663,2026-05-03T08:10:08Z,SIKK-B 控盘箱体突破回踩,READY_FOR_CONFIRMATION,钱包结构触发纸面退出；不执行真实 swap。,0.3371,0.0,0,0.3371,2026-05-03T08:14:11Z,0.00047539018853918737,FORCE_PAPER_EXIT,STRUCTURE_WEAKENING,钱包结构状态变为 WALLET_BLOCK，纸面阶段直接模拟退出,1.0,"发现分发侧钱包 53 个；缺失字段：wallet_address, role, game_side, evidence_level；筹码控制状态机：CONTROL_BREAK_OR_DISTRIBUTION；筹码控制状态机：WALLET_BLOCK；筹码控制状态机：DISTRIBUTION_ACTIVE",E4,live,0.00011084533,0.0004732631498669926,328.3974,0.3371,326.9581,"{'buy_slippage_pct': 3.0, 'sell_slippage_pct': 3.0, 'dex_fee_pct': 0.25, 'quote_deviation_buffer_pct': 1.0, 'priority_fee_sol': 0.0005, 'failed_tx_cost_sol': 0.0002}",7.25,钱包结构出现风险，但 多轮 delta 未确认；盘型冲突未确认；市场确认不足，默认 EXIT_MONITOR,,,,,,,,,,,
paper-ARea51UmRfn22Ds7KwFZirSMEEn1gtBdrhW4zLeveeV1-2026-05-03T08:14:11Z,,,ARea51UmRfn22Ds7KwFZirSMEEn1gtBdrhW4zLeveeV1,AALIEN,CLOSED,,2026-04-30 16:34:00 UTC,,0.00045766699347124355,,,0.185696,,,,,,S4_强确认信号,,,,WALLET_BLOCK,48.0,100.0,100.0,,,,,,,,,,,,,,,,,,,,-6.0051,钱包结构触发纸面强制退出,100.0,4.1728307712e-05,"[{'触发收益率': 50, '卖出比例': 25, '说明': '+50% 卖出 25%，回收部分风险'}, {'触发收益率': 100, '卖出比例': 25, '说明': '+100% 再卖出 25%'}, {'触发收益率': 200, '卖出比例': 25, '说明': '+200% 再卖出 25%，剩余跟踪'}]",[],0.00045766699347124355,0.00043988042278832477,0.00043988042278832477,2026-05-03T08:18:42Z,SIKK-B 控盘箱体突破回踩,READY_FOR_CONFIRMATION,钱包结构触发纸面退出；不执行真实 swap。,0.0,-3.8864,0,-3.8864,2026-05-03T08:24:44Z,0.0004301837217339248,FORCE_PAPER_EXIT,STRUCTURE_WEAKENING,钱包结构状态变为 WALLET_BLOCK，纸面阶段直接模拟退出,1.0,"发现分发侧钱包 16 个；对手盘压力高，接盘/套牢筹码占比偏高；缺失字段：wallet_address, role, game_side, evidence_level；筹码控制状态机：CONTROL_BREAK_OR_DISTRIBUTION；筹码控制状态机：WALLET_BLOCK；筹码控制状态机：DISTRIBUTION_ACTIVE",E4,live,4.8220098e-05,0.00045766699347124355,812.2346,-3.8864,849.1208,"{'buy_slippage_pct': 3.0, 'sell_slippage_pct': 3.0, 'dex_fee_pct': 0.25, 'quote_deviation_buffer_pct': 1.0, 'priority_fee_sol': 0.0005, 'failed_tx_cost_sol': 0.0002}",7.25,钱包结构出现风险，但 多轮 delta 未确认；盘型冲突未确认；市场确认不足，默认 EXIT_MONITOR,,,,,,,,,,,
paper-7soYuSPe1LaJ9V37W7ZGDB5Xwxi41LUWjRT3AEQGpump-2026-05-03T08:14:11Z,,,7soYuSPe1LaJ9V37W7ZGDB5Xwxi41LUWjRT3AEQGpump,WOLVERINE,CLOSED,,2026-04-28 16:24:00 UTC,,0.00011566853412108653,,,0.177725,,,,,,S4_强确认信号,,,,WALLET_BLOCK,32.0,100.0,100.0,,,,,,,,,,,,,,,,,,,,11.8109,钱包结构触发纸面强制退出,100.0,5.9818622084000004e-05,"[{'触发收益率': 50, '卖出比例': 25, '说明': '+50% 卖出 25%，回收部分风险'}, {'触发收益率': 100, '卖出比例': 25, '说明': '+100% 再卖出 25%'}, {'触发收益率': 200, '卖出比例': 25, '说明': '+200% 再卖出 25%，剩余跟踪'}]",[],0.00011780952200707691,0.00011566853412108653,0.00011780952200707691,2026-05-03T08:18:42Z,SIKK-B 控盘箱体突破回踩,READY_FOR_CONFIRMATION,钱包结构触发纸面退出；不执行真实 swap。,1.851,0.0,0,1.851,2026-05-03T08:24:44Z,0.00012933007482737721,FORCE_PAPER_EXIT,STRUCTURE_WEAKENING,钱包结构状态变为 WALLET_BLOCK，纸面阶段直接模拟退出,1.0,"发现分发侧钱包 11 个；对手盘压力高，接盘/套牢筹码占比偏高；缺失字段：wallet_address, role, game_side, evidence_level；筹码控制状态机：CONTROL_BREAK_OR_DISTRIBUTION；筹码控制状态机：WALLET_BLOCK；筹码控制状态机：DISTRIBUTION_ACTIVE",E4,live,6.9610509e-05,0.00011566853412108653,69.241,1.851,66.1653,"{'buy_slippage_pct': 3.0, 'sell_slippage_pct': 3.0, 'dex_fee_pct': 0.25, 'quote_deviation_buffer_pct': 1.0, 'priority_fee_sol': 0.0005, 'failed_tx_cost_sol': 0.0002}",7.25,钱包结构出现风险，但 多轮 delta 未确认；盘型冲突未确认；市场确认不足，默认 EXIT_MONITOR,,,,,,,,,,,
paper-3pCyU31quPpsVYaC5TxtXpe6sR1KXSLzk5TkZgXGpump-2026-05-03T08:14:11Z,,,3pCyU31quPpsVYaC5TxtXpe6sR1KXSLzk5TkZgXGpump,GOP,CLOSED,,2026-04-28 03:41:00 UTC,,0.00047539018853918737,,,0.040857,,,,,,S4_强确认信号,,,,WALLET_BLOCK,0.0,100.0,0.0,,,,,,,,,,,,,,,,,,,,0.1183,钱包结构触发纸面强制退出,100.0,4.3020797384e-05,"[{'触发收益率': 50, '卖出比例': 25, '说明': '+50% 卖出 25%，回收部分风险'}, {'触发收益率': 100, '卖出比例': 25, '说明': '+100% 再卖出 25%'}, {'触发收益率': 200, '卖出比例': 25, '说明': '+200% 再卖出 25%，剩余跟踪'}]",[],0.0004757138656354149,0.00047539018853918737,0.0004757138656354149,2026-05-03T08:18:42Z,SIKK-B 控盘箱体突破回踩,READY_FOR_CONFIRMATION,钱包结构触发纸面退出；不执行真实 swap。,0.0681,0.0,0,0.0681,2026-05-03T08:24:44Z,0.00047595271348372845,FORCE_PAPER_EXIT,STRUCTURE_WEAKENING,钱包结构状态变为 WALLET_BLOCK，纸面阶段直接模拟退出,1.0,"发现分发侧钱包 53 个；缺失字段：wallet_address, role, game_side, evidence_level；筹码控制状态机：CONTROL_BREAK_OR_DISTRIBUTION；筹码控制状态机：WALLET_BLOCK；筹码控制状态机：DISTRIBUTION_ACTIVE",E4,live,0.00011084533,0.00047539018853918737,329.1691,0.0681,328.8771,"{'buy_slippage_pct': 3.0, 'sell_slippage_pct': 3.0, 'dex_fee_pct': 0.25, 'quote_deviation_buffer_pct': 1.0, 'priority_fee_sol': 0.0005, 'failed_tx_cost_sol': 0.0002}",7.25,钱包结构出现风险，但 多轮 delta 未确认；盘型冲突未确认；市场确认不足，默认 EXIT_MONITOR,,,,,,,,,,,
paper-ARea51UmRfn22Ds7KwFZirSMEEn1gtBdrhW4zLeveeV1-2026-05-03T08:24:44Z,,,ARea51UmRfn22Ds7KwFZirSMEEn1gtBdrhW4zLeveeV1,AALIEN,CLOSED,,2026-04-30 16:34:00 UTC,,0.0004301837217339248,,,0.185696,,,,,,S4_强确认信号,,,,WALLET_BLOCK,48.0,100.0,100.0,,,,,,,,,,,,,,,,,,,,-3.9866,钱包结构触发纸面强制退出,100.0,4.1728307712e-05,"[{'触发收益率': 50, '卖出比例': 25, '说明': '+50% 卖出 25%，回收部分风险'}, {'触发收益率': 100, '卖出比例': 25, '说明': '+100% 再卖出 25%'}, {'触发收益率': 200, '卖出比例': 25, '说明': '+200% 再卖出 25%，剩余跟踪'}]",[],0.0004301837217339248,0.0004301837217339248,0.0004301837217339248,2026-05-03T08:24:44Z,SIKK-B 控盘箱体突破回踩,READY_FOR_CONFIRMATION,钱包结构触发纸面退出；不执行真实 swap。,0.0,0.0,0,0.0,2026-05-03T08:35:14Z,0.00041303397120676615,FORCE_PAPER_EXIT,STRUCTURE_WEAKENING,钱包结构状态变为 WALLET_BLOCK，纸面阶段直接模拟退出,1.0,"发现分发侧钱包 16 个；对手盘压力高，接盘/套牢筹码占比偏高；缺失字段：wallet_address, role, game_side, evidence_level；筹码控制状态机：CONTROL_BREAK_OR_DISTRIBUTION；筹码控制状态机：WALLET_BLOCK；筹码控制状态机：DISTRIBUTION_ACTIVE",E4,live,4.8220098e-05,0.0004301837217339248,792.1254,0.0,792.1254,"{'buy_slippage_pct': 3.0, 'sell_slippage_pct': 3.0, 'dex_fee_pct': 0.25, 'quote_deviation_buffer_pct': 1.0, 'priority_fee_sol': 0.0005, 'failed_tx_cost_sol': 0.0002}",7.25,,,,,,,,,,,,
paper-3pCyU31quPpsVYaC5TxtXpe6sR1KXSLzk5TkZgXGpump-2026-05-03T08:24:44Z,,,3pCyU31quPpsVYaC5TxtXpe6sR1KXSLzk5TkZgXGpump,GOP,CLOSED,,2026-04-28 03:41:00 UTC,,0.00047595271348372845,,,0.040857,,,,,,S4_强确认信号,,,,WALLET_BLOCK,0.0,100.0,0.0,,,,,,,,,,,,,,,,,,,,-2.0873,钱包结构触发纸面强制退出,100.0,4.3020797384e-05,"[{'触发收益率': 50, '卖出比例': 25, '说明': '+50% 卖出 25%，回收部分风险'}, {'触发收益率': 100, '卖出比例': 25, '说明': '+100% 再卖出 25%'}, {'触发收益率': 200, '卖出比例': 25, '说明': '+200% 再卖出 25%，剩余跟踪'}]",[],0.00047595271348372845,0.00047595271348372845,0.00047595271348372845,2026-05-03T08:24:44Z,SIKK-B 控盘箱体突破回踩,READY_FOR_CONFIRMATION,钱包结构触发纸面退出；不执行真实 swap。,0.0,0.0,0,0.0,2026-05-03T08:35:14Z,0.00046601807358528235,FORCE_PAPER_EXIT,STRUCTURE_WEAKENING,钱包结构状态变为 WALLET_BLOCK，纸面阶段直接模拟退出,1.0,"发现分发侧钱包 53 个；缺失字段：wallet_address, role, game_side, evidence_level；筹码控制状态机：CONTROL_BREAK_OR_DISTRIBUTION；筹码控制状态机：WALLET_BLOCK；筹码控制状态机：DISTRIBUTION_ACTIVE",E4,live,0.00011084533,0.00047595271348372845,329.3845,0.0,329.3845,"{'buy_slippage_pct': 3.0, 'sell_slippage_pct': 3.0, 'dex_fee_pct': 0.25, 'quote_deviation_buffer_pct': 1.0, 'priority_fee_sol': 0.0005, 'failed_tx_cost_sol': 0.0002}",7.25,,,,,,,,,,,,
paper-ARea51UmRfn22Ds7KwFZirSMEEn1gtBdrhW4zLeveeV1-2026-05-03T08:35:14Z,,,ARea51UmRfn22Ds7KwFZirSMEEn1gtBdrhW4zLeveeV1,AALIEN,CLOSED,,2026-04-30 16:34:00 UTC,,0.00041303397120676615,,,0.185696,,,,,,S4_强确认信号,,,,WALLET_BLOCK,48.0,100.0,100.0,,,,,,,,,,,,,,,,,,,,1.4467,钱包结构触发纸面强制退出,100.0,4.1728307712e-05,"[{'触发收益率': 50, '卖出比例': 25, '说明': '+50% 卖出 25%，回收部分风险'}, {'触发收益率': 100, '卖出比例': 25, '说明': '+100% 再卖出 25%'}, {'触发收益率': 200, '卖出比例': 25, '说明': '+200% 再卖出 25%，剩余跟踪'}]",[],0.0004244819664845887,0.00041303397120676615,0.0004244819664845887,2026-05-03T08:44:33Z,SIKK-B 控盘箱体突破回踩,READY_FOR_CONFIRMATION,钱包结构触发纸面退出；不执行真实 swap。,2.7717,0.0,0,2.7717,2026-05-03T08:45:36Z,0.00041900928520688857,FORCE_PAPER_EXIT,STRUCTURE_WEAKENING,钱包结构状态变为 WALLET_BLOCK，纸面阶段直接模拟退出,1.0,"发现分发侧钱包 16 个；对手盘压力高，接盘/套牢筹码占比偏高；缺失字段：wallet_address, role, game_side, evidence_level；筹码控制状态机：CONTROL_BREAK_OR_DISTRIBUTION；筹码控制状态机：WALLET_BLOCK；筹码控制状态机：DISTRIBUTION_ACTIVE",E4,live,4.8220098e-05,0.00041303397120676615,780.3009,2.7717,756.5598,"{'buy_slippage_pct': 3.0, 'sell_slippage_pct': 3.0, 'dex_fee_pct': 0.25, 'quote_deviation_buffer_pct': 1.0, 'priority_fee_sol': 0.0005, 'failed_tx_cost_sol': 0.0002}",7.25,钱包结构出现风险，但 多轮 delta 未确认；盘型冲突未确认；市场确认不足，默认 EXIT_MONITOR,,,,,,,,,,,
paper-7soYuSPe1LaJ9V37W7ZGDB5Xwxi41LUWjRT3AEQGpump-2026-05-03T08:35:14Z,,,7soYuSPe1LaJ9V37W7ZGDB5Xwxi41LUWjRT3AEQGpump,WOLVERINE,CLOSED,,2026-04-28 16:24:00 UTC,,0.00013302719501566442,,,0.177725,,,,,,S4_强确认信号,,,,WALLET_BLOCK,32.0,100.0,100.0,,,,,,,,,,,,,,,,,,,,-6.8739,钱包结构触发纸面强制退出,100.0,5.9818622084000004e-05,"[{'触发收益率': 50, '卖出比例': 25, '说明': '+50% 卖出 25%，回收部分风险'}, {'触发收益率': 100, '卖出比例': 25, '说明': '+100% 再卖出 25%'}, {'触发收益率': 200, '卖出比例': 25, '说明': '+200% 再卖出 25%，剩余跟踪'}]",[],0.00013302719501566442,0.00012388303511099905,0.00012388303511099905,2026-05-03T08:44:33Z,SIKK-B 控盘箱体突破回踩,READY_FOR_CONFIRMATION,钱包结构触发纸面退出；不执行真实 swap。,0.0,-6.8739,0,-6.8739,2026-05-03T08:45:36Z,0.00012388303511099905,FORCE_PAPER_EXIT,STRUCTURE_WEAKENING,钱包结构状态变为 WALLET_BLOCK，纸面阶段直接模拟退出,1.0,"发现分发侧钱包 11 个；对手盘压力高，接盘/套牢筹码占比偏高；缺失字段：wallet_address, role, game_side, evidence_level；筹码控制状态机：CONTROL_BREAK_OR_DISTRIBUTION；筹码控制状态机：WALLET_BLOCK；筹码控制状态机：DISTRIBUTION_ACTIVE",E4,live,6.9610509e-05,0.00013302719501566442,77.966,-6.8739,91.1022,"{'buy_slippage_pct': 3.0, 'sell_slippage_pct': 3.0, 'dex_fee_pct': 0.25, 'quote_deviation_buffer_pct': 1.0, 'priority_fee_sol': 0.0005, 'failed_tx_cost_sol': 0.0002}",7.25,钱包结构出现风险，但 多轮 delta 未确认；盘型冲突未确认；市场确认不足，默认 EXIT_MONITOR,,,,,,,,,,,
paper-ARea51UmRfn22Ds7KwFZirSMEEn1gtBdrhW4zLeveeV1-2026-05-03T08:45:36Z,,,ARea51UmRfn22Ds7KwFZirSMEEn1gtBdrhW4zLeveeV1,AALIEN,CLOSED,,2026-04-30 16:34:00 UTC,,0.00041900928520688857,,,0.185696,,,,,,S4_强确认信号,,,,WALLET_BLOCK,48.0,100.0,100.0,,,,,,,,,,,,,,,,,,,,-2.3988,钱包结构触发纸面强制退出,100.0,4.1728307712e-05,"[{'触发收益率': 50, '卖出比例': 25, '说明': '+50% 卖出 25%，回收部分风险'}, {'触发收益率': 100, '卖出比例': 25, '说明': '+100% 再卖出 25%'}, {'触发收益率': 200, '卖出比例': 25, '说明': '+200% 再卖出 25%，剩余跟踪'}]",[],0.00041900928520688857,0.00041900928520688857,0.00041900928520688857,2026-05-03T08:45:36Z,SIKK-B 控盘箱体突破回踩,READY_FOR_CONFIRMATION,钱包结构触发纸面退出；不执行真实 swap。,0.0,0.0,0,0.0,2026-05-03T08:56:03Z,0.0004089579290872658,FORCE_PAPER_EXIT,STRUCTURE_WEAKENING,钱包结构状态变为 WALLET_BLOCK，纸面阶段直接模拟退出,1.0,"发现分发侧钱包 16 个；对手盘压力高，接盘/套牢筹码占比偏高；缺失字段：wallet_address, role, game_side, evidence_level；筹码控制状态机：CONTROL_BREAK_OR_DISTRIBUTION；筹码控制状态机：WALLET_BLOCK；筹码控制状态机：DISTRIBUTION_ACTIVE",E4,live,4.8220098e-05,0.00041900928520688857,768.9515,0.0,768.9515,"{'buy_slippage_pct': 3.0, 'sell_slippage_pct': 3.0, 'dex_fee_pct': 0.25, 'quote_deviation_buffer_pct': 1.0, 'priority_fee_sol': 0.0005, 'failed_tx_cost_sol': 0.0002}",7.25,,,,,,,,,,,,
paper-3pCyU31quPpsVYaC5TxtXpe6sR1KXSLzk5TkZgXGpump-2026-05-03T08:45:36Z,,,3pCyU31quPpsVYaC5TxtXpe6sR1KXSLzk5TkZgXGpump,GOP,CLOSED,,2026-04-28 03:41:00 UTC,,0.00047276693662327276,,,0.040857,,,,,,S4_强确认信号,,,,WALLET_BLOCK,0.0,100.0,0.0,,,,,,,,,,,,,,,,,,,,5.198,钱包结构触发纸面强制退出,100.0,4.3020797384e-05,"[{'触发收益率': 50, '卖出比例': 25, '说明': '+50% 卖出 25%，回收部分风险'}, {'触发收益率': 100, '卖出比例': 25, '说明': '+100% 再卖出 25%'}, {'触发收益率': 200, '卖出比例': 25, '说明': '+200% 再卖出 25%，剩余跟踪'}]",[],0.00047276693662327276,0.00047276693662327276,0.00047276693662327276,2026-05-03T08:45:36Z,SIKK-B 控盘箱体突破回踩,READY_FOR_CONFIRMATION,钱包结构触发纸面退出；不执行真实 swap。,0.0,0.0,0,0.0,2026-05-03T08:56:03Z,0.0004973414146106894,FORCE_PAPER_EXIT,STRUCTURE_WEAKENING,钱包结构状态变为 WALLET_BLOCK，纸面阶段直接模拟退出,1.0,"发现分发侧钱包 53 个；缺失字段：wallet_address, role, game_side, evidence_level；筹码控制状态机：CONTROL_BREAK_OR_DISTRIBUTION；筹码控制状态机：WALLET_BLOCK；筹码控制状态机：DISTRIBUTION_ACTIVE",E4,live,0.00011084533,0.00047276693662327276,326.5105,0.0,326.5105,"{'buy_slippage_pct': 3.0, 'sell_slippage_pct': 3.0, 'dex_fee_pct': 0.25, 'quote_deviation_buffer_pct': 1.0, 'priority_fee_sol': 0.0005, 'failed_tx_cost_sol': 0.0002}",7.25,,,,,,,,,,,,
paper-ARea51UmRfn22Ds7KwFZirSMEEn1gtBdrhW4zLeveeV1-2026-05-03T08:56:03Z,,,ARea51UmRfn22Ds7KwFZirSMEEn1gtBdrhW4zLeveeV1,AALIEN,CLOSED,,2026-04-30 16:34:00 UTC,,0.0004089579290872658,,,0.185696,,,,,,S4_强确认信号,,,,WALLET_BLOCK,48.0,100.0,100.0,,,,,,,,,,,,,,,,,,,,-0.991,钱包结构触发纸面强制退出,100.0,4.1728307712e-05,"[{'触发收益率': 50, '卖出比例': 25, '说明': '+50% 卖出 25%，回收部分风险'}, {'触发收益率': 100, '卖出比例': 25, '说明': '+100% 再卖出 25%'}, {'触发收益率': 200, '卖出比例': 25, '说明': '+200% 再卖出 25%，剩余跟踪'}]",[],0.0004089579290872658,0.0004089579290872658,0.0004089579290872658,2026-05-03T08:56:03Z,SIKK-B 控盘箱体突破回踩,READY_FOR_CONFIRMATION,钱包结构触发纸面退出；不执行真实 swap。,0.0,0.0,0,0.0,2026-05-03T09:06:32Z,0.0004049051191000393,FORCE_PAPER_EXIT,STRUCTURE_WEAKENING,钱包结构状态变为 WALLET_BLOCK，纸面阶段直接模拟退出,1.0,"发现分发侧钱包 16 个；对手盘压力高，接盘/套牢筹码占比偏高；缺失字段：wallet_address, role, game_side, evidence_level；筹码控制状态机：CONTROL_BREAK_OR_DISTRIBUTION；筹码控制状态机：WALLET_BLOCK；筹码控制状态机：DISTRIBUTION_ACTIVE",E4,live,4.8220098e-05,0.0004089579290872658,748.1068,0.0,748.1068,"{'buy_slippage_pct': 3.0, 'sell_slippage_pct': 3.0, 'dex_fee_pct': 0.25, 'quote_deviation_buffer_pct': 1.0, 'priority_fee_sol': 0.0005, 'failed_tx_cost_sol': 0.0002}",7.25,,,,,,,,,,,,
paper-7soYuSPe1LaJ9V37W7ZGDB5Xwxi41LUWjRT3AEQGpump-2026-05-03T08:56:03Z,,,7soYuSPe1LaJ9V37W7ZGDB5Xwxi41LUWjRT3AEQGpump,WOLVERINE,CLOSED,,2026-04-28 16:24:00 UTC,,0.00014261184568268025,,,0.177725,,,,,,S4_强确认信号,,,,WALLET_BLOCK,32.0,100.0,100.0,,,,,,,,,,,,,,,,,,,,1.3025,钱包结构触发纸面强制退出,100.0,5.9818622084000004e-05,"[{'触发收益率': 50, '卖出比例': 25, '说明': '+50% 卖出 25%，回收部分风险'}, {'触发收益率': 100, '卖出比例': 25, '说明': '+100% 再卖出 25%'}, {'触发收益率': 200, '卖出比例': 25, '说明': '+200% 再卖出 25%，剩余跟踪'}]",[],0.00014261184568268025,0.00014261184568268025,0.00014261184568268025,2026-05-03T08:56:03Z,SIKK-B 控盘箱体突破回踩,READY_FOR_CONFIRMATION,钱包结构触发纸面退出；不执行真实 swap。,0.0,0.0,0,0.0,2026-05-03T09:06:32Z,0.0001444692968918633,FORCE_PAPER_EXIT,STRUCTURE_WEAKENING,钱包结构状态变为 WALLET_BLOCK，纸面阶段直接模拟退出,1.0,"发现分发侧钱包 12 个；对手盘压力高，接盘/套牢筹码占比偏高；缺失字段：wallet_address, role, game_side, evidence_level；筹码控制状态机：CONTROL_BREAK_OR_DISTRIBUTION；筹码控制状态机：WALLET_BLOCK；筹码控制状态机：DISTRIBUTION_ACTIVE",E4,live,6.9610509e-05,0.00014261184568268025,104.8711,0.0,104.8711,"{'buy_slippage_pct': 3.0, 'sell_slippage_pct': 3.0, 'dex_fee_pct': 0.25, 'quote_deviation_buffer_pct': 1.0, 'priority_fee_sol': 0.0005, 'failed_tx_cost_sol': 0.0002}",7.25,,,,,,,,,,,,
paper-ARea51UmRfn22Ds7KwFZirSMEEn1gtBdrhW4zLeveeV1-2026-05-03T09:06:32Z,,,ARea51UmRfn22Ds7KwFZirSMEEn1gtBdrhW4zLeveeV1,AALIEN,CLOSED,,2026-04-30 16:34:00 UTC,,0.0004049051191000393,,,0.185696,,,,,,S4_强确认信号,,,,WALLET_BLOCK,48.0,100.0,100.0,,,,,,,,,,,,,,,,,,,,-0.7834,钱包结构触发纸面强制退出,100.0,4.1728307712e-05,"[{'触发收益率': 50, '卖出比例': 25, '说明': '+50% 卖出 25%，回收部分风险'}, {'触发收益率': 100, '卖出比例': 25, '说明': '+100% 再卖出 25%'}, {'触发收益率': 200, '卖出比例': 25, '说明': '+200% 再卖出 25%，剩余跟踪'}]",[],0.0004049051191000393,0.0004049051191000393,0.0004049051191000393,2026-05-03T09:06:32Z,SIKK-B 控盘箱体突破回踩,READY_FOR_CONFIRMATION,钱包结构触发纸面退出；不执行真实 swap。,0.0,0.0,0,0.0,2026-05-03T09:17:00Z,0.0004017332354351506,FORCE_PAPER_EXIT,STRUCTURE_WEAKENING,钱包结构状态变为 WALLET_BLOCK，纸面阶段直接模拟退出,1.0,"发现分发侧钱包 16 个；对手盘压力高，接盘/套牢筹码占比偏高；缺失字段：wallet_address, role, game_side, evidence_level；筹码控制状态机：CONTROL_BREAK_OR_DISTRIBUTION；筹码控制状态机：WALLET_BLOCK；筹码控制状态机：DISTRIBUTION_ACTIVE",E4,live,4.8220098e-05,0.0004049051191000393,739.702,0.0,739.702,"{'buy_slippage_pct': 3.0, 'sell_slippage_pct': 3.0, 'dex_fee_pct': 0.25, 'quote_deviation_buffer_pct': 1.0, 'priority_fee_sol': 0.0005, 'failed_tx_cost_sol': 0.0002}",7.25,,,,,,,,,,,,
paper-7soYuSPe1LaJ9V37W7ZGDB5Xwxi41LUWjRT3AEQGpump-2026-05-03T09:06:32Z,,,7soYuSPe1LaJ9V37W7ZGDB5Xwxi41LUWjRT3AEQGpump,WOLVERINE,CLOSED,,2026-04-28 16:24:00 UTC,,0.0001444692968918633,,,0.177725,,,,,,S4_强确认信号,,,,WALLET_BLOCK,32.0,100.0,100.0,,,,,,,,,,,,,,,,,,,,-7.6928,钱包结构触发纸面强制退出,100.0,5.9818622084000004e-05,"[{'触发收益率': 50, '卖出比例': 25, '说明': '+50% 卖出 25%，回收部分风险'}, {'触发收益率': 100, '卖出比例': 25, '说明': '+100% 再卖出 25%'}, {'触发收益率': 200, '卖出比例': 25, '说明': '+200% 再卖出 25%，剩余跟踪'}]",[],0.0001444692968918633,0.0001444692968918633,0.0001444692968918633,2026-05-03T09:06:32Z,SIKK-B 控盘箱体突破回踩,READY_FOR_CONFIRMATION,钱包结构触发纸面退出；不执行真实 swap。,0.0,0.0,0,0.0,2026-05-03T09:17:00Z,0.0001333555016401,FORCE_PAPER_EXIT,STRUCTURE_WEAKENING,钱包结构状态变为 WALLET_BLOCK，纸面阶段直接模拟退出,1.0,"发现分发侧钱包 12 个；对手盘压力高，接盘/套牢筹码占比偏高；缺失字段：wallet_address, role, game_side, evidence_level；筹码控制状态机：CONTROL_BREAK_OR_DISTRIBUTION；筹码控制状态机：WALLET_BLOCK；筹码控制状态机：DISTRIBUTION_ACTIVE",E4,live,6.9610509e-05,0.0001444692968918633,107.5395,0.0,107.5395,"{'buy_slippage_pct': 3.0, 'sell_slippage_pct': 3.0, 'dex_fee_pct': 0.25, 'quote_deviation_buffer_pct': 1.0, 'priority_fee_sol': 0.0005, 'failed_tx_cost_sol': 0.0002}",7.25,,,,,,,,,,,,
paper-ARea51UmRfn22Ds7KwFZirSMEEn1gtBdrhW4zLeveeV1-2026-05-03T09:17:00Z,,,ARea51UmRfn22Ds7KwFZirSMEEn1gtBdrhW4zLeveeV1,AALIEN,CLOSED,,2026-04-30 16:34:00 UTC,,0.0004017332354351506,,,0.185696,,,,,,S4_强确认信号,,,,WALLET_BLOCK,48.0,100.0,100.0,,,,,,,,,,,,,,,,,,,,7.9411,钱包结构触发纸面强制退出,100.0,4.1728307712e-05,"[{'触发收益率': 50, '卖出比例': 25, '说明': '+50% 卖出 25%，回收部分风险'}, {'触发收益率': 100, '卖出比例': 25, '说明': '+100% 再卖出 25%'}, {'触发收益率': 200, '卖出比例': 25, '说明': '+200% 再卖出 25%，剩余跟踪'}]",[],0.0004017332354351506,0.0004017332354351506,0.0004017332354351506,2026-05-03T09:17:00Z,SIKK-B 控盘箱体突破回踩,READY_FOR_CONFIRMATION,钱包结构触发纸面退出；不执行真实 swap。,0.0,0.0,0,0.0,2026-05-03T09:27:28Z,0.0004336353632715129,FORCE_PAPER_EXIT,STRUCTURE_WEAKENING,钱包结构状态变为 WALLET_BLOCK，纸面阶段直接模拟退出,1.0,"发现分发侧钱包 16 个；对手盘压力高，接盘/套牢筹码占比偏高；缺失字段：wallet_address, role, game_side, evidence_level；筹码控制状态机：CONTROL_BREAK_OR_DISTRIBUTION；筹码控制状态机：WALLET_BLOCK；筹码控制状态机：DISTRIBUTION_ACTIVE",E4,live,4.8220098e-05,0.0004017332354351506,733.1241,0.0,733.1241,"{'buy_slippage_pct': 3.0, 'sell_slippage_pct': 3.0, 'dex_fee_pct': 0.25, 'quote_deviation_buffer_pct': 1.0, 'priority_fee_sol': 0.0005, 'failed_tx_cost_sol': 0.0002}",7.25,,,,,,,,,,,,
paper-6Xipib7UavxaXvWDhepFpU4NzypozVBPvNNjxTdXpump-2026-05-03T09:17:00Z,,,6Xipib7UavxaXvWDhepFpU4NzypozVBPvNNjxTdXpump,MILF,CLOSED,,2026-04-29 18:55:00 UTC,,5.046689397722156e-05,,,0.142401,,,,,,S4_强确认信号,,,,WALLET_BLOCK,0.0,100.0,100.0,,,,,,,,,,,,,,,,,,,,-2.2362,钱包结构触发纸面强制退出,100.0,2.6264953804000002e-05,"[{'触发收益率': 50, '卖出比例': 25, '说明': '+50% 卖出 25%，回收部分风险'}, {'触发收益率': 100, '卖出比例': 25, '说明': '+100% 再卖出 25%'}, {'触发收益率': 200, '卖出比例': 25, '说明': '+200% 再卖出 25%，剩余跟踪'}]",[],5.046689397722156e-05,5.046689397722156e-05,5.046689397722156e-05,2026-05-03T09:17:00Z,SIKK-B 控盘箱体突破回踩,READY_FOR_CONFIRMATION,钱包结构触发纸面退出；不执行真实 swap。,0.0,0.0,0,0.0,2026-05-03T09:27:28Z,4.933837792130375e-05,FORCE_PAPER_EXIT,STRUCTURE_WEAKENING,钱包结构状态变为 WALLET_BLOCK，纸面阶段直接模拟退出,1.0,"发现分发侧钱包 5 个；对手盘压力高，接盘/套牢筹码占比偏高；缺失字段：wallet_address, role, game_side, evidence_level；筹码控制状态机：CONTROL_BREAK_OR_DISTRIBUTION；筹码控制状态机：WALLET_BLOCK；筹码控制状态机：DISTRIBUTION_ACTIVE",E4,live,3.1857951e-05,5.046689397722156e-05,58.4122,0.0,58.4122,"{'buy_slippage_pct': 3.0, 'sell_slippage_pct': 3.0, 'dex_fee_pct': 0.25, 'quote_deviation_buffer_pct': 1.0, 'priority_fee_sol': 0.0005, 'failed_tx_cost_sol': 0.0002}",7.25,,,,,,,,,,,,
paper-ARea51UmRfn22Ds7KwFZirSMEEn1gtBdrhW4zLeveeV1-2026-05-03T09:27:28Z,,,ARea51UmRfn22Ds7KwFZirSMEEn1gtBdrhW4zLeveeV1,AALIEN,CLOSED,,2026-04-30 16:34:00 UTC,,0.0004336353632715129,,,0.185696,,,,,,S4_强确认信号,,,,WALLET_BLOCK,48.0,100.0,100.0,,,,,,,,,,,,,,,,,,,,-5.9598,钱包结构触发纸面强制退出,100.0,4.1728307712e-05,"[{'触发收益率': 50, '卖出比例': 25, '说明': '+50% 卖出 25%，回收部分风险'}, {'触发收益率': 100, '卖出比例': 25, '说明': '+100% 再卖出 25%'}, {'触发收益率': 200, '卖出比例': 25, '说明': '+200% 再卖出 25%，剩余跟踪'}]",[],0.0004336353632715129,0.0004336353632715129,0.0004336353632715129,2026-05-03T09:27:28Z,SIKK-B 控盘箱体突破回踩,READY_FOR_CONFIRMATION,钱包结构触发纸面退出；不执行真实 swap。,0.0,0.0,0,0.0,2026-05-03T09:38:03Z,0.00040779139944054543,FORCE_PAPER_EXIT,STRUCTURE_WEAKENING,钱包结构状态变为 WALLET_BLOCK，纸面阶段直接模拟退出,1.0,"发现分发侧钱包 16 个；对手盘压力高，接盘/套牢筹码占比偏高；缺失字段：wallet_address, role, game_side, evidence_level；筹码控制状态机：CONTROL_BREAK_OR_DISTRIBUTION；筹码控制状态机：WALLET_BLOCK；筹码控制状态机：DISTRIBUTION_ACTIVE",E4,live,4.8220098e-05,0.0004336353632715129,799.2835,0.0,799.2835,"{'buy_slippage_pct': 3.0, 'sell_slippage_pct': 3.0, 'dex_fee_pct': 0.25, 'quote_deviation_buffer_pct': 1.0, 'priority_fee_sol': 0.0005, 'failed_tx_cost_sol': 0.0002}",7.25,,,,,,,,,,,,
paper-7soYuSPe1LaJ9V37W7ZGDB5Xwxi41LUWjRT3AEQGpump-2026-05-03T09:27:28Z,,,7soYuSPe1LaJ9V37W7ZGDB5Xwxi41LUWjRT3AEQGpump,WOLVERINE,CLOSED,,2026-04-28 16:24:00 UTC,,0.00016578039657502464,,,0.177725,,,,,,S4_强确认信号,,,,WALLET_BLOCK,32.0,100.0,100.0,,,,,,,,,,,,,,,,,,,,0.5146,钱包结构触发纸面强制退出,100.0,5.9818622084000004e-05,"[{'触发收益率': 50, '卖出比例': 25, '说明': '+50% 卖出 25%，回收部分风险'}, {'触发收益率': 100, '卖出比例': 25, '说明': '+100% 再卖出 25%'}, {'触发收益率': 200, '卖出比例': 25, '说明': '+200% 再卖出 25%，剩余跟踪'}]",[],0.00016578039657502464,0.00016578039657502464,0.00016578039657502464,2026-05-03T09:27:28Z,SIKK-B 控盘箱体突破回踩,READY_FOR_CONFIRMATION,钱包结构触发纸面退出；不执行真实 swap。,0.0,0.0,0,0.0,2026-05-03T09:38:03Z,0.00016663358506232637,FORCE_PAPER_EXIT,STRUCTURE_WEAKENING,钱包结构状态变为 WALLET_BLOCK，纸面阶段直接模拟退出,1.0,"发现分发侧钱包 12 个；对手盘压力高，接盘/套牢筹码占比偏高；缺失字段：wallet_address, role, game_side, evidence_level；筹码控制状态机：CONTROL_BREAK_OR_DISTRIBUTION；筹码控制状态机：WALLET_BLOCK；筹码控制状态机：DISTRIBUTION_ACTIVE",E4,live,6.9610509e-05,0.00016578039657502464,138.1543,0.0,138.1543,"{'buy_slippage_pct': 3.0, 'sell_slippage_pct': 3.0, 'dex_fee_pct': 0.25, 'quote_deviation_buffer_pct': 1.0, 'priority_fee_sol': 0.0005, 'failed_tx_cost_sol': 0.0002}",7.25,,,,,,,,,,,,
paper-ARea51UmRfn22Ds7KwFZirSMEEn1gtBdrhW4zLeveeV1-2026-05-03T09:38:03Z,,,ARea51UmRfn22Ds7KwFZirSMEEn1gtBdrhW4zLeveeV1,AALIEN,CLOSED,,2026-04-30 16:34:00 UTC,,0.00040779139944054543,,,0.185696,,,,,,S4_强确认信号,,,,WALLET_BLOCK,48.0,100.0,100.0,,,,,,,,,,,,,,,,,,,,-0.3379,钱包结构触发纸面强制退出,100.0,4.1728307712e-05,"[{'触发收益率': 50, '卖出比例': 25, '说明': '+50% 卖出 25%，回收部分风险'}, {'触发收益率': 100, '卖出比例': 25, '说明': '+100% 再卖出 25%'}, {'触发收益率': 200, '卖出比例': 25, '说明': '+200% 再卖出 25%，剩余跟踪'}]",[],0.00040779139944054543,0.00040779139944054543,0.00040779139944054543,2026-05-03T09:38:03Z,SIKK-B 控盘箱体突破回踩,READY_FOR_CONFIRMATION,钱包结构触发纸面退出；不执行真实 swap。,0.0,0.0,0,0.0,2026-05-03T09:48:25Z,0.0004064133525575933,FORCE_PAPER_EXIT,STRUCTURE_WEAKENING,钱包结构状态变为 WALLET_BLOCK，纸面阶段直接模拟退出,1.0,"发现分发侧钱包 16 个；对手盘压力高，接盘/套牢筹码占比偏高；缺失字段：wallet_address, role, game_side, evidence_level；筹码控制状态机：CONTROL_BREAK_OR_DISTRIBUTION；筹码控制状态机：WALLET_BLOCK；筹码控制状态机：DISTRIBUTION_ACTIVE",E4,live,4.8220098e-05,0.00040779139944054543,745.6876,0.0,745.6876,"{'buy_slippage_pct': 3.0, 'sell_slippage_pct': 3.0, 'dex_fee_pct': 0.25, 'quote_deviation_buffer_pct': 1.0, 'priority_fee_sol': 0.0005, 'failed_tx_cost_sol': 0.0002}",7.25,,,,,,,,,,,,
paper-7soYuSPe1LaJ9V37W7ZGDB5Xwxi41LUWjRT3AEQGpump-2026-05-03T09:38:03Z,,,7soYuSPe1LaJ9V37W7ZGDB5Xwxi41LUWjRT3AEQGpump,WOLVERINE,CLOSED,,2026-04-28 16:24:00 UTC,,0.00016663358506232637,,,0.177725,,,,,,S4_强确认信号,,,,WALLET_BLOCK,32.0,100.0,100.0,,,,,,,,,,,,,,,,,,,,-5.9951,钱包结构触发纸面强制退出,100.0,5.9818622084000004e-05,"[{'触发收益率': 50, '卖出比例': 25, '说明': '+50% 卖出 25%，回收部分风险'}, {'触发收益率': 100, '卖出比例': 25, '说明': '+100% 再卖出 25%'}, {'触发收益率': 200, '卖出比例': 25, '说明': '+200% 再卖出 25%，剩余跟踪'}]",[],0.00016663358506232637,0.00016663358506232637,0.00016663358506232637,2026-05-03T09:38:03Z,SIKK-B 控盘箱体突破回踩,READY_FOR_CONFIRMATION,钱包结构触发纸面退出；不执行真实 swap。,0.0,0.0,0,0.0,2026-05-03T09:48:25Z,0.0001566437254159159,FORCE_PAPER_EXIT,STRUCTURE_WEAKENING,钱包结构状态变为 WALLET_BLOCK，纸面阶段直接模拟退出,1.0,"发现分发侧钱包 12 个；对手盘压力高，接盘/套牢筹码占比偏高；缺失字段：wallet_address, role, game_side, evidence_level；筹码控制状态机：CONTROL_BREAK_OR_DISTRIBUTION；筹码控制状态机：WALLET_BLOCK；筹码控制状态机：DISTRIBUTION_ACTIVE",E4,live,6.9610509e-05,0.00016663358506232637,139.3799,0.0,139.3799,"{'buy_slippage_pct': 3.0, 'sell_slippage_pct': 3.0, 'dex_fee_pct': 0.25, 'quote_deviation_buffer_pct': 1.0, 'priority_fee_sol': 0.0005, 'failed_tx_cost_sol': 0.0002}",7.25,,,,,,,,,,,,
paper-3pCyU31quPpsVYaC5TxtXpe6sR1KXSLzk5TkZgXGpump-2026-05-03T09:38:03Z,,,3pCyU31quPpsVYaC5TxtXpe6sR1KXSLzk5TkZgXGpump,GOP,CLOSED,,2026-04-28 03:41:00 UTC,,0.000511118943001628,,,0.040857,,,,,,S4_强确认信号,,,,WALLET_BLOCK,0.0,100.0,0.0,,,,,,,,,,,,,,,,,,,,-1.729,钱包结构触发纸面强制退出,100.0,4.3020797384e-05,"[{'触发收益率': 50, '卖出比例': 25, '说明': '+50% 卖出 25%，回收部分风险'}, {'触发收益率': 100, '卖出比例': 25, '说明': '+100% 再卖出 25%'}, {'触发收益率': 200, '卖出比例': 25, '说明': '+200% 再卖出 25%，剩余跟踪'}]",[],0.000511118943001628,0.000511118943001628,0.000511118943001628,2026-05-03T09:38:03Z,SIKK-B 控盘箱体突破回踩,READY_FOR_CONFIRMATION,钱包结构触发纸面退出；不执行真实 swap。,0.0,0.0,0,0.0,2026-05-03T09:48:25Z,0.0005022819406748282,FORCE_PAPER_EXIT,STRUCTURE_WEAKENING,钱包结构状态变为 WALLET_BLOCK，纸面阶段直接模拟退出,1.0,"发现分发侧钱包 53 个；缺失字段：wallet_address, role, game_side, evidence_level；筹码控制状态机：CONTROL_BREAK_OR_DISTRIBUTION；筹码控制状态机：WALLET_BLOCK；筹码控制状态机：DISTRIBUTION_ACTIVE",E4,live,0.00011084533,0.000511118943001628,361.11,0.0,361.11,"{'buy_slippage_pct': 3.0, 'sell_slippage_pct': 3.0, 'dex_fee_pct': 0.25, 'quote_deviation_buffer_pct': 1.0, 'priority_fee_sol': 0.0005, 'failed_tx_cost_sol': 0.0002}",7.25,,,,,,,,,,,,
paper-ARea51UmRfn22Ds7KwFZirSMEEn1gtBdrhW4zLeveeV1-2026-05-03T09:48:25Z,,,ARea51UmRfn22Ds7KwFZirSMEEn1gtBdrhW4zLeveeV1,AALIEN,CLOSED,,2026-04-30 16:34:00 UTC,,0.0004064133525575933,,,0.185696,,,,,,S4_强确认信号,,,,WALLET_BLOCK,48.0,100.0,100.0,,,,,,,,,,,,,,,,,,,,0.3685,钱包结构触发纸面强制退出,100.0,4.1728307712e-05,"[{'触发收益率': 50, '卖出比例': 25, '说明': '+50% 卖出 25%，回收部分风险'}, {'触发收益率': 100, '卖出比例': 25, '说明': '+100% 再卖出 25%'}, {'触发收益率': 200, '卖出比例': 25, '说明': '+200% 再卖出 25%，剩余跟踪'}]",[],0.0004064133525575933,0.0004064133525575933,0.0004064133525575933,2026-05-03T09:48:25Z,SIKK-B 控盘箱体突破回踩,READY_FOR_CONFIRMATION,钱包结构触发纸面退出；不执行真实 swap。,0.0,0.0,0,0.0,2026-05-03T09:58:54Z,0.00040791105173227363,FORCE_PAPER_EXIT,STRUCTURE_WEAKENING,钱包结构状态变为 WALLET_BLOCK，纸面阶段直接模拟退出,1.0,"发现分发侧钱包 16 个；对手盘压力高，接盘/套牢筹码占比偏高；缺失字段：wallet_address, role, game_side, evidence_level；筹码控制状态机：CONTROL_BREAK_OR_DISTRIBUTION；筹码控制状态机：WALLET_BLOCK；筹码控制状态机：DISTRIBUTION_ACTIVE",E4,live,4.8220098e-05,0.0004064133525575933,742.8298,0.0,742.8298,"{'buy_slippage_pct': 3.0, 'sell_slippage_pct': 3.0, 'dex_fee_pct': 0.25, 'quote_deviation_buffer_pct': 1.0, 'priority_fee_sol': 0.0005, 'failed_tx_cost_sol': 0.0002}",7.25,,,,,,,,,,,,
paper-ARea51UmRfn22Ds7KwFZirSMEEn1gtBdrhW4zLeveeV1-2026-05-03T09:58:54Z,,,ARea51UmRfn22Ds7KwFZirSMEEn1gtBdrhW4zLeveeV1,AALIEN,CLOSED,,2026-04-30 16:34:00 UTC,,0.00040791105173227363,,,0.185696,,,,,,S4_强确认信号,,,,WALLET_BLOCK,48.0,100.0,100.0,,,,,,,,,,,,,,,,,,,,-1.6631,钱包结构触发纸面强制退出,100.0,4.1728307712e-05,"[{'触发收益率': 50, '卖出比例': 25, '说明': '+50% 卖出 25%，回收部分风险'}, {'触发收益率': 100, '卖出比例': 25, '说明': '+100% 再卖出 25%'}, {'触发收益率': 200, '卖出比例': 25, '说明': '+200% 再卖出 25%，剩余跟踪'}]",[],0.00040791105173227363,0.00040791105173227363,0.00040791105173227363,2026-05-03T09:58:54Z,SIKK-B 控盘箱体突破回踩,READY_FOR_CONFIRMATION,钱包结构触发纸面退出；不执行真实 swap。,0.0,0.0,0,0.0,2026-05-03T10:09:28Z,0.0004011271558621601,FORCE_PAPER_EXIT,STRUCTURE_WEAKENING,钱包结构状态变为 WALLET_BLOCK，纸面阶段直接模拟退出,1.0,"发现分发侧钱包 16 个；对手盘压力高，接盘/套牢筹码占比偏高；缺失字段：wallet_address, role, game_side, evidence_level；筹码控制状态机：CONTROL_BREAK_OR_DISTRIBUTION；筹码控制状态机：WALLET_BLOCK；筹码控制状态机：DISTRIBUTION_ACTIVE",E4,live,4.8220098e-05,0.00040791105173227363,745.9358,0.0,745.9358,"{'buy_slippage_pct': 3.0, 'sell_slippage_pct': 3.0, 'dex_fee_pct': 0.25, 'quote_deviation_buffer_pct': 1.0, 'priority_fee_sol': 0.0005, 'failed_tx_cost_sol': 0.0002}",7.25,,,,,,,,,,,,
paper-6Xipib7UavxaXvWDhepFpU4NzypozVBPvNNjxTdXpump-2026-05-03T09:58:54Z,,,6Xipib7UavxaXvWDhepFpU4NzypozVBPvNNjxTdXpump,MILF,CLOSED,,2026-04-29 18:55:00 UTC,,5.091932815547897e-05,,,0.142401,,,,,,S4_强确认信号,,,,WALLET_BLOCK,0.0,100.0,100.0,,,,,,,,,,,,,,,,,,,,-1.9538,钱包结构触发纸面强制退出,100.0,2.6264953804000002e-05,"[{'触发收益率': 50, '卖出比例': 25, '说明': '+50% 卖出 25%，回收部分风险'}, {'触发收益率': 100, '卖出比例': 25, '说明': '+100% 再卖出 25%'}, {'触发收益率': 200, '卖出比例': 25, '说明': '+200% 再卖出 25%，剩余跟踪'}]",[],5.091932815547897e-05,5.091932815547897e-05,5.091932815547897e-05,2026-05-03T09:58:54Z,SIKK-B 控盘箱体突破回踩,READY_FOR_CONFIRMATION,钱包结构触发纸面退出；不执行真实 swap。,0.0,0.0,0,0.0,2026-05-03T10:09:28Z,4.9924482175758005e-05,FORCE_PAPER_EXIT,STRUCTURE_WEAKENING,钱包结构状态变为 WALLET_BLOCK，纸面阶段直接模拟退出,1.0,"发现分发侧钱包 5 个；对手盘压力高，接盘/套牢筹码占比偏高；缺失字段：wallet_address, role, game_side, evidence_level；筹码控制状态机：CONTROL_BREAK_OR_DISTRIBUTION；筹码控制状态机：WALLET_BLOCK；筹码控制状态机：DISTRIBUTION_ACTIVE",E4,live,3.1857951e-05,5.091932815547897e-05,59.8324,0.0,59.8324,"{'buy_slippage_pct': 3.0, 'sell_slippage_pct': 3.0, 'dex_fee_pct': 0.25, 'quote_deviation_buffer_pct': 1.0, 'priority_fee_sol': 0.0005, 'failed_tx_cost_sol': 0.0002}",7.25,,,,,,,,,,,,
paper-3pCyU31quPpsVYaC5TxtXpe6sR1KXSLzk5TkZgXGpump-2026-05-03T09:58:54Z,,,3pCyU31quPpsVYaC5TxtXpe6sR1KXSLzk5TkZgXGpump,GOP,CLOSED,,2026-04-28 03:41:00 UTC,,0.0005057348407797846,,,0.040857,,,,,,S4_强确认信号,,,,WALLET_BLOCK,0.0,100.0,0.0,,,,,,,,,,,,,,,,,,,,2.634,钱包结构触发纸面强制退出,100.0,4.3020797384e-05,"[{'触发收益率': 50, '卖出比例': 25, '说明': '+50% 卖出 25%，回收部分风险'}, {'触发收益率': 100, '卖出比例': 25, '说明': '+100% 再卖出 25%'}, {'触发收益率': 200, '卖出比例': 25, '说明': '+200% 再卖出 25%，剩余跟踪'}]",[],0.0005057348407797846,0.0005057348407797846,0.0005057348407797846,2026-05-03T09:58:54Z,SIKK-B 控盘箱体突破回踩,READY_FOR_CONFIRMATION,钱包结构触发纸面退出；不执行真实 swap。,0.0,0.0,0,0.0,2026-05-03T10:09:28Z,0.0005190559686536042,FORCE_PAPER_EXIT,STRUCTURE_WEAKENING,钱包结构状态变为 WALLET_BLOCK，纸面阶段直接模拟退出,1.0,"发现分发侧钱包 53 个；缺失字段：wallet_address, role, game_side, evidence_level；筹码控制状态机：CONTROL_BREAK_OR_DISTRIBUTION；筹码控制状态机：WALLET_BLOCK；筹码控制状态机：DISTRIBUTION_ACTIVE",E4,live,0.00011084533,0.0005057348407797846,356.2527,0.0,356.2527,"{'buy_slippage_pct': 3.0, 'sell_slippage_pct': 3.0, 'dex_fee_pct': 0.25, 'quote_deviation_buffer_pct': 1.0, 'priority_fee_sol': 0.0005, 'failed_tx_cost_sol': 0.0002}",7.25,,,,,,,,,,,,
paper-Hx2CNHde124aDvhyviusCAkp9nnEYEwfefghHRqgpump-2026-05-03T11:14:23Z,Hx2CNHde124aDvhyviusCAkp9nnEYEwfefghHRqgpump,Gigadowns,Hx2CNHde124aDvhyviusCAkp9nnEYEwfefghHRqgpump,Gigadowns,CLOSED,2026-05-03T11:14:23Z,2026-05-03 10:26:00 UTC,5.358195271868577e-05,5.358195271868577e-05,okx_market_price,0.071587,0.071587,0.0,1336.02820293,,,2026-05-03 10:26:00 UTC,S4_强确认信号,SIKK-B 控盘箱体突破回踩,,2026-05-03T11:14:23Z,WALLET_BLOCK,0.0,100.0,100.0,100.0,,,,,,,,UNKNOWN_ENTRY,,,,,,,,,,,-91.1099,命中纸面止损,100.0,4.2251477892e-05,"[{'触发收益率': 50, '卖出比例': 25, '说明': '+50% 卖出 25%，回收部分风险'}, {'触发收益率': 100, '卖出比例': 25, '说明': '+100% 再卖出 25%'}, {'触发收益率': 200, '卖出比例': 25, '说明': '+200% 再卖出 25%，剩余跟踪'}]",[],5.358195271868577e-05,4.763464041332018e-06,4.763464041332018e-06,2026-05-04T01:23:21Z,SIKK-B 控盘箱体突破回踩,READY_FOR_CONFIRMATION,纸面持仓，不执行真实 swap。,0.0,-91.1099,0,-17.8866,2026-05-04T01:23:21Z,4.763464041332018e-06,EXIT_MONITOR,,,1.0,"发现分发侧钱包 4 个；对手盘压力高，接盘/套牢筹码占比偏高；缺失字段：wallet_address, role, game_side, evidence_level；筹码控制状态机：CONTROL_BREAK_OR_DISTRIBUTION；筹码控制状态机：WALLET_BLOCK；筹码控制状态机：DISTRIBUTION_ACTIVE",E4,live,6.4925116e-05,5.358195271868577e-05,-92.6631,-91.1099,-17.4711,"{'buy_slippage_pct': 3.0, 'sell_slippage_pct': 3.0, 'dex_fee_pct': 0.25, 'quote_deviation_buffer_pct': 1.0, 'priority_fee_sol': 0.0005, 'failed_tx_cost_sol': 0.0002}",7.25,钱包结构出现风险，但 多轮 delta 未确认；盘型冲突未确认；市场确认不足，默认 EXIT_MONITOR,5.358195271868577e-05,5.358195271868577e-05,3.0,0.0005,,,gmgn_new_token_filter,6.4925116e-05,,,"{'candidate': {'candidate_discovered_at': '', 'discovery_price': None, 'discovery_market_cap_usd': None, 'discovery_liquidity_usd': None, 'discovery_holder_count': None, 'discovery_source': 'gmgn_new_token_filter'}, 'signal': {'signal_time': '2026-05-03 10:26:00 UTC', 'signal_level': 'S4_强确认信号', 'signal_type': 'SIKK-B 控盘箱体突破回踩', 'signal_price': 6.4925116e-05, 'signal_market_cap_usd': None}, 'wallet': {'wallet_decision_time': '2026-05-03T11:14:23Z', 'wallet_structure_status': 'WALLET_BLOCK', 'wallet_structure_score': 0.0, 'wallet_risk_score': 100.0, 'counterparty_pressure_score': 100.0, 'data_quality_score': 100.0, 'wallet_decision_market_cap_usd': None, 'wallet_reason': '发现分发侧钱包 4 个；对手盘压力高，接盘/套牢筹码占比偏高；缺失字段：wallet_address, role, game_side, evidence_level；筹码控制状态机：CONTROL_BREAK_OR_DISTRIBUTION；筹码控制状态机：WALLET_BLOCK；筹码控制状态机：DISTRIBUTION_ACTIVE'}, 'entry': {'paper_entry_time': '2026-05-03T11:14:23Z', 'entry_price_mode': 'live', 'entry_quote_source': 'okx_market_price', 'entry_raw_quote_price': 5.358195271868577e-05, 'entry_simulated_price': 5.358195271868577e-05, 'entry_slippage_pct': 3.0, 'entry_fee_sol': 0.0005, 'entry_market_cap_usd': None, 'entry_liquidity_usd': None, 'entry_holder_count': None, 'paper_size_sol': 0.071587, 'paper_size_usd': 0.0, 'estimated_token_amount': 1336.02820293}}"
paper-keuQ3hSLMYsZBhnUzxB7eGKQwpzuVwy4wRCoccKpump-2026-05-04T01:23:21Z,keuQ3hSLMYsZBhnUzxB7eGKQwpzuVwy4wRCoccKpump,RCF,keuQ3hSLMYsZBhnUzxB7eGKQwpzuVwy4wRCoccKpump,RCF,CLOSED,2026-05-04T01:23:21Z,2026-05-04 01:08:00 UTC,0.0002176963591350584,0.0002176963591350584,okx_market_price,0.061629,0.061629,0.0,283.09614476,,,2026-05-04 01:08:00 UTC,S4_强确认信号,SIKK-B 控盘箱体突破回踩,,2026-05-04T01:23:21Z,WALLET_BLOCK,16.0,100.0,100.0,100.0,,,,,,,,UNKNOWN_ENTRY,,,,,,,,,,,-99.1427,命中纸面止损,100.0,0.000186967052152,"[{'触发收益率': 50, '卖出比例': 25, '说明': '+50% 卖出 25%，回收部分风险'}, {'触发收益率': 100, '卖出比例': 25, '说明': '+100% 再卖出 25%'}, {'触发收益率': 200, '卖出比例': 25, '说明': '+200% 再卖出 25%，剩余跟踪'}]",[],0.0002176963591350584,1.8662663052449512e-06,1.8662663052449512e-06,2026-05-04T03:43:35Z,SIKK-B 控盘箱体突破回踩,READY_FOR_CONFIRMATION,纸面持仓，不执行真实 swap。,0.0,-99.1427,0,0.0,2026-05-04T03:43:35Z,1.8662663052449512e-06,EXIT_MONITOR,,,1.0,"对手盘压力高，接盘/套牢筹码占比偏高；缺失字段：wallet_address, role, game_side, evidence_level；筹码控制状态机：CONTROL_MIGRATING_TO_COUNTERPARTY；筹码控制状态机：COUNTERPARTY_PRESSURE_HIGH",R2,live,0.00031457552,0.0002176963591350584,-99.4067,-99.1427,-30.7968,"{'buy_slippage_pct': 3.0, 'sell_slippage_pct': 3.0, 'dex_fee_pct': 0.25, 'quote_deviation_buffer_pct': 1.0, 'priority_fee_sol': 0.0005, 'failed_tx_cost_sol': 0.0002}",7.25,钱包结构出现风险，但 多轮 delta 未确认；盘型冲突未确认；市场确认不足，默认 EXIT_MONITOR,0.0002176963591350584,0.0002176963591350584,3.0,0.0005,,,gmgn_new_token_filter,0.00031457552,,,"{'candidate': {'candidate_discovered_at': '', 'discovery_price': None, 'discovery_market_cap_usd': None, 'discovery_liquidity_usd': None, 'discovery_holder_count': None, 'discovery_source': 'gmgn_new_token_filter'}, 'signal': {'signal_time': '2026-05-04 01:08:00 UTC', 'signal_level': 'S4_强确认信号', 'signal_type': 'SIKK-B 控盘箱体突破回踩', 'signal_price': 0.00031457552, 'signal_market_cap_usd': None}, 'wallet': {'wallet_decision_time': '2026-05-04T01:23:21Z', 'wallet_structure_status': 'WALLET_BLOCK', 'wallet_structure_score': 16.0, 'wallet_risk_score': 100.0, 'counterparty_pressure_score': 100.0, 'data_quality_score': 100.0, 'wallet_decision_market_cap_usd': None, 'wallet_reason': '对手盘压力高，接盘/套牢筹码占比偏高；缺失字段：wallet_address, role, game_side, evidence_level；筹码控制状态机：CONTROL_MIGRATING_TO_COUNTERPARTY；筹码控制状态机：COUNTERPARTY_PRESSURE_HIGH'}, 'entry': {'paper_entry_time': '2026-05-04T01:23:21Z', 'entry_price_mode': 'live', 'entry_quote_source': 'okx_market_price', 'entry_raw_quote_price': 0.0002176963591350584, 'entry_simulated_price': 0.0002176963591350584, 'entry_slippage_pct': 3.0, 'entry_fee_sol': 0.0005, 'entry_market_cap_usd': None, 'entry_liquidity_usd': None, 'entry_holder_count': None, 'paper_size_sol': 0.061629, 'paper_size_usd': 0.0, 'estimated_token_amount': 283.09614476}}"
paper-GtWeBeErLkeZCRSVFZHeukcghQKbJoz3w22j2nnYpump-2026-05-04T01:23:21Z,GtWeBeErLkeZCRSVFZHeukcghQKbJoz3w22j2nnYpump,Trolljak,GtWeBeErLkeZCRSVFZHeukcghQKbJoz3w22j2nnYpump,Trolljak,CLOSED,2026-05-04T01:23:21Z,2026-05-04 00:36:00 UTC,0.0001129451696252263,0.0001129451696252263,okx_market_price,0.2,0.2,0.0,1770.77072586,,,2026-05-04 00:36:00 UTC,S4_强确认信号,SIKK-B 控盘箱体突破回踩,,2026-05-04T01:23:21Z,WALLET_BLOCK,0.0,100.0,100.0,100.0,,,,,,,,UNKNOWN_ENTRY,,,,,,,,,,,-98.1656,命中纸面止损,100.0,0.000108315256608,"[{'触发收益率': 50, '卖出比例': 25, '说明': '+50% 卖出 25%，回收部分风险'}, {'触发收益率': 100, '卖出比例': 25, '说明': '+100% 再卖出 25%'}, {'触发收益率': 200, '卖出比例': 25, '说明': '+200% 再卖出 25%，剩余跟踪'}]",[],0.0001129451696252263,2.071857414310311e-06,2.071857414310311e-06,2026-05-04T03:43:35Z,SIKK-B 控盘箱体突破回踩,READY_FOR_CONFIRMATION,纸面持仓，不执行真实 swap。,0.0,-98.1656,0,0.0,2026-05-04T03:43:35Z,2.071857414310311e-06,EXIT_MONITOR,,,1.0,"对手盘压力高，接盘/套牢筹码占比偏高；缺失字段：wallet_address, role, game_side, evidence_level；筹码控制状态机：CONTROL_MIGRATING_TO_COUNTERPARTY；筹码控制状态机：COUNTERPARTY_PRESSURE_HIGH",E3,live,0.00012291802,0.0001129451696252263,-98.3144,-98.1656,-8.1134,"{'buy_slippage_pct': 3.0, 'sell_slippage_pct': 3.0, 'dex_fee_pct': 0.25, 'quote_deviation_buffer_pct': 1.0, 'priority_fee_sol': 0.0005, 'failed_tx_cost_sol': 0.0002}",7.25,钱包结构出现风险，但 多轮 delta 未确认；盘型冲突未确认；市场确认不足，默认 EXIT_MONITOR,0.0001129451696252263,0.0001129451696252263,3.0,0.0005,,,gmgn_new_token_filter,0.00012291802,,,"{'candidate': {'candidate_discovered_at': '', 'discovery_price': None, 'discovery_market_cap_usd': None, 'discovery_liquidity_usd': None, 'discovery_holder_count': None, 'discovery_source': 'gmgn_new_token_filter'}, 'signal': {'signal_time': '2026-05-04 00:36:00 UTC', 'signal_level': 'S4_强确认信号', 'signal_type': 'SIKK-B 控盘箱体突破回踩', 'signal_price': 0.00012291802, 'signal_market_cap_usd': None}, 'wallet': {'wallet_decision_time': '2026-05-04T01:23:21Z', 'wallet_structure_status': 'WALLET_BLOCK', 'wallet_structure_score': 0.0, 'wallet_risk_score': 100.0, 'counterparty_pressure_score': 100.0, 'data_quality_score': 100.0, 'wallet_decision_market_cap_usd': None, 'wallet_reason': '对手盘压力高，接盘/套牢筹码占比偏高；缺失字段：wallet_address, role, game_side, evidence_level；筹码控制状态机：CONTROL_MIGRATING_TO_COUNTERPARTY；筹码控制状态机：COUNTERPARTY_PRESSURE_HIGH'}, 'entry': {'paper_entry_time': '2026-05-04T01:23:21Z', 'entry_price_mode': 'live', 'entry_quote_source': 'okx_market_price', 'entry_raw_quote_price': 0.0001129451696252263, 'entry_simulated_price': 0.0001129451696252263, 'entry_slippage_pct': 3.0, 'entry_fee_sol': 0.0005, 'entry_market_cap_usd': None, 'entry_liquidity_usd': None, 'entry_holder_count': None, 'paper_size_sol': 0.2, 'paper_size_usd': 0.0, 'estimated_token_amount': 1770.77072586}}"
paper-3XwDQHMKcner1GhXRqLKojrWWwNdMaruQs7g7riDpump-2026-05-04T01:23:21Z,3XwDQHMKcner1GhXRqLKojrWWwNdMaruQs7g7riDpump,Trollpface,3XwDQHMKcner1GhXRqLKojrWWwNdMaruQs7g7riDpump,Trollpface,CLOSED,2026-05-04T01:23:21Z,2026-05-03 15:16:00 UTC,0.0012486541573164711,0.0012486541573164711,okx_market_price,0.2,0.2,0.0,160.17245354,,,2026-05-03 15:16:00 UTC,S4_强确认信号,SIKK-B 控盘箱体突破回踩,,2026-05-04T01:23:21Z,WALLET_BLOCK,0.0,100.0,24.0,100.0,,,,,,,,UNKNOWN_ENTRY,,,,,,,,,,,-72.0134,命中纸面止损,100.0,0.00037844466912,"[{'触发收益率': 50, '卖出比例': 25, '说明': '+50% 卖出 25%，回收部分风险'}, {'触发收益率': 100, '卖出比例': 25, '说明': '+100% 再卖出 25%'}, {'触发收益率': 200, '卖出比例': 25, '说明': '+200% 再卖出 25%，剩余跟踪'}]",[],0.0012486541573164711,0.00034945560065248764,0.00034945560065248764,2026-05-04T04:52:01Z,SIKK-B 控盘箱体突破回踩,READY_FOR_CONFIRMATION,纸面持仓，不执行真实 swap。,0.0,-72.0134,0,-54.7368,2026-05-04T04:52:01Z,0.00034945560065248764,EXIT_MONITOR,,,1.0,"发现分发侧钱包 2 个；缺失字段：wallet_address, role, game_side, evidence_level；筹码控制状态机：CONTROL_BREAK_OR_DISTRIBUTION；筹码控制状态机：WALLET_BLOCK；筹码控制状态机：DISTRIBUTION_ACTIVE",E3,live,0.00041673111,0.0012486541573164711,-16.1436,-72.0134,199.6307,"{'buy_slippage_pct': 3.0, 'sell_slippage_pct': 3.0, 'dex_fee_pct': 0.25, 'quote_deviation_buffer_pct': 1.0, 'priority_fee_sol': 0.0005, 'failed_tx_cost_sol': 0.0002}",7.25,钱包结构出现风险，但 多轮 delta 未确认；盘型冲突未确认，默认 EXIT_MONITOR,0.0012486541573164711,0.0012486541573164711,3.0,0.0005,,,gmgn_new_token_filter,0.00041673111,,,"{'candidate': {'candidate_discovered_at': '', 'discovery_price': None, 'discovery_market_cap_usd': None, 'discovery_liquidity_usd': None, 'discovery_holder_count': None, 'discovery_source': 'gmgn_new_token_filter'}, 'signal': {'signal_time': '2026-05-03 15:16:00 UTC', 'signal_level': 'S4_强确认信号', 'signal_type': 'SIKK-B 控盘箱体突破回踩', 'signal_price': 0.00041673111, 'signal_market_cap_usd': None}, 'wallet': {'wallet_decision_time': '2026-05-04T01:23:21Z', 'wallet_structure_status': 'WALLET_BLOCK', 'wallet_structure_score': 0.0, 'wallet_risk_score': 100.0, 'counterparty_pressure_score': 24.0, 'data_quality_score': 100.0, 'wallet_decision_market_cap_usd': None, 'wallet_reason': '发现分发侧钱包 2 个；缺失字段：wallet_address, role, game_side, evidence_level；筹码控制状态机：CONTROL_BREAK_OR_DISTRIBUTION；筹码控制状态机：WALLET_BLOCK；筹码控制状态机：DISTRIBUTION_ACTIVE'}, 'entry': {'paper_entry_time': '2026-05-04T01:23:21Z', 'entry_price_mode': 'live', 'entry_quote_source': 'okx_market_price', 'entry_raw_quote_price': 0.0012486541573164711, 'entry_simulated_price': 0.0012486541573164711, 'entry_slippage_pct': 3.0, 'entry_fee_sol': 0.0005, 'entry_market_cap_usd': None, 'entry_liquidity_usd': None, 'entry_holder_count': None, 'paper_size_sol': 0.2, 'paper_size_usd': 0.0, 'estimated_token_amount': 160.17245354}}"
paper-3XwDQHMKcner1GhXRqLKojrWWwNdMaruQs7g7riDpump-2026-05-04T04:52:01Z,3XwDQHMKcner1GhXRqLKojrWWwNdMaruQs7g7riDpump,Trollpface,3XwDQHMKcner1GhXRqLKojrWWwNdMaruQs7g7riDpump,Trollpface,CLOSED,2026-05-04T04:52:01Z,2026-05-03 15:16:00 UTC,0.0003498614182552731,0.0003498614182552731,okx_market_price,0.2,0.2,0.0,571.65491696,,,2026-05-03 15:16:00 UTC,S4_强确认信号,SIKK-B 控盘箱体突破回踩,,2026-05-04T04:52:01Z,WALLET_BLOCK,0.0,100.0,72.0,100.0,,,,,,,,UNKNOWN_ENTRY,,,,,,,,,,,0.0,命中纸面止损,100.0,0.00037844466912,"[{'触发收益率': 50, '卖出比例': 25, '说明': '+50% 卖出 25%，回收部分风险'}, {'触发收益率': 100, '卖出比例': 25, '说明': '+100% 再卖出 25%'}, {'触发收益率': 200, '卖出比例': 25, '说明': '+200% 再卖出 25%，剩余跟踪'}]",[],0.0003498614182552731,0.0003498614182552731,0.0003498614182552731,2026-05-04T04:52:01Z,SIKK-B 控盘箱体突破回踩,READY_FOR_CONFIRMATION,纸面持仓，不执行真实 swap。,0.0,0.0,,,2026-05-04T04:52:01Z,0.0003498614182552731,,,,1.0,"发现分发侧钱包 2 个；对手盘压力高，接盘/套牢筹码占比偏高；缺失字段：wallet_address, role, game_side, evidence_level；筹码控制状态机：CONTROL_BREAK_OR_DISTRIBUTION；筹码控制状态机：WALLET_BLOCK；筹码控制状态机：DISTRIBUTION_ACTIVE",E3,live,0.00041673111,0.0003498614182552731,-16.0462,0.0,-16.0462,"{'buy_slippage_pct': 3.0, 'sell_slippage_pct': 3.0, 'dex_fee_pct': 0.25, 'quote_deviation_buffer_pct': 1.0, 'priority_fee_sol': 0.0005, 'failed_tx_cost_sol': 0.0002}",7.25,,0.0003498614182552731,0.0003498614182552731,3.0,0.0005,,,gmgn_new_token_filter,0.00041673111,,,"{'candidate': {'candidate_discovered_at': '', 'discovery_price': None, 'discovery_market_cap_usd': None, 'discovery_liquidity_usd': None, 'discovery_holder_count': None, 'discovery_source': 'gmgn_new_token_filter'}, 'signal': {'signal_time': '2026-05-03 15:16:00 UTC', 'signal_level': 'S4_强确认信号', 'signal_type': 'SIKK-B 控盘箱体突破回踩', 'signal_price': 0.00041673111, 'signal_market_cap_usd': None}, 'wallet': {'wallet_decision_time': '2026-05-04T04:52:01Z', 'wallet_structure_status': 'WALLET_BLOCK', 'wallet_structure_score': 0.0, 'wallet_risk_score': 100.0, 'counterparty_pressure_score': 72.0, 'data_quality_score': 100.0, 'wallet_decision_market_cap_usd': None, 'wallet_reason': '发现分发侧钱包 2 个；对手盘压力高，接盘/套牢筹码占比偏高；缺失字段：wallet_address, role, game_side, evidence_level；筹码控制状态机：CONTROL_BREAK_OR_DISTRIBUTION；筹码控制状态机：WALLET_BLOCK；筹码控制状态机：DISTRIBUTION_ACTIVE'}, 'entry': {'paper_entry_time': '2026-05-04T04:52:01Z', 'entry_price_mode': 'live', 'entry_quote_source': 'okx_market_price', 'entry_raw_quote_price': 0.0003498614182552731, 'entry_simulated_price': 0.0003498614182552731, 'entry_slippage_pct': 3.0, 'entry_fee_sol': 0.0005, 'entry_market_cap_usd': None, 'entry_liquidity_usd': None, 'entry_holder_count': None, 'paper_size_sol': 0.2, 'paper_size_usd': 0.0, 'estimated_token_amount': 571.65491696}}"
paper-4nKDbjHsojCGaRezKkifEd3nnJxSNJ6totuXMoxzpump-2026-05-04T01:23:21Z,4nKDbjHsojCGaRezKkifEd3nnJxSNJ6totuXMoxzpump,TROLLBULL,4nKDbjHsojCGaRezKkifEd3nnJxSNJ6totuXMoxzpump,TROLLBULL,CLOSED,2026-05-04T01:23:21Z,2026-05-03 17:16:00 UTC,9.885750790101913e-05,9.885750790101913e-05,okx_market_price,0.2,0.2,0.0,2023.11391665,,,2026-05-03 17:16:00 UTC,S4_强确认信号,SIKK-B 控盘箱体突破回踩,,2026-05-04T01:23:21Z,WALLET_BLOCK,0.0,100.0,64.0,100.0,,,,,,,,UNKNOWN_ENTRY,,,,,,,,,,,-97.3489,命中纸面止损,100.0,9.364354372e-05,"[{'触发收益率': 50, '卖出比例': 25, '说明': '+50% 卖出 25%，回收部分风险'}, {'触发收益率': 100, '卖出比例': 25, '说明': '+100% 再卖出 25%'}, {'触发收益率': 200, '卖出比例': 25, '说明': '+200% 再卖出 25%，剩余跟踪'}]",[],9.885750790101913e-05,2.620829823663462e-06,2.620829823663462e-06,2026-05-04T04:52:48Z,SIKK-B 控盘箱体突破回踩,READY_FOR_CONFIRMATION,纸面持仓，不执行真实 swap。,0.0,-97.3489,0,0.0,2026-05-04T04:52:48Z,2.620829823663462e-06,EXIT_MONITOR,,,1.0,"早期钱包集中清仓，筹码控制权疑似向分发/对手盘转移；发现分发侧钱包 2 个；对手盘压力高，接盘/套牢筹码占比偏高；缺失字段：wallet_address, role, game_side, evidence_level；筹码控制状态机：CONTROL_BREAK_OR_DISTRIBUTION；筹码控制状态机：WALLET_BLOCK；筹码控制状态机：DISTRIBUTION_ACTIVE",E4,live,0.00010056999,9.885750790101913e-05,-97.394,-97.3489,-1.7028,"{'buy_slippage_pct': 3.0, 'sell_slippage_pct': 3.0, 'dex_fee_pct': 0.25, 'quote_deviation_buffer_pct': 1.0, 'priority_fee_sol': 0.0005, 'failed_tx_cost_sol': 0.0002}",7.25,钱包结构出现风险，但 多轮 delta 未确认；盘型冲突未确认；市场确认不足，默认 EXIT_MONITOR,9.885750790101913e-05,9.885750790101913e-05,3.0,0.0005,,,gmgn_new_token_filter,0.00010056999,,,"{'candidate': {'candidate_discovered_at': '', 'discovery_price': None, 'discovery_market_cap_usd': None, 'discovery_liquidity_usd': None, 'discovery_holder_count': None, 'discovery_source': 'gmgn_new_token_filter'}, 'signal': {'signal_time': '2026-05-03 17:16:00 UTC', 'signal_level': 'S4_强确认信号', 'signal_type': 'SIKK-B 控盘箱体突破回踩', 'signal_price': 0.00010056999, 'signal_market_cap_usd': None}, 'wallet': {'wallet_decision_time': '2026-05-04T01:23:21Z', 'wallet_structure_status': 'WALLET_BLOCK', 'wallet_structure_score': 0.0, 'wallet_risk_score': 100.0, 'counterparty_pressure_score': 64.0, 'data_quality_score': 100.0, 'wallet_decision_market_cap_usd': None, 'wallet_reason': '早期钱包集中清仓，筹码控制权疑似向分发/对手盘转移；发现分发侧钱包 2 个；对手盘压力高，接盘/套牢筹码占比偏高；缺失字段：wallet_address, role, game_side, evidence_level；筹码控制状态机：CONTROL_BREAK_OR_DISTRIBUTION；筹码控制状态机：WALLET_BLOCK；筹码控制状态机：DISTRIBUTION_ACTIVE'}, 'entry': {'paper_entry_time': '2026-05-04T01:23:21Z', 'entry_price_mode': 'live', 'entry_quote_source': 'okx_market_price', 'entry_raw_quote_price': 9.885750790101913e-05, 'entry_simulated_price': 9.885750790101913e-05, 'entry_slippage_pct': 3.0, 'entry_fee_sol': 0.0005, 'entry_market_cap_usd': None, 'entry_liquidity_usd': None, 'entry_holder_count': None, 'paper_size_sol': 0.2, 'paper_size_usd': 0.0, 'estimated_token_amount': 2023.11391665}}"
paper-3XwDQHMKcner1GhXRqLKojrWWwNdMaruQs7g7riDpump-2026-05-04T04:52:48Z,3XwDQHMKcner1GhXRqLKojrWWwNdMaruQs7g7riDpump,Trollpface,3XwDQHMKcner1GhXRqLKojrWWwNdMaruQs7g7riDpump,Trollpface,CLOSED,2026-05-04T04:52:48Z,2026-05-03 15:16:00 UTC,0.00035842964540779357,0.00035842964540779357,okx_market_price,0.2,0.2,0.0,557.98955963,,,2026-05-03 15:16:00 UTC,S4_强确认信号,SIKK-B 控盘箱体突破回踩,,2026-05-04T04:52:48Z,WALLET_BLOCK,0.0,100.0,72.0,100.0,,,,,,,,UNKNOWN_ENTRY,,,,,,,,,,,0.0,命中纸面止损,100.0,0.00037844466912,"[{'触发收益率': 50, '卖出比例': 25, '说明': '+50% 卖出 25%，回收部分风险'}, {'触发收益率': 100, '卖出比例': 25, '说明': '+100% 再卖出 25%'}, {'触发收益率': 200, '卖出比例': 25, '说明': '+200% 再卖出 25%，剩余跟踪'}]",[],0.00035842964540779357,0.00035842964540779357,0.00035842964540779357,2026-05-04T04:52:48Z,SIKK-B 控盘箱体突破回踩,READY_FOR_CONFIRMATION,纸面持仓，不执行真实 swap。,0.0,0.0,,,2026-05-04T04:52:48Z,0.00035842964540779357,,,,1.0,"发现分发侧钱包 2 个；对手盘压力高，接盘/套牢筹码占比偏高；缺失字段：wallet_address, role, game_side, evidence_level；筹码控制状态机：CONTROL_BREAK_OR_DISTRIBUTION；筹码控制状态机：WALLET_BLOCK；筹码控制状态机：DISTRIBUTION_ACTIVE",E3,live,0.00041673111,0.00035842964540779357,-13.9902,0.0,-13.9902,"{'buy_slippage_pct': 3.0, 'sell_slippage_pct': 3.0, 'dex_fee_pct': 0.25, 'quote_deviation_buffer_pct': 1.0, 'priority_fee_sol': 0.0005, 'failed_tx_cost_sol': 0.0002}",7.25,,0.00035842964540779357,0.00035842964540779357,3.0,0.0005,,,gmgn_new_token_filter,0.00041673111,,,"{'candidate': {'candidate_discovered_at': '', 'discovery_price': None, 'discovery_market_cap_usd': None, 'discovery_liquidity_usd': None, 'discovery_holder_count': None, 'discovery_source': 'gmgn_new_token_filter'}, 'signal': {'signal_time': '2026-05-03 15:16:00 UTC', 'signal_level': 'S4_强确认信号', 'signal_type': 'SIKK-B 控盘箱体突破回踩', 'signal_price': 0.00041673111, 'signal_market_cap_usd': None}, 'wallet': {'wallet_decision_time': '2026-05-04T04:52:48Z', 'wallet_structure_status': 'WALLET_BLOCK', 'wallet_structure_score': 0.0, 'wallet_risk_score': 100.0, 'counterparty_pressure_score': 72.0, 'data_quality_score': 100.0, 'wallet_decision_market_cap_usd': None, 'wallet_reason': '发现分发侧钱包 2 个；对手盘压力高，接盘/套牢筹码占比偏高；缺失字段：wallet_address, role, game_side, evidence_level；筹码控制状态机：CONTROL_BREAK_OR_DISTRIBUTION；筹码控制状态机：WALLET_BLOCK；筹码控制状态机：DISTRIBUTION_ACTIVE'}, 'entry': {'paper_entry_time': '2026-05-04T04:52:48Z', 'entry_price_mode': 'live', 'entry_quote_source': 'okx_market_price', 'entry_raw_quote_price': 0.00035842964540779357, 'entry_simulated_price': 0.00035842964540779357, 'entry_slippage_pct': 3.0, 'entry_fee_sol': 0.0005, 'entry_market_cap_usd': None, 'entry_liquidity_usd': None, 'entry_holder_count': None, 'paper_size_sol': 0.2, 'paper_size_usd': 0.0, 'estimated_token_amount': 557.98955963}}"
paper-3XwDQHMKcner1GhXRqLKojrWWwNdMaruQs7g7riDpump-2026-05-04T04:55:43Z,3XwDQHMKcner1GhXRqLKojrWWwNdMaruQs7g7riDpump,Trollpface,3XwDQHMKcner1GhXRqLKojrWWwNdMaruQs7g7riDpump,Trollpface,CLOSED,2026-05-04T04:55:43Z,2026-05-03 15:16:00 UTC,0.0003515506210634372,0.0003515506210634372,okx_market_price,0.2,0.2,0.0,568.90811171,,,2026-05-03 15:16:00 UTC,S4_强确认信号,SIKK-B 控盘箱体突破回踩,,2026-05-04T04:55:43Z,WALLET_BLOCK,0.0,100.0,72.0,100.0,,,,,,,,UNKNOWN_ENTRY,,,,,,,,,,,0.0,命中纸面止损,100.0,0.00037844466912,"[{'触发收益率': 50, '卖出比例': 25, '说明': '+50% 卖出 25%，回收部分风险'}, {'触发收益率': 100, '卖出比例': 25, '说明': '+100% 再卖出 25%'}, {'触发收益率': 200, '卖出比例': 25, '说明': '+200% 再卖出 25%，剩余跟踪'}]",[],0.0003515506210634372,0.0003515506210634372,0.0003515506210634372,2026-05-04T04:55:43Z,SIKK-B 控盘箱体突破回踩,READY_FOR_CONFIRMATION,纸面持仓，不执行真实 swap。,0.0,0.0,,,2026-05-04T04:55:43Z,0.0003515506210634372,,,,1.0,"发现分发侧钱包 2 个；对手盘压力高，接盘/套牢筹码占比偏高；缺失字段：wallet_address, role, game_side, evidence_level；筹码控制状态机：CONTROL_BREAK_OR_DISTRIBUTION；筹码控制状态机：WALLET_BLOCK；筹码控制状态机：DISTRIBUTION_ACTIVE",E3,live,0.00041673111,0.0003515506210634372,-15.6409,0.0,-15.6409,"{'buy_slippage_pct': 3.0, 'sell_slippage_pct': 3.0, 'dex_fee_pct': 0.25, 'quote_deviation_buffer_pct': 1.0, 'priority_fee_sol': 0.0005, 'failed_tx_cost_sol': 0.0002}",7.25,,0.0003515506210634372,0.0003515506210634372,3.0,0.0005,,,gmgn_new_token_filter,0.00041673111,,,"{'candidate': {'candidate_discovered_at': '', 'discovery_price': None, 'discovery_market_cap_usd': None, 'discovery_liquidity_usd': None, 'discovery_holder_count': None, 'discovery_source': 'gmgn_new_token_filter'}, 'signal': {'signal_time': '2026-05-03 15:16:00 UTC', 'signal_level': 'S4_强确认信号', 'signal_type': 'SIKK-B 控盘箱体突破回踩', 'signal_price': 0.00041673111, 'signal_market_cap_usd': None}, 'wallet': {'wallet_decision_time': '2026-05-04T04:55:43Z', 'wallet_structure_status': 'WALLET_BLOCK', 'wallet_structure_score': 0.0, 'wallet_risk_score': 100.0, 'counterparty_pressure_score': 72.0, 'data_quality_score': 100.0, 'wallet_decision_market_cap_usd': None, 'wallet_reason': '发现分发侧钱包 2 个；对手盘压力高，接盘/套牢筹码占比偏高；缺失字段：wallet_address, role, game_side, evidence_level；筹码控制状态机：CONTROL_BREAK_OR_DISTRIBUTION；筹码控制状态机：WALLET_BLOCK；筹码控制状态机：DISTRIBUTION_ACTIVE'}, 'entry': {'paper_entry_time': '2026-05-04T04:55:43Z', 'entry_price_mode': 'live', 'entry_quote_source': 'okx_market_price', 'entry_raw_quote_price': 0.0003515506210634372, 'entry_simulated_price': 0.0003515506210634372, 'entry_slippage_pct': 3.0, 'entry_fee_sol': 0.0005, 'entry_market_cap_usd': None, 'entry_liquidity_usd': None, 'entry_holder_count': None, 'paper_size_sol': 0.2, 'paper_size_usd': 0.0, 'estimated_token_amount': 568.90811171}}"
paper-6Wbs2dcRwMMivXV3TmBP1MmrqJ7SJkN768tC5rG5pump-2026-05-04T04:55:43Z,6Wbs2dcRwMMivXV3TmBP1MmrqJ7SJkN768tC5rG5pump,TRUNC,6Wbs2dcRwMMivXV3TmBP1MmrqJ7SJkN768tC5rG5pump,TRUNC,CLOSED,2026-05-04T04:55:43Z,2026-05-04 04:37:00 UTC,0.0001674124484637937,0.0001674124484637937,okx_market_price,0.054981,0.054981,0.0,328.41643799,,,2026-05-04 04:37:00 UTC,S4_强确认信号,SIKK-B 控盘箱体突破回踩,,2026-05-04T04:55:43Z,WALLET_PAUSE,32.0,64.0,48.0,100.0,,,,,,,,UNKNOWN_ENTRY,,,,,,,,,,,-28.371,命中纸面止损,100.0,0.000126015153496,"[{'触发收益率': 50, '卖出比例': 25, '说明': '+50% 卖出 25%，回收部分风险'}, {'触发收益率': 100, '卖出比例': 25, '说明': '+100% 再卖出 25%'}, {'触发收益率': 200, '卖出比例': 25, '说明': '+200% 再卖出 25%，剩余跟踪'}]",[],0.0001674124484637937,0.000119915881844809,0.000119915881844809,2026-05-04T05:04:35Z,SIKK-B 控盘箱体突破回踩,READY_FOR_CONFIRMATION,纸面持仓，不执行真实 swap。,0.0,-28.371,0,-19.6279,2026-05-04T05:04:35Z,0.000119915881844809,EXIT_MONITOR,,,0.3,"缺失字段：wallet_address, role, game_side, evidence_level；筹码控制状态机：CONTROL_UNCLEAR",E3,live,0.00014592022,0.0001674124484637937,-17.8209,-28.371,14.7288,"{'buy_slippage_pct': 3.0, 'sell_slippage_pct': 3.0, 'dex_fee_pct': 0.25, 'quote_deviation_buffer_pct': 1.0, 'priority_fee_sol': 0.0005, 'failed_tx_cost_sol': 0.0002}",7.25,钱包结构出现风险，但 多轮 delta 未确认；盘型冲突未确认；市场确认不足，默认 EXIT_MONITOR,0.0001674124484637937,0.0001674124484637937,3.0,0.0005,,,gmgn_new_token_filter,0.00014592022,,,"{'candidate': {'candidate_discovered_at': '', 'discovery_price': None, 'discovery_market_cap_usd': None, 'discovery_liquidity_usd': None, 'discovery_holder_count': None, 'discovery_source': 'gmgn_new_token_filter'}, 'signal': {'signal_time': '2026-05-04 04:37:00 UTC', 'signal_level': 'S4_强确认信号', 'signal_type': 'SIKK-B 控盘箱体突破回踩', 'signal_price': 0.00014592022, 'signal_market_cap_usd': None}, 'wallet': {'wallet_decision_time': '2026-05-04T04:55:43Z', 'wallet_structure_status': 'WALLET_PAUSE', 'wallet_structure_score': 32.0, 'wallet_risk_score': 64.0, 'counterparty_pressure_score': 48.0, 'data_quality_score': 100.0, 'wallet_decision_market_cap_usd': None, 'wallet_reason': '缺失字段：wallet_address, role, game_side, evidence_level；筹码控制状态机：CONTROL_UNCLEAR'}, 'entry': {'paper_entry_time': '2026-05-04T04:55:43Z', 'entry_price_mode': 'live', 'entry_quote_source': 'okx_market_price', 'entry_raw_quote_price': 0.0001674124484637937, 'entry_simulated_price': 0.0001674124484637937, 'entry_slippage_pct': 3.0, 'entry_fee_sol': 0.0005, 'entry_market_cap_usd': None, 'entry_liquidity_usd': None, 'entry_holder_count': None, 'paper_size_sol': 0.054981, 'paper_size_usd': 0.0, 'estimated_token_amount': 328.41643799}}"
paper-6Wbs2dcRwMMivXV3TmBP1MmrqJ7SJkN768tC5rG5pump-2026-05-04T05:04:35Z,6Wbs2dcRwMMivXV3TmBP1MmrqJ7SJkN768tC5rG5pump,TRUNC,6Wbs2dcRwMMivXV3TmBP1MmrqJ7SJkN768tC5rG5pump,TRUNC,CLOSED,2026-05-04T05:04:35Z,2026-05-04 04:37:00 UTC,0.00011838614995846019,0.00011838614995846019,okx_market_price,0.18327,0.18327,0.0,1548.06960159,,,2026-05-04 04:37:00 UTC,S4_强确认信号,SIKK-B 控盘箱体突破回踩,,2026-05-04T05:04:35Z,WALLET_BLOCK,0.0,100.0,72.0,100.0,,,,,,,,UNKNOWN_ENTRY,,,,,,,,,,,0.0,命中纸面止损,100.0,0.000126015153496,"[{'触发收益率': 50, '卖出比例': 25, '说明': '+50% 卖出 25%，回收部分风险'}, {'触发收益率': 100, '卖出比例': 25, '说明': '+100% 再卖出 25%'}, {'触发收益率': 200, '卖出比例': 25, '说明': '+200% 再卖出 25%，剩余跟踪'}]",[],0.00011838614995846019,0.00011838614995846019,0.00011838614995846019,2026-05-04T05:04:35Z,SIKK-B 控盘箱体突破回踩,READY_FOR_CONFIRMATION,纸面持仓，不执行真实 swap。,0.0,0.0,,,2026-05-04T05:04:35Z,0.00011838614995846019,,,,1.0,"对手盘压力高，接盘/套牢筹码占比偏高；缺失字段：wallet_address, role, game_side, evidence_level；筹码控制状态机：CONTROL_MIGRATING_TO_COUNTERPARTY；筹码控制状态机：COUNTERPARTY_PRESSURE_HIGH",E3,live,0.00014592022,0.00011838614995846019,-18.8693,0.0,-18.8693,"{'buy_slippage_pct': 3.0, 'sell_slippage_pct': 3.0, 'dex_fee_pct': 0.25, 'quote_deviation_buffer_pct': 1.0, 'priority_fee_sol': 0.0005, 'failed_tx_cost_sol': 0.0002}",7.25,,0.00011838614995846019,0.00011838614995846019,3.0,0.0005,,,gmgn_new_token_filter,0.00014592022,,,"{'candidate': {'candidate_discovered_at': '', 'discovery_price': None, 'discovery_market_cap_usd': None, 'discovery_liquidity_usd': None, 'discovery_holder_count': None, 'discovery_source': 'gmgn_new_token_filter'}, 'signal': {'signal_time': '2026-05-04 04:37:00 UTC', 'signal_level': 'S4_强确认信号', 'signal_type': 'SIKK-B 控盘箱体突破回踩', 'signal_price': 0.00014592022, 'signal_market_cap_usd': None}, 'wallet': {'wallet_decision_time': '2026-05-04T05:04:35Z', 'wallet_structure_status': 'WALLET_BLOCK', 'wallet_structure_score': 0.0, 'wallet_risk_score': 100.0, 'counterparty_pressure_score': 72.0, 'data_quality_score': 100.0, 'wallet_decision_market_cap_usd': None, 'wallet_reason': '对手盘压力高，接盘/套牢筹码占比偏高；缺失字段：wallet_address, role, game_side, evidence_level；筹码控制状态机：CONTROL_MIGRATING_TO_COUNTERPARTY；筹码控制状态机：COUNTERPARTY_PRESSURE_HIGH'}, 'entry': {'paper_entry_time': '2026-05-04T05:04:35Z', 'entry_price_mode': 'live', 'entry_quote_source': 'okx_market_price', 'entry_raw_quote_price': 0.00011838614995846019, 'entry_simulated_price': 0.00011838614995846019, 'entry_slippage_pct': 3.0, 'entry_fee_sol': 0.0005, 'entry_market_cap_usd': None, 'entry_liquidity_usd': None, 'entry_holder_count': None, 'paper_size_sol': 0.18327, 'paper_size_usd': 0.0, 'estimated_token_amount': 1548.06960159}}"
paper-6Wbs2dcRwMMivXV3TmBP1MmrqJ7SJkN768tC5rG5pump-2026-05-04T05:08:48Z,6Wbs2dcRwMMivXV3TmBP1MmrqJ7SJkN768tC5rG5pump,TRUNC,6Wbs2dcRwMMivXV3TmBP1MmrqJ7SJkN768tC5rG5pump,TRUNC,CLOSED,2026-05-04T05:08:48Z,2026-05-04 04:37:00 UTC,0.00011639108458287447,0.00011639108458287447,okx_market_price,0.18327,0.18327,0.0,1574.6051397,,,2026-05-04 04:37:00 UTC,S4_强确认信号,SIKK-B 控盘箱体突破回踩,,2026-05-04T05:08:48Z,WALLET_BLOCK,0.0,100.0,72.0,100.0,,,,,,,,UNKNOWN_ENTRY,,,,,,,,,,,0.0,命中纸面止损,100.0,0.000126015153496,"[{'触发收益率': 50, '卖出比例': 25, '说明': '+50% 卖出 25%，回收部分风险'}, {'触发收益率': 100, '卖出比例': 25, '说明': '+100% 再卖出 25%'}, {'触发收益率': 200, '卖出比例': 25, '说明': '+200% 再卖出 25%，剩余跟踪'}]",[],0.00011639108458287447,0.00011639108458287447,0.00011639108458287447,2026-05-04T05:08:48Z,SIKK-B 控盘箱体突破回踩,READY_FOR_CONFIRMATION,纸面持仓，不执行真实 swap。,0.0,0.0,,,2026-05-04T05:08:48Z,0.00011639108458287447,,,,1.0,"对手盘压力高，接盘/套牢筹码占比偏高；缺失字段：wallet_address, role, game_side, evidence_level；筹码控制状态机：CONTROL_MIGRATING_TO_COUNTERPARTY；筹码控制状态机：COUNTERPARTY_PRESSURE_HIGH",E3,live,0.00014592022,0.00011639108458287447,-20.2365,0.0,-20.2365,"{'buy_slippage_pct': 3.0, 'sell_slippage_pct': 3.0, 'dex_fee_pct': 0.25, 'quote_deviation_buffer_pct': 1.0, 'priority_fee_sol': 0.0005, 'failed_tx_cost_sol': 0.0002}",7.25,,0.00011639108458287447,0.00011639108458287447,3.0,0.0005,,,gmgn_new_token_filter,0.00014592022,,,"{'candidate': {'candidate_discovered_at': '', 'discovery_price': None, 'discovery_market_cap_usd': None, 'discovery_liquidity_usd': None, 'discovery_holder_count': None, 'discovery_source': 'gmgn_new_token_filter'}, 'signal': {'signal_time': '2026-05-04 04:37:00 UTC', 'signal_level': 'S4_强确认信号', 'signal_type': 'SIKK-B 控盘箱体突破回踩', 'signal_price': 0.00014592022, 'signal_market_cap_usd': None}, 'wallet': {'wallet_decision_time': '2026-05-04T05:08:48Z', 'wallet_structure_status': 'WALLET_BLOCK', 'wallet_structure_score': 0.0, 'wallet_risk_score': 100.0, 'counterparty_pressure_score': 72.0, 'data_quality_score': 100.0, 'wallet_decision_market_cap_usd': None, 'wallet_reason': '对手盘压力高，接盘/套牢筹码占比偏高；缺失字段：wallet_address, role, game_side, evidence_level；筹码控制状态机：CONTROL_MIGRATING_TO_COUNTERPARTY；筹码控制状态机：COUNTERPARTY_PRESSURE_HIGH'}, 'entry': {'paper_entry_time': '2026-05-04T05:08:48Z', 'entry_price_mode': 'live', 'entry_quote_source': 'okx_market_price', 'entry_raw_quote_price': 0.00011639108458287447, 'entry_simulated_price': 0.00011639108458287447, 'entry_slippage_pct': 3.0, 'entry_fee_sol': 0.0005, 'entry_market_cap_usd': None, 'entry_liquidity_usd': None, 'entry_holder_count': None, 'paper_size_sol': 0.18327, 'paper_size_usd': 0.0, 'estimated_token_amount': 1574.6051397}}"
paper-GC3T8XboCofhBPs5U48DJgp6cxxMeu1CBZXgB2dopump-2026-05-02T03:19:42Z,,,GC3T8XboCofhBPs5U48DJgp6cxxMeu1CBZXgB2dopump,LITH,CLOSED,,2026-04-28 17:46:00 UTC,,2.1063508e-05,,,0.085319,,,,,,S4_强确认信号,,,,,,,,,,,,,,,,,,,,,,,,,,,-30.0394,命中纸面止损,50.0,1.48914915556e-05,"[{'触发收益率': 50, '卖出比例': 25, '说明': '+50% 卖出 25%，回收部分风险'}, {'触发收益率': 100, '卖出比例': 25, '说明': '+100% 再卖出 25%'}, {'触发收益率': 200, '卖出比例': 25, '说明': '+200% 再卖出 25%，剩余跟踪'}]","[{'触发收益率': 50, '卖出比例': 25, '说明': '+50% 卖出 25%，回收部分风险', '触发时间': '2026-05-02T03:19:42Z', '触发价格': 5.056369341069612e-05}, {'触发收益率': 100, '卖出比例': 25, '说明': '+100% 再卖出 25%', '触发时间': '2026-05-02T03:19:42Z', '触发价格': 5.056369341069612e-05}]",5.056369341069612e-05,1.4736151099829987e-05,1.4736151099829987e-05,2026-05-04T06:31:36Z,SIKK-B 控盘箱体突破回踩,READY_FOR_CONFIRMATION,纸面持仓，不执行真实 swap。,140.0535,-30.0394,2,-26.9545,2026-05-04T06:31:36Z,1.4736151099829987e-05,,,,,,,,,,-30.0394,-30.0394,,,,,,,,,,,,,,,
paper-3XwDQHMKcner1GhXRqLKojrWWwNdMaruQs7g7riDpump-2026-05-04T04:59:46Z,3XwDQHMKcner1GhXRqLKojrWWwNdMaruQs7g7riDpump,Trollpface,3XwDQHMKcner1GhXRqLKojrWWwNdMaruQs7g7riDpump,Trollpface,CLOSED,2026-05-04T04:59:46Z,2026-05-03 15:16:00 UTC,0.0003843698701496132,0.0003843698701496132,okx_market_price,0.2,0.2,0.0,520.33214758,,,2026-05-03 15:16:00 UTC,S4_强确认信号,SIKK-B 控盘箱体突破回踩,,2026-05-04T04:59:46Z,WALLET_BLOCK,0.0,100.0,72.0,100.0,,,,,,,,UNKNOWN_ENTRY,,,,,,,,,,,-23.3578,命中纸面止损,100.0,0.00037844466912,"[{'触发收益率': 50, '卖出比例': 25, '说明': '+50% 卖出 25%，回收部分风险'}, {'触发收益率': 100, '卖出比例': 25, '说明': '+100% 再卖出 25%'}, {'触发收益率': 200, '卖出比例': 25, '说明': '+200% 再卖出 25%，剩余跟踪'}]",[],0.0004021762923016701,0.000294589457784973,0.000294589457784973,2026-05-04T06:31:36Z,SIKK-B 控盘箱体突破回踩,READY_FOR_CONFIRMATION,纸面持仓，不执行真实 swap。,4.6326,-23.3578,0,0.6141,2026-05-04T06:31:36Z,0.000294589457784973,EXIT_MONITOR,,,1.0,"发现分发侧钱包 2 个；对手盘压力高，接盘/套牢筹码占比偏高；缺失字段：wallet_address, role, game_side, evidence_level；筹码控制状态机：CONTROL_BREAK_OR_DISTRIBUTION；筹码控制状态机：WALLET_BLOCK；筹码控制状态机：DISTRIBUTION_ACTIVE",E3,live,0.00041673111,0.0003843698701496132,-29.3095,-23.3578,-7.7655,"{'buy_slippage_pct': 3.0, 'sell_slippage_pct': 3.0, 'dex_fee_pct': 0.25, 'quote_deviation_buffer_pct': 1.0, 'priority_fee_sol': 0.0005, 'failed_tx_cost_sol': 0.0002}",7.25,钱包结构出现风险，但 多轮 delta 未确认；盘型冲突未确认；市场确认不足，默认 EXIT_MONITOR,0.0003843698701496132,0.0003843698701496132,3.0,0.0005,,,gmgn_new_token_filter,0.00041673111,,,"{'candidate': {'candidate_discovered_at': '', 'discovery_price': None, 'discovery_market_cap_usd': None, 'discovery_liquidity_usd': None, 'discovery_holder_count': None, 'discovery_source': 'gmgn_new_token_filter'}, 'signal': {'signal_time': '2026-05-03 15:16:00 UTC', 'signal_level': 'S4_强确认信号', 'signal_type': 'SIKK-B 控盘箱体突破回踩', 'signal_price': 0.00041673111, 'signal_market_cap_usd': None}, 'wallet': {'wallet_decision_time': '2026-05-04T04:59:46Z', 'wallet_structure_status': 'WALLET_BLOCK', 'wallet_structure_score': 0.0, 'wallet_risk_score': 100.0, 'counterparty_pressure_score': 72.0, 'data_quality_score': 100.0, 'wallet_decision_market_cap_usd': None, 'wallet_reason': '发现分发侧钱包 2 个；对手盘压力高，接盘/套牢筹码占比偏高；缺失字段：wallet_address, role, game_side, evidence_level；筹码控制状态机：CONTROL_BREAK_OR_DISTRIBUTION；筹码控制状态机：WALLET_BLOCK；筹码控制状态机：DISTRIBUTION_ACTIVE'}, 'entry': {'paper_entry_time': '2026-05-04T04:59:46Z', 'entry_price_mode': 'live', 'entry_quote_source': 'okx_market_price', 'entry_raw_quote_price': 0.0003843698701496132, 'entry_simulated_price': 0.0003843698701496132, 'entry_slippage_pct': 3.0, 'entry_fee_sol': 0.0005, 'entry_market_cap_usd': None, 'entry_liquidity_usd': None, 'entry_holder_count': None, 'paper_size_sol': 0.2, 'paper_size_usd': 0.0, 'estimated_token_amount': 520.33214758}}"
paper-3XwDQHMKcner1GhXRqLKojrWWwNdMaruQs7g7riDpump-2026-05-04T07:29:02Z,3XwDQHMKcner1GhXRqLKojrWWwNdMaruQs7g7riDpump,Trollpface,3XwDQHMKcner1GhXRqLKojrWWwNdMaruQs7g7riDpump,Trollpface,CLOSED,2026-05-04T07:29:02Z,2026-05-03 15:16:00 UTC,0.00029640969135088076,0.00029640969135088076,okx_market_price,0.2,0.2,0.0,674.74177072,,,2026-05-03 15:16:00 UTC,S4_强确认信号,SIKK-B 控盘箱体突破回踩,,2026-05-04T07:29:02Z,WALLET_BLOCK,0.0,100.0,72.0,100.0,,,,,,,,UNKNOWN_ENTRY,,,,,,,,,,,0.0,命中纸面止损,100.0,0.00037844466912,"[{'触发收益率': 50, '卖出比例': 25, '说明': '+50% 卖出 25%，回收部分风险'}, {'触发收益率': 100, '卖出比例': 25, '说明': '+100% 再卖出 25%'}, {'触发收益率': 200, '卖出比例': 25, '说明': '+200% 再卖出 25%，剩余跟踪'}]",[],0.00029640969135088076,0.00029640969135088076,0.00029640969135088076,2026-05-04T07:29:02Z,SIKK-B 控盘箱体突破回踩,READY_FOR_CONFIRMATION,纸面持仓，不执行真实 swap。,0.0,0.0,,,2026-05-04T07:29:02Z,0.00029640969135088076,,,,1.0,"发现分发侧钱包 2 个；对手盘压力高，接盘/套牢筹码占比偏高；缺失字段：wallet_address, role, game_side, evidence_level；筹码控制状态机：CONTROL_BREAK_OR_DISTRIBUTION；筹码控制状态机：WALLET_BLOCK；筹码控制状态机：DISTRIBUTION_ACTIVE",E3,live,0.00041673111,0.00029640969135088076,-28.8727,0.0,-28.8727,"{'buy_slippage_pct': 3.0, 'sell_slippage_pct': 3.0, 'dex_fee_pct': 0.25, 'quote_deviation_buffer_pct': 1.0, 'priority_fee_sol': 0.0005, 'failed_tx_cost_sol': 0.0002}",7.25,,0.00029640969135088076,0.00029640969135088076,3.0,0.0005,,,gmgn_new_token_filter,0.00041673111,,,"{'candidate': {'candidate_discovered_at': '', 'discovery_price': None, 'discovery_market_cap_usd': None, 'discovery_liquidity_usd': None, 'discovery_holder_count': None, 'discovery_source': 'gmgn_new_token_filter'}, 'signal': {'signal_time': '2026-05-03 15:16:00 UTC', 'signal_level': 'S4_强确认信号', 'signal_type': 'SIKK-B 控盘箱体突破回踩', 'signal_price': 0.00041673111, 'signal_market_cap_usd': None}, 'wallet': {'wallet_decision_time': '2026-05-04T07:29:02Z', 'wallet_structure_status': 'WALLET_BLOCK', 'wallet_structure_score': 0.0, 'wallet_risk_score': 100.0, 'counterparty_pressure_score': 72.0, 'data_quality_score': 100.0, 'wallet_decision_market_cap_usd': None, 'wallet_reason': '发现分发侧钱包 2 个；对手盘压力高，接盘/套牢筹码占比偏高；缺失字段：wallet_address, role, game_side, evidence_level；筹码控制状态机：CONTROL_BREAK_OR_DISTRIBUTION；筹码控制状态机：WALLET_BLOCK；筹码控制状态机：DISTRIBUTION_ACTIVE'}, 'entry': {'paper_entry_time': '2026-05-04T07:29:02Z', 'entry_price_mode': 'live', 'entry_quote_source': 'okx_market_price', 'entry_raw_quote_price': 0.00029640969135088076, 'entry_simulated_price': 0.00029640969135088076, 'entry_slippage_pct': 3.0, 'entry_fee_sol': 0.0005, 'entry_market_cap_usd': None, 'entry_liquidity_usd': None, 'entry_holder_count': None, 'paper_size_sol': 0.2, 'paper_size_usd': 0.0, 'estimated_token_amount': 674.74177072}}"
paper-3XwDQHMKcner1GhXRqLKojrWWwNdMaruQs7g7riDpump-2026-05-04T07:37:58Z,3XwDQHMKcner1GhXRqLKojrWWwNdMaruQs7g7riDpump,Trollpface,3XwDQHMKcner1GhXRqLKojrWWwNdMaruQs7g7riDpump,Trollpface,CLOSED,2026-05-04T07:37:58Z,2026-05-03 15:16:00 UTC,0.00029412051801585236,0.00029412051801585236,okx_market_price,0.2,0.2,0.0,679.99336241,,,2026-05-03 15:16:00 UTC,S4_强确认信号,SIKK-B 控盘箱体突破回踩,,2026-05-04T07:37:58Z,WALLET_BLOCK,0.0,100.0,72.0,100.0,,,,,,,,UNKNOWN_ENTRY,,,,,,,,,,,0.0,命中纸面止损,100.0,0.00037844466912,"[{'触发收益率': 50, '卖出比例': 25, '说明': '+50% 卖出 25%，回收部分风险'}, {'触发收益率': 100, '卖出比例': 25, '说明': '+100% 再卖出 25%'}, {'触发收益率': 200, '卖出比例': 25, '说明': '+200% 再卖出 25%，剩余跟踪'}]",[],0.00029412051801585236,0.00029412051801585236,0.00029412051801585236,2026-05-04T07:37:58Z,SIKK-B 控盘箱体突破回踩,READY_FOR_CONFIRMATION,纸面持仓，不执行真实 swap。,0.0,0.0,,,2026-05-04T07:37:58Z,0.00029412051801585236,,,,1.0,"发现分发侧钱包 2 个；对手盘压力高，接盘/套牢筹码占比偏高；缺失字段：wallet_address, role, game_side, evidence_level；筹码控制状态机：CONTROL_BREAK_OR_DISTRIBUTION；筹码控制状态机：WALLET_BLOCK；筹码控制状态机：DISTRIBUTION_ACTIVE",E3,live,0.00041673111,0.00029412051801585236,-29.422,0.0,-29.422,"{'buy_slippage_pct': 3.0, 'sell_slippage_pct': 3.0, 'dex_fee_pct': 0.25, 'quote_deviation_buffer_pct': 1.0, 'priority_fee_sol': 0.0005, 'failed_tx_cost_sol': 0.0002}",7.25,,0.00029412051801585236,0.00029412051801585236,3.0,0.0005,,,gmgn_new_token_filter,0.00041673111,,,"{'candidate': {'candidate_discovered_at': '', 'discovery_price': None, 'discovery_market_cap_usd': None, 'discovery_liquidity_usd': None, 'discovery_holder_count': None, 'discovery_source': 'gmgn_new_token_filter'}, 'signal': {'signal_time': '2026-05-03 15:16:00 UTC', 'signal_level': 'S4_强确认信号', 'signal_type': 'SIKK-B 控盘箱体突破回踩', 'signal_price': 0.00041673111, 'signal_market_cap_usd': None}, 'wallet': {'wallet_decision_time': '2026-05-04T07:37:58Z', 'wallet_structure_status': 'WALLET_BLOCK', 'wallet_structure_score': 0.0, 'wallet_risk_score': 100.0, 'counterparty_pressure_score': 72.0, 'data_quality_score': 100.0, 'wallet_decision_market_cap_usd': None, 'wallet_reason': '发现分发侧钱包 2 个；对手盘压力高，接盘/套牢筹码占比偏高；缺失字段：wallet_address, role, game_side, evidence_level；筹码控制状态机：CONTROL_BREAK_OR_DISTRIBUTION；筹码控制状态机：WALLET_BLOCK；筹码控制状态机：DISTRIBUTION_ACTIVE'}, 'entry': {'paper_entry_time': '2026-05-04T07:37:58Z', 'entry_price_mode': 'live', 'entry_quote_source': 'okx_market_price', 'entry_raw_quote_price': 0.00029412051801585236, 'entry_simulated_price': 0.00029412051801585236, 'entry_slippage_pct': 3.0, 'entry_fee_sol': 0.0005, 'entry_market_cap_usd': None, 'entry_liquidity_usd': None, 'entry_holder_count': None, 'paper_size_sol': 0.2, 'paper_size_usd': 0.0, 'estimated_token_amount': 679.99336241}}"
paper-FESx6q1owjzTqaysjSkcaJRBKvNAcE6TEwSuaY65pump-2026-05-04T07:37:58Z,FESx6q1owjzTqaysjSkcaJRBKvNAcE6TEwSuaY65pump,trollhouse,FESx6q1owjzTqaysjSkcaJRBKvNAcE6TEwSuaY65pump,trollhouse,CLOSED,2026-05-04T07:37:58Z,2026-05-04 04:46:00 UTC,0.0001369109706960939,0.0001369109706960939,okx_market_price,0.183954,0.183954,0.0,1343.60306603,,,2026-05-04 04:46:00 UTC,S4_强确认信号,SIKK-B 控盘箱体突破回踩,,2026-05-04T07:37:58Z,WALLET_BLOCK,32.0,100.0,100.0,100.0,,,,,,,,UNKNOWN_ENTRY,,,,,,,,,,,-27.8038,命中纸面止损,100.0,0.000105044784892,"[{'触发收益率': 50, '卖出比例': 25, '说明': '+50% 卖出 25%，回收部分风险'}, {'触发收益率': 100, '卖出比例': 25, '说明': '+100% 再卖出 25%'}, {'触发收益率': 200, '卖出比例': 25, '说明': '+200% 再卖出 25%，剩余跟踪'}]",[],0.0001369109706960939,9.884449540751094e-05,9.884449540751094e-05,2026-05-04T07:56:08Z,SIKK-B 控盘箱体突破回踩,READY_FOR_CONFIRMATION,纸面持仓，不执行真实 swap。,0.0,-27.8038,0,0.0,2026-05-04T07:56:08Z,9.884449540751094e-05,EXIT_MONITOR,,,1.0,"发现分发侧钱包 3 个；对手盘压力高，接盘/套牢筹码占比偏高；缺失字段：wallet_address, role, game_side, evidence_level；筹码控制状态机：CONTROL_BREAK_OR_DISTRIBUTION；筹码控制状态机：WALLET_BLOCK；筹码控制状态机：DISTRIBUTION_ACTIVE",E4,live,0.00012156605,0.0001369109706960939,-18.6907,-27.8038,12.6227,"{'buy_slippage_pct': 3.0, 'sell_slippage_pct': 3.0, 'dex_fee_pct': 0.25, 'quote_deviation_buffer_pct': 1.0, 'priority_fee_sol': 0.0005, 'failed_tx_cost_sol': 0.0002}",7.25,钱包结构出现风险，但 多轮 delta 未确认；盘型冲突未确认；市场确认不足，默认 EXIT_MONITOR,0.0001369109706960939,0.0001369109706960939,3.0,0.0005,,,gmgn_new_token_filter,0.00012156605,,,"{'candidate': {'candidate_discovered_at': '', 'discovery_price': None, 'discovery_market_cap_usd': None, 'discovery_liquidity_usd': None, 'discovery_holder_count': None, 'discovery_source': 'gmgn_new_token_filter'}, 'signal': {'signal_time': '2026-05-04 04:46:00 UTC', 'signal_level': 'S4_强确认信号', 'signal_type': 'SIKK-B 控盘箱体突破回踩', 'signal_price': 0.00012156605, 'signal_market_cap_usd': None}, 'wallet': {'wallet_decision_time': '2026-05-04T07:37:58Z', 'wallet_structure_status': 'WALLET_BLOCK', 'wallet_structure_score': 32.0, 'wallet_risk_score': 100.0, 'counterparty_pressure_score': 100.0, 'data_quality_score': 100.0, 'wallet_decision_market_cap_usd': None, 'wallet_reason': '发现分发侧钱包 3 个；对手盘压力高，接盘/套牢筹码占比偏高；缺失字段：wallet_address, role, game_side, evidence_level；筹码控制状态机：CONTROL_BREAK_OR_DISTRIBUTION；筹码控制状态机：WALLET_BLOCK；筹码控制状态机：DISTRIBUTION_ACTIVE'}, 'entry': {'paper_entry_time': '2026-05-04T07:37:58Z', 'entry_price_mode': 'live', 'entry_quote_source': 'okx_market_price', 'entry_raw_quote_price': 0.0001369109706960939, 'entry_simulated_price': 0.0001369109706960939, 'entry_slippage_pct': 3.0, 'entry_fee_sol': 0.0005, 'entry_market_cap_usd': None, 'entry_liquidity_usd': None, 'entry_holder_count': None, 'paper_size_sol': 0.183954, 'paper_size_usd': 0.0, 'estimated_token_amount': 1343.60306603}}"
paper-FESx6q1owjzTqaysjSkcaJRBKvNAcE6TEwSuaY65pump-2026-05-04T07:56:08Z,FESx6q1owjzTqaysjSkcaJRBKvNAcE6TEwSuaY65pump,trollhouse,FESx6q1owjzTqaysjSkcaJRBKvNAcE6TEwSuaY65pump,trollhouse,CLOSED,2026-05-04T07:56:08Z,2026-05-04 04:46:00 UTC,9.884449540751094e-05,9.884449540751094e-05,okx_market_price,0.183954,0.183954,0.0,1861.04445414,,,2026-05-04 04:46:00 UTC,S4_强确认信号,SIKK-B 控盘箱体突破回踩,,2026-05-04T07:56:08Z,WALLET_BLOCK,32.0,100.0,100.0,100.0,,,,,,,,UNKNOWN_ENTRY,,,,,,,,,,,0.0,命中纸面止损,100.0,0.000105044784892,"[{'触发收益率': 50, '卖出比例': 25, '说明': '+50% 卖出 25%，回收部分风险'}, {'触发收益率': 100, '卖出比例': 25, '说明': '+100% 再卖出 25%'}, {'触发收益率': 200, '卖出比例': 25, '说明': '+200% 再卖出 25%，剩余跟踪'}]",[],9.884449540751094e-05,9.884449540751094e-05,9.884449540751094e-05,2026-05-04T07:56:08Z,SIKK-B 控盘箱体突破回踩,READY_FOR_CONFIRMATION,纸面持仓，不执行真实 swap。,0.0,0.0,,,2026-05-04T07:56:08Z,9.884449540751094e-05,,,,1.0,"发现分发侧钱包 2 个；对手盘压力高，接盘/套牢筹码占比偏高；缺失字段：wallet_address, role, game_side, evidence_level；筹码控制状态机：CONTROL_BREAK_OR_DISTRIBUTION；筹码控制状态机：WALLET_BLOCK；筹码控制状态机：DISTRIBUTION_ACTIVE",E4,live,0.00012156605,9.884449540751094e-05,-18.6907,0.0,-18.6907,"{'buy_slippage_pct': 3.0, 'sell_slippage_pct': 3.0, 'dex_fee_pct': 0.25, 'quote_deviation_buffer_pct': 1.0, 'priority_fee_sol': 0.0005, 'failed_tx_cost_sol': 0.0002}",7.25,,9.884449540751094e-05,9.884449540751094e-05,3.0,0.0005,,,gmgn_new_token_filter,0.00012156605,,,"{'candidate': {'candidate_discovered_at': '', 'discovery_price': None, 'discovery_market_cap_usd': None, 'discovery_liquidity_usd': None, 'discovery_holder_count': None, 'discovery_source': 'gmgn_new_token_filter'}, 'signal': {'signal_time': '2026-05-04 04:46:00 UTC', 'signal_level': 'S4_强确认信号', 'signal_type': 'SIKK-B 控盘箱体突破回踩', 'signal_price': 0.00012156605, 'signal_market_cap_usd': None}, 'wallet': {'wallet_decision_time': '2026-05-04T07:56:08Z', 'wallet_structure_status': 'WALLET_BLOCK', 'wallet_structure_score': 32.0, 'wallet_risk_score': 100.0, 'counterparty_pressure_score': 100.0, 'data_quality_score': 100.0, 'wallet_decision_market_cap_usd': None, 'wallet_reason': '发现分发侧钱包 2 个；对手盘压力高，接盘/套牢筹码占比偏高；缺失字段：wallet_address, role, game_side, evidence_level；筹码控制状态机：CONTROL_BREAK_OR_DISTRIBUTION；筹码控制状态机：WALLET_BLOCK；筹码控制状态机：DISTRIBUTION_ACTIVE'}, 'entry': {'paper_entry_time': '2026-05-04T07:56:08Z', 'entry_price_mode': 'live', 'entry_quote_source': 'okx_market_price', 'entry_raw_quote_price': 9.884449540751094e-05, 'entry_simulated_price': 9.884449540751094e-05, 'entry_slippage_pct': 3.0, 'entry_fee_sol': 0.0005, 'entry_market_cap_usd': None, 'entry_liquidity_usd': None, 'entry_holder_count': None, 'paper_size_sol': 0.183954, 'paper_size_usd': 0.0, 'estimated_token_amount': 1861.04445414}}"
paper-3XwDQHMKcner1GhXRqLKojrWWwNdMaruQs7g7riDpump-2026-05-04T07:56:08Z,3XwDQHMKcner1GhXRqLKojrWWwNdMaruQs7g7riDpump,Trollpface,3XwDQHMKcner1GhXRqLKojrWWwNdMaruQs7g7riDpump,Trollpface,CLOSED,2026-05-04T07:56:08Z,2026-05-03 15:16:00 UTC,0.00026094746358060997,0.00026094746358060997,okx_market_price,0.2,0.2,0.0,766.43780037,,,2026-05-03 15:16:00 UTC,S4_强确认信号,SIKK-B 控盘箱体突破回踩,,2026-05-04T07:56:08Z,WALLET_BLOCK,0.0,100.0,72.0,100.0,,,,,,,,UNKNOWN_ENTRY,,,,,,,,,,,0.0,命中纸面止损,100.0,0.00037844466912,"[{'触发收益率': 50, '卖出比例': 25, '说明': '+50% 卖出 25%，回收部分风险'}, {'触发收益率': 100, '卖出比例': 25, '说明': '+100% 再卖出 25%'}, {'触发收益率': 200, '卖出比例': 25, '说明': '+200% 再卖出 25%，剩余跟踪'}]",[],0.00026094746358060997,0.00026094746358060997,0.00026094746358060997,2026-05-04T07:56:08Z,SIKK-B 控盘箱体突破回踩,READY_FOR_CONFIRMATION,纸面持仓，不执行真实 swap。,0.0,0.0,,,2026-05-04T07:56:08Z,0.00026094746358060997,,,,1.0,"发现分发侧钱包 2 个；对手盘压力高，接盘/套牢筹码占比偏高；缺失字段：wallet_address, role, game_side, evidence_level；筹码控制状态机：CONTROL_BREAK_OR_DISTRIBUTION；筹码控制状态机：WALLET_BLOCK；筹码控制状态机：DISTRIBUTION_ACTIVE",E3,live,0.00041673111,0.00026094746358060997,-37.3823,0.0,-37.3823,"{'buy_slippage_pct': 3.0, 'sell_slippage_pct': 3.0, 'dex_fee_pct': 0.25, 'quote_deviation_buffer_pct': 1.0, 'priority_fee_sol': 0.0005, 'failed_tx_cost_sol': 0.0002}",7.25,,0.00026094746358060997,0.00026094746358060997,3.0,0.0005,,,gmgn_new_token_filter,0.00041673111,,,"{'candidate': {'candidate_discovered_at': '', 'discovery_price': None, 'discovery_market_cap_usd': None, 'discovery_liquidity_usd': None, 'discovery_holder_count': None, 'discovery_source': 'gmgn_new_token_filter'}, 'signal': {'signal_time': '2026-05-03 15:16:00 UTC', 'signal_level': 'S4_强确认信号', 'signal_type': 'SIKK-B 控盘箱体突破回踩', 'signal_price': 0.00041673111, 'signal_market_cap_usd': None}, 'wallet': {'wallet_decision_time': '2026-05-04T07:56:08Z', 'wallet_structure_status': 'WALLET_BLOCK', 'wallet_structure_score': 0.0, 'wallet_risk_score': 100.0, 'counterparty_pressure_score': 72.0, 'data_quality_score': 100.0, 'wallet_decision_market_cap_usd': None, 'wallet_reason': '发现分发侧钱包 2 个；对手盘压力高，接盘/套牢筹码占比偏高；缺失字段：wallet_address, role, game_side, evidence_level；筹码控制状态机：CONTROL_BREAK_OR_DISTRIBUTION；筹码控制状态机：WALLET_BLOCK；筹码控制状态机：DISTRIBUTION_ACTIVE'}, 'entry': {'paper_entry_time': '2026-05-04T07:56:08Z', 'entry_price_mode': 'live', 'entry_quote_source': 'okx_market_price', 'entry_raw_quote_price': 0.00026094746358060997, 'entry_simulated_price': 0.00026094746358060997, 'entry_slippage_pct': 3.0, 'entry_fee_sol': 0.0005, 'entry_market_cap_usd': None, 'entry_liquidity_usd': None, 'entry_holder_count': None, 'paper_size_sol': 0.2, 'paper_size_usd': 0.0, 'estimated_token_amount': 766.43780037}}"
paper-FESx6q1owjzTqaysjSkcaJRBKvNAcE6TEwSuaY65pump-2026-05-04T08:09:00Z,FESx6q1owjzTqaysjSkcaJRBKvNAcE6TEwSuaY65pump,trollhouse,FESx6q1owjzTqaysjSkcaJRBKvNAcE6TEwSuaY65pump,trollhouse,CLOSED,2026-05-04T08:09:00Z,2026-05-04 04:46:00 UTC,0.00010409835832547276,0.00010409835832547276,okx_market_price,0.183954,0.183954,0.0,1767.11720491,,,2026-05-04 04:46:00 UTC,S4_强确认信号,SIKK-B 控盘箱体突破回踩,,2026-05-04T08:09:00Z,WALLET_BLOCK,32.0,100.0,100.0,100.0,,,,,,,,UNKNOWN_ENTRY,,,,,,,,,,,0.0,命中纸面止损,100.0,0.000105044784892,"[{'触发收益率': 50, '卖出比例': 25, '说明': '+50% 卖出 25%，回收部分风险'}, {'触发收益率': 100, '卖出比例': 25, '说明': '+100% 再卖出 25%'}, {'触发收益率': 200, '卖出比例': 25, '说明': '+200% 再卖出 25%，剩余跟踪'}]",[],0.00010409835832547276,0.00010409835832547276,0.00010409835832547276,2026-05-04T08:09:00Z,SIKK-B 控盘箱体突破回踩,READY_FOR_CONFIRMATION,纸面持仓，不执行真实 swap。,0.0,0.0,,,2026-05-04T08:09:00Z,0.00010409835832547276,,,,1.0,"发现分发侧钱包 2 个；对手盘压力高，接盘/套牢筹码占比偏高；缺失字段：wallet_address, role, game_side, evidence_level；筹码控制状态机：CONTROL_BREAK_OR_DISTRIBUTION；筹码控制状态机：WALLET_BLOCK；筹码控制状态机：DISTRIBUTION_ACTIVE",E4,live,0.00012156605,0.00010409835832547276,-14.3689,0.0,-14.3689,"{'buy_slippage_pct': 3.0, 'sell_slippage_pct': 3.0, 'dex_fee_pct': 0.25, 'quote_deviation_buffer_pct': 1.0, 'priority_fee_sol': 0.0005, 'failed_tx_cost_sol': 0.0002}",7.25,,0.00010409835832547276,0.00010409835832547276,3.0,0.0005,,,gmgn_new_token_filter,0.00012156605,,,"{'candidate': {'candidate_discovered_at': '', 'discovery_price': None, 'discovery_market_cap_usd': None, 'discovery_liquidity_usd': None, 'discovery_holder_count': None, 'discovery_source': 'gmgn_new_token_filter'}, 'signal': {'signal_time': '2026-05-04 04:46:00 UTC', 'signal_level': 'S4_强确认信号', 'signal_type': 'SIKK-B 控盘箱体突破回踩', 'signal_price': 0.00012156605, 'signal_market_cap_usd': None}, 'wallet': {'wallet_decision_time': '2026-05-04T08:09:00Z', 'wallet_structure_status': 'WALLET_BLOCK', 'wallet_structure_score': 32.0, 'wallet_risk_score': 100.0, 'counterparty_pressure_score': 100.0, 'data_quality_score': 100.0, 'wallet_decision_market_cap_usd': None, 'wallet_reason': '发现分发侧钱包 2 个；对手盘压力高，接盘/套牢筹码占比偏高；缺失字段：wallet_address, role, game_side, evidence_level；筹码控制状态机：CONTROL_BREAK_OR_DISTRIBUTION；筹码控制状态机：WALLET_BLOCK；筹码控制状态机：DISTRIBUTION_ACTIVE'}, 'entry': {'paper_entry_time': '2026-05-04T08:09:00Z', 'entry_price_mode': 'live', 'entry_quote_source': 'okx_market_price', 'entry_raw_quote_price': 0.00010409835832547276, 'entry_simulated_price': 0.00010409835832547276, 'entry_slippage_pct': 3.0, 'entry_fee_sol': 0.0005, 'entry_market_cap_usd': None, 'entry_liquidity_usd': None, 'entry_holder_count': None, 'paper_size_sol': 0.183954, 'paper_size_usd': 0.0, 'estimated_token_amount': 1767.11720491}}"
paper-3XwDQHMKcner1GhXRqLKojrWWwNdMaruQs7g7riDpump-2026-05-04T08:09:00Z,3XwDQHMKcner1GhXRqLKojrWWwNdMaruQs7g7riDpump,Trollpface,3XwDQHMKcner1GhXRqLKojrWWwNdMaruQs7g7riDpump,Trollpface,CLOSED,2026-05-04T08:09:00Z,2026-05-03 15:16:00 UTC,0.00020449877237454123,0.00020449877237454123,okx_market_price,0.2,0.2,0.0,978.00098102,,,2026-05-03 15:16:00 UTC,S4_强确认信号,SIKK-B 控盘箱体突破回踩,,2026-05-04T08:09:00Z,WALLET_BLOCK,0.0,100.0,72.0,100.0,,,,,,,,UNKNOWN_ENTRY,,,,,,,,,,,0.0,命中纸面止损,100.0,0.00037844466912,"[{'触发收益率': 50, '卖出比例': 25, '说明': '+50% 卖出 25%，回收部分风险'}, {'触发收益率': 100, '卖出比例': 25, '说明': '+100% 再卖出 25%'}, {'触发收益率': 200, '卖出比例': 25, '说明': '+200% 再卖出 25%，剩余跟踪'}]",[],0.00020449877237454123,0.00020449877237454123,0.00020449877237454123,2026-05-04T08:09:00Z,SIKK-B 控盘箱体突破回踩,READY_FOR_CONFIRMATION,纸面持仓，不执行真实 swap。,0.0,0.0,,,2026-05-04T08:09:00Z,0.00020449877237454123,,,,1.0,"发现分发侧钱包 2 个；对手盘压力高，接盘/套牢筹码占比偏高；缺失字段：wallet_address, role, game_side, evidence_level；筹码控制状态机：CONTROL_BREAK_OR_DISTRIBUTION；筹码控制状态机：WALLET_BLOCK；筹码控制状态机：DISTRIBUTION_ACTIVE",E3,live,0.00041673111,0.00020449877237454123,-50.9279,0.0,-50.9279,"{'buy_slippage_pct': 3.0, 'sell_slippage_pct': 3.0, 'dex_fee_pct': 0.25, 'quote_deviation_buffer_pct': 1.0, 'priority_fee_sol': 0.0005, 'failed_tx_cost_sol': 0.0002}",7.25,,0.00020449877237454123,0.00020449877237454123,3.0,0.0005,,,gmgn_new_token_filter,0.00041673111,,,"{'candidate': {'candidate_discovered_at': '', 'discovery_price': None, 'discovery_market_cap_usd': None, 'discovery_liquidity_usd': None, 'discovery_holder_count': None, 'discovery_source': 'gmgn_new_token_filter'}, 'signal': {'signal_time': '2026-05-03 15:16:00 UTC', 'signal_level': 'S4_强确认信号', 'signal_type': 'SIKK-B 控盘箱体突破回踩', 'signal_price': 0.00041673111, 'signal_market_cap_usd': None}, 'wallet': {'wallet_decision_time': '2026-05-04T08:09:00Z', 'wallet_structure_status': 'WALLET_BLOCK', 'wallet_structure_score': 0.0, 'wallet_risk_score': 100.0, 'counterparty_pressure_score': 72.0, 'data_quality_score': 100.0, 'wallet_decision_market_cap_usd': None, 'wallet_reason': '发现分发侧钱包 2 个；对手盘压力高，接盘/套牢筹码占比偏高；缺失字段：wallet_address, role, game_side, evidence_level；筹码控制状态机：CONTROL_BREAK_OR_DISTRIBUTION；筹码控制状态机：WALLET_BLOCK；筹码控制状态机：DISTRIBUTION_ACTIVE'}, 'entry': {'paper_entry_time': '2026-05-04T08:09:00Z', 'entry_price_mode': 'live', 'entry_quote_source': 'okx_market_price', 'entry_raw_quote_price': 0.00020449877237454123, 'entry_simulated_price': 0.00020449877237454123, 'entry_slippage_pct': 3.0, 'entry_fee_sol': 0.0005, 'entry_market_cap_usd': None, 'entry_liquidity_usd': None, 'entry_holder_count': None, 'paper_size_sol': 0.2, 'paper_size_usd': 0.0, 'estimated_token_amount': 978.00098102}}"
paper-2WMf3Ad3j7SctC3zDttzuM3LXHBf6MHNJXPrkUBHpump-2026-05-04T04:52:01Z,2WMf3Ad3j7SctC3zDttzuM3LXHBf6MHNJXPrkUBHpump,GLOO,2WMf3Ad3j7SctC3zDttzuM3LXHBf6MHNJXPrkUBHpump,GLOO,CLOSED,2026-05-04T04:52:01Z,2026-05-04 03:59:00 UTC,8.41129351584365e-05,8.41129351584365e-05,okx_market_price,0.136975,0.136975,0.0,1628.46534534,,,2026-05-04 03:59:00 UTC,S4_强确认信号,SIKK-B 控盘箱体突破回踩,,2026-05-04T04:52:01Z,WALLET_BLOCK,0.0,100.0,48.0,100.0,,,,,,,,UNKNOWN_ENTRY,,,,,,,,,,,-95.0991,命中纸面止损,50.0,6.5413288008e-05,"[{'触发收益率': 50, '卖出比例': 25, '说明': '+50% 卖出 25%，回收部分风险'}, {'触发收益率': 100, '卖出比例': 25, '说明': '+100% 再卖出 25%'}, {'触发收益率': 200, '卖出比例': 25, '说明': '+200% 再卖出 25%，剩余跟踪'}]","[{'触发收益率': 50, '卖出比例': 25, '说明': '+50% 卖出 25%，回收部分风险', '触发时间': '2026-05-04T06:48:06Z', '触发价格': 0.0002381985805348954}, {'触发收益率': 100, '卖出比例': 25, '说明': '+100% 再卖出 25%', '触发时间': '2026-05-04T06:48:06Z', '触发价格': 0.0002381985805348954}]",0.0002381985805348954,4.122262703181301e-06,4.122262703181301e-06,2026-05-04T09:40:47Z,SIKK-B 控盘箱体突破回踩,READY_FOR_CONFIRMATION,纸面持仓，不执行真实 swap。,183.189,-95.0991,2,143.2434,2026-05-04T09:40:47Z,4.122262703181301e-06,EXIT_MONITOR,,,1.0,"缺失字段：wallet_address, role, game_side, evidence_level；筹码控制状态机：CONTROL_BREAK_OR_DISTRIBUTION；筹码控制状态机：WALLET_BLOCK",E3,live,8.0017695e-05,8.41129351584365e-05,-94.8483,-95.0991,5.1179,"{'buy_slippage_pct': 3.0, 'sell_slippage_pct': 3.0, 'dex_fee_pct': 0.25, 'quote_deviation_buffer_pct': 1.0, 'priority_fee_sol': 0.0005, 'failed_tx_cost_sol': 0.0002}",7.25,钱包结构出现风险，但 多轮 delta 未确认；盘型冲突未确认；市场确认不足，默认 EXIT_MONITOR,8.41129351584365e-05,8.41129351584365e-05,3.0,0.0005,,,gmgn_new_token_filter,8.0017695e-05,,,"{'candidate': {'candidate_discovered_at': '', 'discovery_price': None, 'discovery_market_cap_usd': None, 'discovery_liquidity_usd': None, 'discovery_holder_count': None, 'discovery_source': 'gmgn_new_token_filter'}, 'signal': {'signal_time': '2026-05-04 03:59:00 UTC', 'signal_level': 'S4_强确认信号', 'signal_type': 'SIKK-B 控盘箱体突破回踩', 'signal_price': 8.0017695e-05, 'signal_market_cap_usd': None}, 'wallet': {'wallet_decision_time': '2026-05-04T04:52:01Z', 'wallet_structure_status': 'WALLET_BLOCK', 'wallet_structure_score': 0.0, 'wallet_risk_score': 100.0, 'counterparty_pressure_score': 48.0, 'data_quality_score': 100.0, 'wallet_decision_market_cap_usd': None, 'wallet_reason': '缺失字段：wallet_address, role, game_side, evidence_level；筹码控制状态机：CONTROL_BREAK_OR_DISTRIBUTION；筹码控制状态机：WALLET_BLOCK'}, 'entry': {'paper_entry_time': '2026-05-04T04:52:01Z', 'entry_price_mode': 'live', 'entry_quote_source': 'okx_market_price', 'entry_raw_quote_price': 8.41129351584365e-05, 'entry_simulated_price': 8.41129351584365e-05, 'entry_slippage_pct': 3.0, 'entry_fee_sol': 0.0005, 'entry_market_cap_usd': None, 'entry_liquidity_usd': None, 'entry_holder_count': None, 'paper_size_sol': 0.136975, 'paper_size_usd': 0.0, 'estimated_token_amount': 1628.46534534}}"
paper-5hPBp5VoWRqsuov9NMgQqankb1zUpbnHhe7zPEY4pump-2026-05-04T08:09:00Z,5hPBp5VoWRqsuov9NMgQqankb1zUpbnHhe7zPEY4pump,TrollGoon,5hPBp5VoWRqsuov9NMgQqankb1zUpbnHhe7zPEY4pump,TrollGoon,CLOSED,2026-05-04T08:09:00Z,2026-05-04 07:28:00 UTC,0.00015737456615987354,0.00015737456615987354,okx_market_price,0.2,0.2,0.0,1270.85338426,,,2026-05-04 07:28:00 UTC,S4_强确认信号,SIKK-B 控盘箱体突破回踩,,2026-05-04T08:09:00Z,WALLET_BLOCK,0.0,100.0,100.0,100.0,,,,,,,,UNKNOWN_ENTRY,,,,,,,,,,,-98.5847,命中纸面止损,100.0,5.2525208952e-05,"[{'触发收益率': 50, '卖出比例': 25, '说明': '+50% 卖出 25%，回收部分风险'}, {'触发收益率': 100, '卖出比例': 25, '说明': '+100% 再卖出 25%'}, {'触发收益率': 200, '卖出比例': 25, '说明': '+200% 再卖出 25%，剩余跟踪'}]",[],0.00015737456615987354,2.2273406871449254e-06,2.2273406871449254e-06,2026-05-04T09:40:47Z,SIKK-B 控盘箱体突破回踩,READY_FOR_CONFIRMATION,纸面持仓，不执行真实 swap。,0.0,-98.5847,0,0.0,2026-05-04T09:40:47Z,2.2273406871449254e-06,EXIT_MONITOR,,,1.0,"对手盘压力高，接盘/套牢筹码占比偏高；缺失字段：wallet_address, role, game_side, evidence_level；筹码控制状态机：CONTROL_MIGRATING_TO_COUNTERPARTY；筹码控制状态机：COUNTERPARTY_PRESSURE_HIGH",E3,live,5.9950883e-05,0.00015737456615987354,-96.2847,-98.5847,162.5058,"{'buy_slippage_pct': 3.0, 'sell_slippage_pct': 3.0, 'dex_fee_pct': 0.25, 'quote_deviation_buffer_pct': 1.0, 'priority_fee_sol': 0.0005, 'failed_tx_cost_sol': 0.0002}",7.25,钱包结构出现风险，但 多轮 delta 未确认；盘型冲突未确认；市场确认不足，默认 EXIT_MONITOR,0.00015737456615987354,0.00015737456615987354,3.0,0.0005,,,gmgn_new_token_filter,5.9950883e-05,,,"{'candidate': {'candidate_discovered_at': '', 'discovery_price': None, 'discovery_market_cap_usd': None, 'discovery_liquidity_usd': None, 'discovery_holder_count': None, 'discovery_source': 'gmgn_new_token_filter'}, 'signal': {'signal_time': '2026-05-04 07:28:00 UTC', 'signal_level': 'S4_强确认信号', 'signal_type': 'SIKK-B 控盘箱体突破回踩', 'signal_price': 5.9950883e-05, 'signal_market_cap_usd': None}, 'wallet': {'wallet_decision_time': '2026-05-04T08:09:00Z', 'wallet_structure_status': 'WALLET_BLOCK', 'wallet_structure_score': 0.0, 'wallet_risk_score': 100.0, 'counterparty_pressure_score': 100.0, 'data_quality_score': 100.0, 'wallet_decision_market_cap_usd': None, 'wallet_reason': '对手盘压力高，接盘/套牢筹码占比偏高；缺失字段：wallet_address, role, game_side, evidence_level；筹码控制状态机：CONTROL_MIGRATING_TO_COUNTERPARTY；筹码控制状态机：COUNTERPARTY_PRESSURE_HIGH'}, 'entry': {'paper_entry_time': '2026-05-04T08:09:00Z', 'entry_price_mode': 'live', 'entry_quote_source': 'okx_market_price', 'entry_raw_quote_price': 0.00015737456615987354, 'entry_simulated_price': 0.00015737456615987354, 'entry_slippage_pct': 3.0, 'entry_fee_sol': 0.0005, 'entry_market_cap_usd': None, 'entry_liquidity_usd': None, 'entry_holder_count': None, 'paper_size_sol': 0.2, 'paper_size_usd': 0.0, 'estimated_token_amount': 1270.85338426}}"
paper-ECgweD7xkMj4bm8CcM9rusxKjyQGgdosCvVmhGUupump-2026-05-04T12:40:33Z,ECgweD7xkMj4bm8CcM9rusxKjyQGgdosCvVmhGUupump,TROLLIEN,ECgweD7xkMj4bm8CcM9rusxKjyQGgdosCvVmhGUupump,TROLLIEN,CLOSED,2026-05-04T12:40:33Z,2026-05-04 11:43:00 UTC,8.523260896878352e-05,8.523260896878352e-05,okx_market_price,0.2,0.2,0.0,2346.51974661,,,2026-05-04 11:43:00 UTC,S4_强确认信号,SIKK-B 控盘箱体突破回踩,,2026-05-04T12:40:33Z,WALLET_BLOCK,0.0,100.0,72.0,100.0,,,,,,,,UNKNOWN_ENTRY,,,,,,,,,,,0.0,命中纸面止损,100.0,0.00013546734045600002,"[{'触发收益率': 50, '卖出比例': 25, '说明': '+50% 卖出 25%，回收部分风险'}, {'触发收益率': 100, '卖出比例': 25, '说明': '+100% 再卖出 25%'}, {'触发收益率': 200, '卖出比例': 25, '说明': '+200% 再卖出 25%，剩余跟踪'}]",[],8.523260896878352e-05,8.523260896878352e-05,8.523260896878352e-05,2026-05-04T12:40:33Z,SIKK-B 控盘箱体突破回踩,READY_FOR_CONFIRMATION,纸面持仓，不执行真实 swap。,0.0,0.0,,,2026-05-04T12:40:33Z,8.523260896878352e-05,,,,1.0,"对手盘压力高，接盘/套牢筹码占比偏高；缺失字段：wallet_address, role, game_side, evidence_level；筹码控制状态机：CONTROL_MIGRATING_TO_COUNTERPARTY；筹码控制状态机：COUNTERPARTY_PRESSURE_HIGH",E3,live,0.00015111259,8.523260896878352e-05,-43.5966,0.0,-43.5966,"{'buy_slippage_pct': 3.0, 'sell_slippage_pct': 3.0, 'dex_fee_pct': 0.25, 'quote_deviation_buffer_pct': 1.0, 'priority_fee_sol': 0.0005, 'failed_tx_cost_sol': 0.0002}",7.25,,8.523260896878352e-05,8.523260896878352e-05,3.0,0.0005,,,gmgn_new_token_filter,0.00015111259,,,"{'candidate': {'candidate_discovered_at': '', 'discovery_price': None, 'discovery_market_cap_usd': None, 'discovery_liquidity_usd': None, 'discovery_holder_count': None, 'discovery_source': 'gmgn_new_token_filter'}, 'signal': {'signal_time': '2026-05-04 11:43:00 UTC', 'signal_level': 'S4_强确认信号', 'signal_type': 'SIKK-B 控盘箱体突破回踩', 'signal_price': 0.00015111259, 'signal_market_cap_usd': None}, 'wallet': {'wallet_decision_time': '2026-05-04T12:40:33Z', 'wallet_structure_status': 'WALLET_BLOCK', 'wallet_structure_score': 0.0, 'wallet_risk_score': 100.0, 'counterparty_pressure_score': 72.0, 'data_quality_score': 100.0, 'wallet_decision_market_cap_usd': None, 'wallet_reason': '对手盘压力高，接盘/套牢筹码占比偏高；缺失字段：wallet_address, role, game_side, evidence_level；筹码控制状态机：CONTROL_MIGRATING_TO_COUNTERPARTY；筹码控制状态机：COUNTERPARTY_PRESSURE_HIGH'}, 'entry': {'paper_entry_time': '2026-05-04T12:40:33Z', 'entry_price_mode': 'live', 'entry_quote_source': 'okx_market_price', 'entry_raw_quote_price': 8.523260896878352e-05, 'entry_simulated_price': 8.523260896878352e-05, 'entry_slippage_pct': 3.0, 'entry_fee_sol': 0.0005, 'entry_market_cap_usd': None, 'entry_liquidity_usd': None, 'entry_holder_count': None, 'paper_size_sol': 0.2, 'paper_size_usd': 0.0, 'estimated_token_amount': 2346.51974661}}"
